eu5_modifier,eu5_localization,eu5_category,eu5_type,eu5_format,
absorb_institutions_cost_modifier,Absorb Institutions,country,multiplicative,"percent, good",
accept_subjugation_reasons,Accept Subjugation Reasons,country,,good,
activate_avatar_cost_modifier,Activate Avatar Cost,country,multiplicative,"percent, bad",
add_accepted_culture_cost_modifier,Add Accepted Culture Cost,country,multiplicative,"percent, bad",
add_location_to_international_organization_cost_modifier,Add Location to International Organization Cost,country,multiplicative,"percent, bad",
add_religious_aspect_christian_cost_modifier,Cost of Adding Religious Aspect,country,multiplicative,"percent, bad",
add_religious_aspect_hellenism_cost_modifier,Cost of Adding Religious Aspect,country,multiplicative,"percent, bad",
add_religious_aspect_inti_cost_modifier,Cost of Choosing Worshipping a God,country,multiplicative,"percent, bad",
add_tolerated_culture_cost_modifier,Add Tolerated Culture Cost,country,multiplicative,"percent, bad",
aggressiveness_modifier,Aggressiveness,country,multiplicative,"percent, bad",
aid_colonial_war_cost_modifier,Aid Colonial War Efforts Cost Modifier,country,multiplicative,"percent, bad",
allelengyon_bureaucracy_impact_modifier,Allelengyon Impact,country,multiplicative,"percent, good",
allow_assembly_parliament,Allow Assembly Parliament,country,boolean,good,
allow_autocratic_parliament,Allow Autocratic Parliament,country,boolean,good,
allow_bureaucracy,Allow Bureaucracy,country,boolean,good,
allow_cabinet_assimilate_area,Assimilate Area,country,boolean,good,
allow_cabinet_diplomatic_corps,Diplomatic Corps,country,boolean,good,
allow_cabinet_naval_focus,Maritime Support,country,boolean,good,
allow_cabinet_reduced_paperwork,Reduced Paperwork,country,boolean,good,
allow_cabinet_soldiers_as_workforce,Soldiers as Workforce,country,boolean,good,
allow_conquistadors,Can Recruit Conquistadors,country,boolean,good,
allow_constitutional_parliament,Allow Constitutional Parliament,country,boolean,good,
allow_council_parliament,Allow Council Parliament,country,boolean,good,
allow_diplomacy_force_change_court_language,Force Change Court Language,country,boolean,good,
allow_diplomacy_force_divert_trade,Force Divert Trade,country,boolean,good,
allow_diplomacy_force_embargo,Force Embargo,country,boolean,good,
allow_diplomacy_influence_nation,Influence Country,country,boolean,good,
allow_diplomacy_violate_sovereignty,Violate Sovereignty,country,boolean,good,
allow_estate_parliament,Allow Estate Parliament,"country, estate",boolean,good,
allow_extensive_conscription_cabinet_action,Allows Extensive Conscription,country,boolean,good,
allow_female_cabinet,Allow Females in Cabinet,country,boolean,good,
allow_female_leader,Allow Females to Command,country,boolean,good,
allow_harmony,Enable Harmony,country,boolean,good,
allow_landfriede,Can Enforce Landfriede,country,boolean,good,
allow_male_cabinet,Allow Males in Cabinet,country,boolean,good,
allow_male_leader,Allow Males to Command,country,boolean,good,
allow_mysticism_vs_jurisprudence,Allow Mysticism vs Jurisprudence,country,boolean,good,
allow_native_subjugation_cb,Native Subjugation Casus Belli,country,boolean,good,
allow_open_sea_exploration,Allows Open Sea Exploration,country,boolean,good,
allow_paik_levies,Allow Paik Levies,country,boolean,good,
allow_privateers_slave_raid,Privateers Will Raid for Slaves,country,boolean,good,
allow_rgo_slave_demand,Slaves working with Raw Materials,country,boolean,good,
allow_righteousness,Enable Righteousness,country,boolean,good,
allow_roman_movement,Allow Latin Revival Movement,country,boolean,good,
allow_safe_refuge_cost_modifier,Cost of Allow Safe Refuge Action,country,multiplicative,"percent, bad",
allow_self_control,Enable Self Control,country,boolean,good,
allow_slave_conversion,Allow Conversion of Slaves,country,boolean,good,
allow_smartism_gods,Enable Smartism Gods,country,boolean,good,
allow_subjects,Can Get Subjects,country,boolean,good,
allow_thema_headquarters,Allows Théma Headquarters,country,boolean,good,
allow_tributary_subject,Allow Tributary Subjects,country,boolean,good,
allow_tribute_in_silver,May Demand Silver Tribute,country,boolean,good,
allowed_alliance,Can Sign Alliance,country,boolean,good,
allowed_enforce_peace,Can Enforce Peace,country,boolean,good,
allowed_guarantee,Can Guarantee,country,boolean,good,
allowed_intervene_in_war,Can Intervene in War,country,boolean,good,
allowed_support_rebels,Can Support Rebels,country,boolean,good,
allowed_threaten_war,Can Threaten War,country,boolean,good,
allows_hanseatic_federation_buildings,Allows Hanseatic Federation Buildings,country,boolean,good,
always_allow_army_levies,Army Levies Always Allowed,country,boolean,good,
always_allow_levies,All Levies Always Allowed,country,boolean,good,
always_allow_navy_levies,Navy Levies Always Allowed,country,boolean,good,
amount_looted_modifier,Amount Looted,unit,multiplicative,"percent, good",
annexation_speed_base,Speed of Annexation,country,,good,
annexation_speed_modifier,Speed of Annexation,country,multiplicative,"percent, good",
antagonism_breaking_truce_giving_modifier,Antagonism Given from Breaking Truce Modifier,country,multiplicative,"percent, neutral",
antagonism_culture_influence,Antagonism Culture Influence,country,,"percent, neutral",
antagonism_government_type_influence,Antagonism Government Type Influence,country,,"percent, neutral",
antagonism_language_influence,Antagonism Language Influence,country,,"percent, neutral",
antagonism_monthly_change_modifier,Antagonism Decay,country,multiplicative,good,
antagonism_peace_treaty_demands_giving_modifier,Antagonism Given from Peace Treaty Demands,country,multiplicative,"percent, neutral",
antagonism_received_modifier,Antagonism Received,country,multiplicative,"percent, bad",
antagonism_religion_influence,Antagonism Religion Influence,country,,"percent, neutral",
antagonism_revolution_influence,Antagonism Revolution Influence,country,,"percent, neutral",
antagonism_societal_value_influence,Antagonism Societal Value Influence,country,,"percent, neutral",
antagonism_taking_land_giving_modifier,Antagonism Given from Taking Land Modifier,country,multiplicative,"percent, neutral",
anti_piracy_warfare_modifier,Anti-Piracy Warfare Modifier,unit,multiplicative,"percent, good",
any_pop_can_be_slave,Unrestricted Slavery,country,boolean,good,
appanage_prevented_from_call_to_war,Disallowed from Call Appanage to War,country,boolean,good,
appease_nobles_estate_from_shogun_court_cost_modifier,Cost of Appease the Elites Action,"country, estate",multiplicative,"percent, bad",
appoint_as_heir_price_cost_modifier,Appoint as Heir Cost Modifier,country,multiplicative,"percent, bad",
aqueduct_system_max_level,Aqueduct System Max Level,country,additive,good,
army_artillery_build_cost_modifier,Artillery Build Cost,"country, army",multiplicative,"percent, bad",
army_artillery_maintenance_cost_modifier,Artillery Maintenance Cost,"country, army",multiplicative,"percent, bad",
army_artillery_power,Artillery Power,"unit, army",,"percent, good",
army_artillery_reinforce_cost_modifier,Artillery Reinforcement Cost,"country, army",multiplicative,"percent, bad",
army_auxiliary_build_cost_modifier,Auxiliary Build Cost,"country, army",multiplicative,"percent, bad",
army_auxiliary_maintenance_cost_modifier,Auxiliary Maintenance Cost,"country, army",multiplicative,"percent, bad",
army_auxiliary_power,Auxiliary Power,"unit, army",,"percent, good",
army_auxiliary_reinforce_cost_modifier,Auxiliary Reinforcement Cost,"country, army",multiplicative,"percent, bad",
army_disembark_speed,Army Disembark Speed,"unit, army",,"percent, good",
army_food_gathering,Army Food Gathering,"unit, army",,good,
army_food_gathering_modifier,Army Food Gathering Modifier,"unit, army",multiplicative,"percent, good",
army_heavy_cavalry_build_cost_modifier,Heavy Cavalry Build Cost,"country, army",multiplicative,"percent, bad",
army_heavy_cavalry_maintenance_cost_modifier,Heavy Cavalry Maintenance Cost,"country, army",multiplicative,"percent, bad",
army_heavy_cavalry_power,Heavy Cavalry Power,"unit, army",,"percent, good",
army_heavy_cavalry_reinforce_cost_modifier,Heavy Cavalry Reinforcement Cost,"country, army",multiplicative,"percent, bad",
army_heavy_infantry_build_cost_modifier,Heavy Infantry Build Cost,"country, army",multiplicative,"percent, bad",
army_heavy_infantry_maintenance_cost_modifier,Heavy Infantry Maintenance Cost,"country, army",multiplicative,"percent, bad",
army_heavy_infantry_power,Heavy Infantry Power,"unit, army",,"percent, good",
army_heavy_infantry_reinforce_cost_modifier,Heavy Infantry Reinforcement Cost,"country, army",multiplicative,"percent, bad",
army_initiative,Army Initiative,"unit, army",,"percent, good",
army_light_cavalry_build_cost_modifier,Light Cavalry Build Cost,"country, army",multiplicative,"percent, bad",
army_light_cavalry_maintenance_cost_modifier,Light Cavalry Maintenance Cost,"country, army",multiplicative,"percent, bad",
army_light_cavalry_power,Light Cavalry Power,"unit, army",,"percent, good",
army_light_cavalry_reinforce_cost_modifier,Light Cavalry Reinforcement Cost,"country, army",multiplicative,"percent, bad",
army_light_infantry_build_cost_modifier,Light Infantry Build Cost,"country, army",multiplicative,"percent, bad",
army_light_infantry_maintenance_cost_modifier,Light Infantry Maintenance Cost,"country, army",multiplicative,"percent, bad",
army_light_infantry_power,Light Infantry Power,"unit, army",,"percent, good",
army_light_infantry_reinforce_cost_modifier,Light Infantry Reinforcement Cost,"country, army",multiplicative,"percent, bad",
army_logistics_distance,Logistics Distance,"unit, army",,good,
army_logistics_distance_modifier,Logistics Distance,"unit, army",multiplicative,"percent, good",
army_losses_in_war_cost_modifier,Cost of Army Losses in Battle,"country, army",multiplicative,"percent, bad",
army_maintenance_efficiency,Army Maintenance Efficiency,"unit, army",,"percent, good",
army_movement_speed,Army Movement Speed,"unit, army",,"percent, good",
army_reinforce_cost,Army Reinforcement Cost,"unit, army",,"percent, bad",
army_tradition_decay,Army Tradition Decay,"country, army",,"percent, bad",
army_tradition_from_battle,Army Tradition from Battles,"country, army",,"percent, good",
army_weight_modifier,Army Weight,"unit, army",multiplicative,"percent, bad",
artillery_bonus_vs_fort,Artillery Bonus vs Fort,country,,good,
artist_salary_modifier,Artist Salary,country,multiplicative,"percent, bad",
assault_ability,Assault Ability,unit,,"percent, good",
assign_despot_price_cost_modifier,Assign as Despótēs Price Cost Modifier,country,multiplicative,"percent, bad",
atoll_proximity_impact,Atoll Proximity Impact,country,,"percent, bad",
attract_condottieri_price_cost_modifier,Attract Condottieri Cost,country,multiplicative,"percent, bad",
auto_conquer_at_war,Auto Conquer when at War,country,boolean,good,
auto_conquer_different_religion_at_war,Auto Conquer Religious Enemies,country,boolean,good,
auto_slave_raid,Raid Enemies for Slaves,country,boolean,good,
auto_slave_raid_different_religion,Raid Religious Enemies for Slaves,country,boolean,good,
bank_interest,Bank Interest,country,,"percent, bad",
baptize_ruler_from_kirishitan_cost_modifier,Cost of Baptize Ruler Action,country,multiplicative,"percent, bad",
become_shogun_from_imperial_court_cost_modifier,Cost of Becoming Shogun from the Imperial Court,country,multiplicative,"percent, good",
blame_the_minorities_cost_modifier,Find the Culprits Cost,country,multiplicative,"percent, bad",
blind_character_price_cost_modifier,Blind Price Cost Modifier,country,multiplicative,"percent, bad",
block_female_cabinet,Block Females from Cabinet,country,boolean,bad,
block_female_leader,Block Females from Command,country,boolean,bad,
block_male_cabinet,Block Males from Cabinet,country,boolean,bad,
block_male_leader,Block Males from Command,country,boolean,bad,
block_tribal_promotion,Block Tribesmen Promotion,country,boolean,good,
blockade_efficiency,Blockade Efficiency,unit,,"percent, good",
blocked_from_changing_heir_selection,Blocked from Changing Heir Selection,country,boolean,bad,
blocked_from_conversion,Blocked from Conversion,country,boolean,bad,
blocked_from_creating_subjects,Blocked from Creating Subjects,country,boolean,bad,
blocked_from_declaring_war,Blocked from Declaring War,country,boolean,bad,
blocked_from_forming_countries,Blocked from Forming Countries,country,boolean,bad,
blocked_from_peace,Blocked From Peace,country,boolean,good,
blocks_country_formation,Blocks Country Formation,country,boolean,neutral,
bribe_units_cost_modifier,Bribe Units Cost,country,multiplicative,"percent, bad",
bribe_voter_for_policy_cost_modifier,Cost of Bribing Voters in International Organizations,country,multiplicative,"percent, bad",
build_gravel_road_cost_modifier,Build Gravel Road Cost,country,multiplicative,"percent, bad",
build_hippodrome_price_cost_modifier,Hippodrome Construction Cost Modifier,country,multiplicative,"percent, bad",
build_modern_road_cost_modifier,Build Modern Road Cost,country,multiplicative,"percent, bad",
build_paved_road_cost_modifier,Build Paved Road Cost,country,multiplicative,"percent, bad",
build_railroad_cost_modifier,Build Railroad Cost,country,multiplicative,"percent, bad",
building_missionary_effort_modifier,Monthly Religious Conversion from Buildings,country,multiplicative,"percent, good",
building_upkeep_costs,Building Upkeep Costs,country,,"percent, bad",
burghers_estate_agenda_impact,Agenda Impact for Burghers,"country, estate",,"percent, good",
burghers_estate_levy_size,Burghers Levy Size,"country, estate",,"percent, good",
burghers_estate_max_tax,Maximum Tax for Burgher Estate,"country, estate",,"percent, good",
burghers_estate_min_tax,Minimum Tax for Burgher Estate,"country, estate",,"percent, good",
burghers_estate_satisfaction_decay,Burgher Estate Satisfaction Decay,"country, estate",,"percent, neutral",
burghers_estate_satisfaction_recovery,Burgher Estate Satisfaction Recovery,"country, estate",,"percent, neutral",
burghers_estate_target_satisfaction,Burgher Estate Satisfaction Equilibrium,"country, estate",,"percent, good",
buy_fleet_basing_rights_cost_modifier,Buy Fleet Basing Rights Cost,country,multiplicative,"percent, bad",
buy_military_access_cost_modifier,Buy Military Access Cost,country,multiplicative,"percent, bad",
call_jihad_cost_modifier,Cost of Call Jihād Religious Action,country,multiplicative,"percent, bad",
can_assign_governors,Can Assign Governorship,country,boolean,good,
can_assume_fort_command,Allow Assume Fort Command,country,boolean,good,
can_banish_characters,Can Banish Characters,country,boolean,good,
can_be_member_of_a_high_kingship,Can Be Member of a High Kingship,country,boolean,good,
can_be_target_of_anti_piracy_cb,Can be Target of Anti-Piracy War Casus Belli,country,boolean,bad,
can_build_cities,Can Build Cities,country,boolean,good,
can_build_kurmina_headquarter,Can Build Kurmina Headquarter,country,boolean,good,
can_build_mamluk_barracks,Can Build Mamlūk Barracks,country,boolean,good,
can_call_rural_parliaments,Rural Parliaments,country,boolean,good,
can_colonize,Can Colonize,country,boolean,good,
can_convert_galleys_to_light,Can Convert Galley to Light Ships,country,boolean,good,
can_create_anti_piracy_cb,Can Create Anti-Piracy War Casus Belli,country,boolean,good,
can_create_red_turban_rebellions_cb,Has Red Turban Rebellions Casus Belli,country,boolean,good,
can_execute_characters,Can Execute Characters,country,boolean,good,
can_grant_town_rights,Can Grant Urban Rights,country,boolean,good,
can_have_monasteries,Monasteries Allowed,country,boolean,good,
can_hire_privateers,Can Hire Privateers,country,boolean,good,
can_host_olympiads,Can Host Olympiads,country,boolean,good,
can_ignore_papal_bulls,Can Ignore Papal Bulls,country,boolean,good,
can_invite_settlers,Can Invite Settlers,country,boolean,good,
can_marry_only_overlord_dynasty_characters,Can Only Marry Overlord Dynasty Members,country,boolean,bad,
can_promote_mamluks,Can Promote Mamālīk,country,boolean,good,
can_reassign_cleric,Can Reassign Cleric,country,boolean,good,
can_recruit_explorer,Can Recruit Explorers,country,boolean,good,
can_revoke_electorship,Can Revoke Electorship,country,boolean,good,
can_send_royal_inspectors,Can Send Secret Royal Inspectors,country,boolean,good,
can_use_aclla_distribution,Can use Aclla Marriage,country,boolean,good,
can_use_council_of_three_lands_modifier,Allows Council of Three Lands,country,boolean,good,
can_use_nustas_marriages,Can use Ñusta Marriage,country,boolean,good,
cannot_be_subjugated,Cannot be Subjugated,country,boolean,good,
cannot_move_capital,Cannot Move Capital,country,boolean,neutral,
canonize_cost_modifier,Canonize Cost,country,multiplicative,"percent, bad",
capital_movement_cost_modifier,Move Capital Cost,country,multiplicative,"percent, bad",
capital_possible_town_rights,Possible Urban Rights,country,,good,
cardinal_price_cost_modifier,Cardinal Price,country,multiplicative,"percent, bad",
care_about_producing_heirs,Royal Marriages,country,boolean,good,
carefulness_modifier,Carefulness,country,multiplicative,"percent, good",
castrate_character_price_cost_modifier,Castrate Price Cost Modifier,country,multiplicative,"percent, bad",
casus_belli_creation_speed,Casus Belli Creation Speed,country,,"raw percent, good",
casus_belli_creation_speed_modifier,Casus Belli Creation Speed,country,multiplicative,"percent, good",
catholic_country_interaction_cost_modifier,Catholic Diplomatic Interaction Cost Modifier,country,multiplicative,"percent, bad",
chancery_cap_level,Chancery Max Level,country,,good,
change_court_language_cost_modifier,Change Court Language Cost,country,multiplicative,"percent, bad",
change_curia_vote_cost_modifier,Change Curia Vote Cost,country,multiplicative,"percent, bad",
change_employment_system_cost_modifier,Choose Employment System Cost,country,multiplicative,"percent, bad",
change_government_type_price_cost_modifier,Change Government Type Price Modifier,country,multiplicative,"percent, bad",
change_heir_selection_cost_modifier,Change Heir Selection Cost,country,multiplicative,"percent, bad",
change_liturgical_language_cost_modifier,Change Liturgical Language Cost,country,multiplicative,"percent, bad",
change_main_school_cost_modifier,Cost of Change Main School Religious Action,country,multiplicative,"percent, bad",
change_organization_parliament_type_cost_modifier,Cost of Changing Organization Parliament Type,country,multiplicative,"percent, bad",
change_parliament_type_cost_modifier,Cost of Changing Parliament Type,country,multiplicative,"percent, bad",
change_policy_cost_modifier,Change Policy Cost,country,multiplicative,"percent, bad",
change_primary_culture_cost_modifier,Change Primary Culture Cost,country,multiplicative,"percent, bad",
change_religious_aspect_hellenism_cost_modifier,Cost of Changing Religious Aspect,country,multiplicative,"percent, bad",
change_religious_aspect_inti_cost_modifier,Cost of Choosing Worshipping a God,country,multiplicative,"percent, bad",
character_on_task_modifier,On a Task,country,boolean,neutral,
christian_tenet_price_cost_modifier,Christian Tenet Cost,country,multiplicative,"percent, bad",
city_upgrade_cost_modifier,City Rights Cost,country,multiplicative,"percent, bad",
claim_shugo_office_cost_modifier,Claim Shugo Office Cost,country,multiplicative,"percent, bad",
cleansing_ritual_purity_cost_modifier,Cost of Cleansing Ritual Religious Action,country,multiplicative,"percent, bad",
cleansing_ritual_yanantin_cost_modifier,Cost of Celebrate a Ritual Religious Action,country,multiplicative,"percent, bad",
clergy_estate_agenda_impact,Agenda Impact for Clergy,"country, estate",,"percent, good",
clergy_estate_levy_size,Clergy Levy Size,"country, estate",,"percent, good",
clergy_estate_max_tax,Maximum Tax for Clergy Estate,"country, estate",,"percent, good",
clergy_estate_min_tax,Minimum Tax for Clergy Estate,"country, estate",,"percent, good",
clergy_estate_satisfaction_decay,Clergy Estate Satisfaction Decay,"country, estate",,"percent, neutral",
clergy_estate_satisfaction_recovery,Clergy Estate Satisfaction Recovery,"country, estate",,"percent, neutral",
clergy_estate_target_satisfaction,Clergy Estate Satisfaction Equilibrium,"country, estate",,"percent, good",
close_the_borders_cost_modifier,Isolate the Country Cost,country,multiplicative,"percent, bad",
coalition_strength_tolerance,Coalition Strength Tolerance,country,,good,
coastal_ocean_proximity_impact,Coastal ocean Proximity Impact,country,,"percent, bad",
colonial_maintenance_cost,Colonial Maintenance,country,,"percent, bad",
colonial_migration_size,Monthly Colonial Migration,country,,good,
colonial_migration_size_modifier,Monthly Colonial Migration,country,multiplicative,"percent, good",
colonial_range,Colonial Range,country,,good,
colonial_range_modifier,Colonial Range,country,multiplicative,"percent, good",
combat_speed_modifier,Combat Speed,unit,multiplicative,"percent, good",
combined_arms_max_threshold,Combined Arms Threshold,unit,,"percent, good",
combined_arms_min_percent_for_bonus,Combined Arms Requirement,unit,,"percent, bad",
combined_bonus_per_type,Combined Arms Bonus,unit,,"percent, good",
commission_art_price_cost_modifier,Commission Art Cost Modifier,country,multiplicative,"percent, bad",
commission_religious_images_cost_modifier,Commission Religious Images Cost,country,multiplicative,bad,
complacent_decline_actions_price_cost_modifier,Complacent Decline Actions Cost,country,multiplicative,"percent, good",
compose_strategikon_price_cost_modifier,Compose Stratēgikòn Price Cost Modifier,country,multiplicative,"percent, bad",
conduct_keju_examination_cost_modifier,Conduct Kējǔ Examination Cost,country,multiplicative,"percent, bad",
construction_center_max_level,Construction Center Max Level,country,additive,good,
contact_patriarch_of_constantinople_cost_modifier,Contact Patriarch of Constantinople Cost Modifier,country,multiplicative,"percent, bad",
control_importance_modifier,Control Importance Modifier,country,multiplicative,good,
control_the_bhres_price_cost_modifier,Control the Bhres Cost,country,multiplicative,"percent, bad",
control_the_food_market_cost_modifier,Control the Food Market Cost,country,multiplicative,"percent, bad",
convert_religion_cost_modifier,Convert Religion Cost,country,multiplicative,"percent, bad",
correct_box_chance,Correct Section Chance,unit,,"percent, good",
corrupt_officials_monthly_cost_cost_modifier,Corrupt Officials Monthly Cost Modifier,country,multiplicative,"percent, bad",
cossacks_estate_agenda_impact,Agenda Impact for Cossacks,"country, estate",,"percent, good",
cossacks_estate_levy_size,Cossacks Levy Size,"country, estate",,"percent, good",
cossacks_estate_max_tax,Maximum Tax for Cossacks,"country, estate",,"percent, good",
cossacks_estate_min_tax,Minimum Tax for Cossacks,"country, estate",,"percent, good",
cossacks_estate_satisfaction_decay,Cossacks Satisfaction Decay,"country, estate",,"percent, neutral",
cossacks_estate_satisfaction_recovery,Cossacks Satisfaction Recovery,"country, estate",,"percent, neutral",
cossacks_estate_target_satisfaction,Cossacks Satisfaction Equilibrium,"country, estate",,"percent, good",
counter_espionage,Counterespionage,country,,"percent, good",
country_allow_canonization,Allow Canonization,country,boolean,good,
country_bans_saffron_shirts,Banned Saffron Shirts,country,boolean,good,
country_cabinet_efficiency,Efficiency of Our Cabinet,country,,"percent, good",
country_can_use_lordship_of_ireland_cb,Can Use Lordship of Ireland Casus Belli,country,boolean,good,
country_celtic_marriage_banned,Celtic Marriage Banned,country,boolean,bad,
country_child_education,Education of Heirs,country,,"percent, good",
country_marriage_banned,Marriage Banned,country,boolean,bad,
coup_attempt_disaster_actions_price_cost_modifier,Coup Attempt Disaster Actions Cost,country,multiplicative,"percent, bad",
court_eunuchs_bureaucracy_impact_modifier,Court Eunuchs Impact,country,multiplicative,"percent, good",
court_language_is_common_language_importance_modifier,Prefers Court Language to be Common Language,country,multiplicative,good,
court_language_is_liturgical_language_importance_modifier,Prefers Court Language to be Liturgical Language,country,multiplicative,good,
court_language_is_market_language_importance_modifier,Prefers Court Language to be Market Language,country,multiplicative,good,
court_spending_cost_modifier,Expected Cost of Court,country,multiplicative,"percent, bad",
crackdown_their_strongholds_cost_modifier,Cost of Crackdown Ikkō-ikki Strongholds Action,country,multiplicative,"percent, bad",
create_autocephalous_patriarchate_cost_modifier,Create Autocephalous Patriarchate Cost,country,multiplicative,"percent, bad",
create_colonial_charter_cost_modifier,Create Colonial Charter Cost,country,multiplicative,"percent, bad",
create_italian_league_price_cost_modifier,Create an Italian League Cost,country,multiplicative,"percent, bad",
create_market_cost_modifier,Create Market Cost,country,multiplicative,"percent, bad",
create_supply_depot_cost_modifier,Create Supply Depot Cost,country,multiplicative,"percent, bad",
crown_estate_agenda_impact,UNUSED DONT USE,"country, estate",,"percent, good",
crown_estate_levy_size,Crown Levy Size,"country, estate",,"percent, good",
crown_estate_max_tax,Maximum Tax for Crown Power,"country, estate",,"percent, good",
crown_estate_min_tax,Minimum Tax for Crown Power,"country, estate",,"percent, good",
crown_estate_satisfaction_decay,Crown Power Satisfaction Decay,"country, estate",,"percent, neutral",
crown_estate_satisfaction_recovery,Crown Power Satisfaction Recovery,"country, estate",,"percent, neutral",
crown_estate_target_satisfaction,Crown Power Satisfaction Equilibrium,"country, estate",,"percent, good",
crown_power_from_population,Crown Power from Population,country,,"percent, good",
cultural_influence,Cultural Influence,country,,good,
cultural_influence_modifier,Cultural Influence %,country,multiplicative,"percent, good",
cultural_tradition,Cultural Tradition,country,,good,
cultural_tradition_modifier,Cultural Tradition %,country,multiplicative,"percent, good",
cultures_capacity,Cultures Capacity,country,,good,
cultures_capacity_modifier,Cultures Capacity,country,multiplicative,"percent, good",
curia_actions_blocked,Curia Actions Blocked,religion,boolean,good,
damage_done_versus_heathens_modifier,Damage Done versus Heathens in Battle,unit,multiplicative,"percent, good",
damage_done_versus_heretics_modifier,Damage Done versus Heretics in Battle,unit,multiplicative,"percent, good",
deactivate_avatar_cost_modifier,Deactivate Avatar Cost,country,multiplicative,"percent, bad",
declaring_war_cost_modifier,Declaring War Cost,country,multiplicative,"percent, bad",
deep_ocean_proximity_impact,Deep ocean Proximity Impact,country,,"percent, bad",
defence_importance_modifier,Defense Importance Modifier,country,multiplicative,good,
demand_church_tax_price_cost_modifier,Cost of Demanding Apostolic Tax,country,multiplicative,"percent, bad",
demand_extra_payment_from_shogun_court_cost_modifier,Cost of Demand Extra Payment Action,country,multiplicative,"percent, bad",
deselect_expensive_child_education_cost_modifier,Stopping Expensive Education,country,multiplicative,"percent, bad",
deselect_orthodox_education_cost_modifier,Stopping Patriarch Education,country,multiplicative,"percent, bad",
destroy_market_cost_modifier,Destroy Market Cost,country,multiplicative,"percent, bad",
dhimmi_estate_agenda_impact,Agenda Impact for Dhimmi,"country, estate",,"percent, good",
dhimmi_estate_levy_size,Ḏimmī Levy Size,"country, estate",,"percent, good",
dhimmi_estate_max_tax,Maximum Tax for Ḏimmī Estate,"country, estate",,"percent, good",
dhimmi_estate_min_tax,Minimum Tax for Ḏimmī Estate,"country, estate",,"percent, good",
dhimmi_estate_satisfaction_decay,Ḏimmī Estate Satisfaction Decay,"country, estate",,"percent, neutral",
dhimmi_estate_satisfaction_recovery,Ḏimmī Estate Satisfaction Recovery,"country, estate",,"percent, neutral",
dhimmi_estate_target_satisfaction,Ḏimmī Estate Satisfaction Equilibrium,"country, estate",,"percent, good",
diplomacy_importance_modifier,Diplomacy Importance Modifier,country,multiplicative,good,
diplomatic_annexation_cost,Diplomatic Annexation Cost,country,,"percent, bad",
diplomatic_capacity,Diplomatic Capacity,country,,good,
diplomatic_capacity_modifier,Diplomatic Capacity,country,multiplicative,"percent, good",
diplomatic_range,Diplomatic Range,country,,good,
diplomatic_range_modifier,Diplomatic Range,country,multiplicative,"percent, good",
diplomatic_reputation,Diplomatic Reputation,country,,good,
diplomatic_spending_cost,Expected Diplomatic Spending,country,,"percent, bad",
diplomatic_upkeep_modifier,Diplomatic Upkeep Modifier,country,multiplicative,"percent, neutral",
disallow_diplomatic_subjugation,Disallow Diplomatic Subjugation,country,boolean,good,
disallow_migration_beyond_borders,Disallow Foreign Migration,country,boolean,good,
disallow_military_subjugation,Disallow Military Subjugation,country,boolean,good,
disallows_female_rulers,Disallows Female Rulers,country,boolean,neutral,
discard_worldly_possessions_cost_modifier,Discard Worldly Possessions Cost,country,multiplicative,"percent, bad",
discipline,Discipline,unit,,"percent, good",
disfavor_sect_cost_modifier,Disfavor Sect Cost,country,multiplicative,bad,
dismiss_privateer_cost_modifier,Cost of Dismissing Privateers,country,multiplicative,"percent, bad",
dismiss_religious_figure_cost_modifier,Dismiss Religious Figure Cost,country,multiplicative,"percent, bad",
dune_wasteland_proximity_impact,Dune Wasteland Proximity Impact,country,,"percent, bad",
election_term_in_months,Months between Elections,country,,neutral,
embrace_institution_cost_modifier,Embrace Institution Cost,country,multiplicative,"percent, bad",
empty_unit_maintenance_cost_modifier,(unused),country,multiplicative,"percent, bad",
enable_black_market_buildings,Allow Black Market Buildings,country,boolean,good,
enable_doom,Doom,country,boolean,bad,
enable_pest_house,Can Build Pest House,country,boolean,good,
enable_pronoia_subject,Allow Prónoia Subjects,country,boolean,good,
enable_taxation,Allows Tax,country,boolean,good,
enables_german_migration,Enables German Migration Events,country,boolean,good,
enemy_army_losses_in_war_cost_modifier,Cost of Enemy Army Losses in Battle,country,multiplicative,"percent, bad",
ennoble_price_cost_modifier,Ennoble Cost Modifier,country,multiplicative,"percent, bad",
enslave_tribals,Enslave Tribesmen,country,boolean,good,
establish_goods_act_cost_modifier,Establish Goods Act Cost Modifier,country,multiplicative,"percent, bad",
establish_treaty_with_kirishitan_cost_modifier,Cost of Establish Kirishitan Treaty Action,country,multiplicative,"percent, bad",
estate_building_destruction_satisfaction_impact,Estate Satisfaction from Destroying Estate Buildings,"country, estate",,"percent, good",
estate_enrichment,Estate Enrichment,"country, estate",,"percent, bad",
estate_power_from_cabinet,Estate Power from Cabinet Position,"country, estate",,"percent, bad",
estate_power_from_command,Estate Power from Commanding Unit,"country, estate",,"percent, bad",
estate_satisfaction_from_building,Estate Satisfaction from New Buildings,"country, estate",,"percent, good",
eunuch_power,Eunuch Power Modifier,country,,"percent, neutral",
examine_our_fortifications_price_cost_modifier,Examine Fortifications Cost Modifier,country,multiplicative,"percent, bad",
excluded_from_imperial_protection,Excluded from Imperial Protection,country,boolean,bad,
excluded_from_paying_imperial_contribution,Excluded from the Imperial Contribution,country,boolean,good,
excluded_from_paying_tithe,Excluded from the Tithe,country,boolean,good,
excommunication_price_cost_modifier,Excommunication Cost Modifier,country,multiplicative,"percent, bad",
exempt_from_tribute_cost_modifier,Exempt from Tribute Cost,country,multiplicative,"percent, bad",
expand_aqueduct_system_cost_modifier,Expand Aqueduct Systems Cost,country,multiplicative,"percent, bad",
expand_rgo_farming_cost_modifier,Expand Farming Cost,country,multiplicative,"percent, bad",
expand_rgo_forestry_cost_modifier,Expand Forestry Cost,country,multiplicative,"percent, bad",
expand_rgo_gathering_cost_modifier,Expand Gathering Cost,country,multiplicative,"percent, bad",
expand_rgo_hunting_cost_modifier,Expand Hunting Cost,country,multiplicative,"percent, bad",
expand_rgo_mining_cost_modifier,Expand Mining Cost,country,multiplicative,"percent, bad",
expected_army_size,Expected Army Size,country,,good,
expected_army_size_modifier,Expected Army Size,country,multiplicative,"percent, good",
expected_navy_size,Expected Navy Size,country,,good,
expected_navy_size_modifier,Expected Navy Size,country,multiplicative,"percent, good",
expected_warscore_modifier,Expected Warscore Modifier,country,multiplicative,good,
expel_tribals,Expel Tribesmen,country,boolean,good,
expensive_estate_building_cost_modifier,Expensive Estate Building Cost,"country, estate",multiplicative,"percent, bad",
experience_decay,Monthly Experience Decay,unit,,"percent, bad",
exploration_maintenance_cost,Exploration Cost,country,,"percent, bad",
exploration_mission_speed,Exploration Monthly Progress,country,,good,
exploration_mission_speed_modifier,Exploration Monthly Progress,country,multiplicative,"percent, good",
exploration_preparation_time_modifier,Exploration Preparation Time Modifier,country,multiplicative,"percent, bad",
export_efficiency,Export Efficiency,country,,"percent, good",
export_impact_on_demand,Export Impact on Demand,country,,"percent, good",
extend_regency_cost_modifier,Cost of Extending Regencies,country,multiplicative,"percent, bad",
fate_of_phoenix_actions_price_cost_modifier,Fate of the Phoenix Actions Cost Modifier,country,multiplicative,"percent, bad",
favor_buddhist_schools_from_religious_sects_cost_modifier,Cost of Favor Buddhism Schools Action,country,multiplicative,"percent, bad",
favor_god_cost_modifier,Favor a God Cost,country,multiplicative,"percent, bad",
favor_kami_worship_from_religious_sects_cost_modifier,Cost of Favor Kami Worship Action,country,multiplicative,"percent, bad",
favoring_buddhism,Allows Sects,country,boolean,good,
female_spouses,Maximum Amount of Female Spouses,country,,good,
flatland_proximity_impact,Flatland Proximity Impact,country,,"percent, bad",
flatland_wasteland_proximity_impact,Flatland Wasteland Proximity Impact,country,,"percent, bad",
food_consumption_modifier,Unit Food Consumption,unit,multiplicative,"percent, bad",
food_purchase_cost,Cost of Purchasing Food,country,,"percent, bad",
forbid_marrying_lowborn,Forbid Marriage with Lowborn,country,boolean,bad,
force_army_maintenance,Army Maintenance Minimum 100%,unit,boolean,bad,
force_convert_created_subjects,Force Convert Subjects on Creation,country,boolean,good,
foreign_export_from_market_cost_modifier,Export Cost from Market for Foreign Traders,country,multiplicative,"percent, good",
fort_limit,Fort Limit,country,,good,
fort_limit_modifier,Fort Limit,country,multiplicative,"percent, good",
fort_maintenance_cost,Fortification Maintenance,country,,"percent, bad",
free_building_cost_modifier,Free Building Cost,country,multiplicative,"percent, bad",
gender_equality,Gender Equality,country,boolean,good,
german_migration_attraction_modifier,German Migration Attraction Modifier,country,multiplicative,"percent, good",
get_claim_from_imperial_court_cost_modifier,Cost of Getting a Claim from the Imperial Court,country,multiplicative,"percent, bad",
get_marriage_from_imperial_court_cost_modifier,Cost of Getting Marriage from the Imperial Court,country,multiplicative,"percent, bad",
give_colony_rebellion_support_cost_modifier,Give Colony Rebellion Support Cost Modifier,country,multiplicative,"percent, bad",
give_colony_representation_cost_modifier,Grant Representation to Colonial Subject Cost Modifier,country,multiplicative,"percent, bad",
global_army_levy_size_modifier,Army Levy Size,country,multiplicative,"percent, good",
global_build_buildings_cost,Buildings Cost,country,,"percent, bad",
global_bureaucracy_entrenchment_speed_modifier,Bureaucracy Entrenchment Speed Modifier,country,multiplicative,"percent, bad",
global_bureaucracy_implementation_cost_modifier,Bureaucracy Implementation Cost Modifier,country,multiplicative,"percent, bad",
global_bureaucracy_maintenance_cost_modifier,Bureaucracy Maintenance Cost Modifier,country,multiplicative,"percent, bad",
global_bureaucracy_removal_cost_modifier,Bureaucracy Removal Cost Modifier,country,multiplicative,"percent, bad",
global_burghers_assimilation_blocked,Assimilation of Burghers Blocked,country,boolean,bad,
global_burghers_city_desired_pop,Possible Burghers in Towns and Cities,country,,good,
global_burghers_city_desired_pop_scaled,"Possible Burghers in Towns and Cities for each 1,000 population",country,scaled,"percent, good",
global_burghers_conversion_blocked,Conversion of Burghers Blocked,country,boolean,bad,
global_burghers_desired_pop,Possible Burghers,country,,good,
global_burghers_desired_pop_scaled,"Possible Burghers for each 1,000 population",country,scaled,"percent, good",
global_burghers_estate_power,Burghers Power,"country, estate",,"percent, bad",
global_burghers_food_consumption,Burghers Food Consumption,country,,"percent, bad",
global_burghers_max_literacy,Max Literacy for Burghers,country,,"raw percent, good",
global_burghers_migration_allowed,Allows Burghers to Migrate,country,boolean,good,
global_burghers_pop_growth,Burghers Growth,country,,"percent, good",
global_burghers_rural_desired_pop,Possible Burghers in Rural Locations,country,,good,
global_burghers_rural_desired_pop_scaled,"Possible Burghers in Rural Locations for each 1,000 population",country,scaled,"percent, good",
global_clergy_assimilation_blocked,Assimilation of Clerics Blocked,country,boolean,bad,
global_clergy_city_desired_pop,Possible Clerics in Towns and Cities,country,,good,
global_clergy_city_desired_pop_scaled,"Possible Clerics in Towns and Cities for each 1,000 population",country,scaled,"percent, good",
global_clergy_conversion_blocked,Conversion of Clerics Blocked,country,boolean,bad,
global_clergy_desired_pop,Possible Clerics,country,,good,
global_clergy_desired_pop_scaled,"Possible Clerics for each 1,000 population",country,scaled,"percent, good",
global_clergy_estate_power,Clergy Power,"country, estate",,"percent, bad",
global_clergy_food_consumption,Clergy Food Consumption,country,,"percent, bad",
global_clergy_max_literacy,Max Literacy for Clergy,country,,"raw percent, good",
global_clergy_migration_allowed,Allows Clerics to Migrate,country,boolean,good,
global_clergy_pop_growth,Clerics Growth,country,,"percent, good",
global_clergy_rural_desired_pop,Possible Clerics in Rural Locations,country,,good,
global_clergy_rural_desired_pop_scaled,"Possible Clerics in Rural Locations for each 1,000 population",country,scaled,"percent, good",
global_construction_speed,Construction Speed,country,,"percent, good",
global_cossacks_estate_power,Cossacks Power,"country, estate",,"percent, bad",
global_crown_estate_power,Crown Power,"country, estate",,"percent, good",
global_defensive,Fort Defense,country,,"percent, good",
global_devastation_recovery,Prosperity Recovery,country,,"percent, good",
global_dhimmi_estate_power,Ḏimmī Power,"country, estate",,"percent, bad",
global_disease_resistance,Disease Resistance,country,,"percent, good",
global_distance_from_capital_speed_propagation,Proximity Speed,country,,"percent, good",
global_estate_max_tax,Maximum Tax,"country, estate",,"percent, good",
global_estate_min_tax,Minimum Tax,"country, estate",,"percent, good",
global_estate_power,Estates Power,"country, estate",,"percent, bad",
global_estate_satisfaction_decay,Estates Satisfaction Decay,"country, estate",,"percent, bad",
global_estate_satisfaction_from_legitimacy,Estates Satisfaction Equilibrium from Legitimacy,"country, estate",,"percent, good",
global_estate_satisfaction_recovery,Estates Satisfaction Recovery,"country, estate",,"percent, neutral",
global_estate_target_satisfaction,Estates Satisfaction Equilibrium,"country, estate",,"percent, good",
global_food_capacity,Food Capacity,country,,good,
global_food_capacity_modifier,Food Capacity,country,multiplicative,"percent, good",
global_food_decay,Food Decay,country,,"percent, bad",
global_foreign_build_buildings_cost,Foreign Buildings Cost,country,,"percent, bad",
global_fort_build_buildings_cost,Fort Buildings Cost,country,,"percent, bad",
global_garrison_growth,Garrison Growth,country,,"percent, good",
global_garrison_size_modifier,Garrison Size,country,multiplicative,"percent, good",
global_heathen_pop_conversion_speed_modifier,Heathen Pop Conversion Speed %,country,multiplicative,"percent, good",
global_hellenism_religion_movement_growth_modifier,Global Platonic Revival Movement Growth Modifier,movement,multiplicative,"percent, good",
global_hellenism_religion_movement_resistance_modifier,Global Platonic Revival Movement Resistance Modifier,movement,multiplicative,"percent, good",
global_heretic_pop_conversion_speed_modifier,Heretic Pop Conversion Speed %,country,multiplicative,"percent, good",
global_hostile_attrition,Hostile Attrition,country,,"raw percent, bad",
global_institution_growth_modifier,Institution Growth,country,multiplicative,"percent, good",
global_integration_speed_modifier,Speed of Integration,country,multiplicative,"percent, good",
global_laborers_assimilation_blocked,Assimilation of Laborers Blocked,country,boolean,bad,
global_laborers_city_desired_pop,Possible Laborers in Towns and Cities,country,,good,
global_laborers_city_desired_pop_scaled,"Possible Laborers in Towns and Cities for each 1,000 population",country,scaled,"percent, good",
global_laborers_conversion_blocked,Conversion of Laborers Blocked,country,boolean,bad,
global_laborers_desired_pop,Possible Laborers,country,,good,
global_laborers_desired_pop_scaled,"Possible Laborers for each 1,000 population",country,scaled,"percent, good",
global_laborers_food_consumption,Laborers Food Consumption,country,,"percent, bad",
global_laborers_max_literacy,Max Literacy for Laborers,country,,"raw percent, good",
global_laborers_migration_allowed,Allows Laborers to Migrate,country,boolean,good,
global_laborers_pop_growth,Laborers Growth,country,,"percent, good",
global_laborers_rural_desired_pop,Possible Laborers in Rural Locations,country,,good,
global_laborers_rural_desired_pop_scaled,"Possible Laborers in Rural Locations for each 1,000 population",country,scaled,"percent, good",
global_levy_recruitment_speed_modifier,Levy Recruitment Speed,country,multiplicative,"percent, good",
global_levy_size_modifier,Levy Size,country,multiplicative,"percent, good",
global_life_expectancy,Character Life Expectancy,country,,good,
global_manpower_modifier,Manpower,country,multiplicative,"percent, good",
global_maritime_presence_decay,Maritime Presence Decay,country,,"percent, bad",
global_maritime_presence_modifier,Maritime Presence %,unit,multiplicative,"percent, good",
global_max_bureaucracy_slots,Max Bureaucracy Slots,country,,good,
global_max_control,Max Control,country,,"percent, good",
global_max_literacy,Max Literacy,country,,"raw percent, good",
global_max_rgo_size_modifier,Maximum RGO Size,country,multiplicative,"percent, good",
global_max_rgo_size_modifier_in_non_rural,Maximum RGO Size in Towns & Cities,country,,"percent, good",
global_max_rgo_size_modifier_in_rural,Maximum RGO Size in Rural,country,,"percent, good",
global_max_rural_control,Max Rural Control,country,,"percent, good",
global_max_urban_control,Max Urban Control,country,,"percent, good",
global_may_build_nahuatl_units,May Build Eagle and Jaguar Warriors,country,boolean,good,
global_may_build_paik_units,May Build Paik Units,country,boolean,good,
global_mercenaries_modifier,Mercenary Size,country,multiplicative,"percent, neutral",
global_merchant_capacity_modifier,Trade Capacity,country,multiplicative,"percent, good",
global_merchant_power,Trade Advantage,country,,"percent, good",
global_migration_attraction,Migration Attraction,country,,good,
global_migration_speed,Pop Migration Speed,country,,good,
global_migration_speed_modifier,Pop Migration Speed,country,multiplicative,"percent, good",
global_monthly_art_start_chance,Artist Monthly Start Chance,country,,"percent, good",
global_monthly_control,Monthly Control,country,,"percent, good",
global_monthly_control_decline,Monthly Control Decline,country,,"percent, bad",
global_monthly_development,Monthly Development,country,,good,
global_monthly_food_modifier,Food Production %,country,multiplicative,"percent, good",
global_monthly_literacy,Monthly Literacy,country,,"raw percent, good",
global_monthly_prosperity,Monthly Prosperity,country,,"percent, good",
global_monthly_rural_control,Monthly Rural Control,country,,"percent, good",
global_monthly_urban_control,Monthly Urban Control,country,,"percent, good",
global_navy_levy_size_modifier,Navy Levy Size,country,multiplicative,"percent, good",
global_nobles_assimilation_blocked,Assimilation of Nobles Blocked,country,boolean,bad,
global_nobles_city_desired_pop,Possible Nobles in Towns and Cities,country,,good,
global_nobles_city_desired_pop_scaled,"Possible Nobles in Towns and Cities for each 1,000 population",country,scaled,"percent, good",
global_nobles_conversion_blocked,Conversion of Nobles Blocked,country,boolean,bad,
global_nobles_desired_pop,Possible Nobles,country,,good,
global_nobles_desired_pop_scaled,"Possible Nobles for each 1,000 population",country,scaled,"percent, good",
global_nobles_estate_power,Nobles Power,"country, estate",,"percent, bad",
global_nobles_food_consumption,Nobles Food Consumption,country,,"percent, bad",
global_nobles_max_literacy,Max Literacy for Nobles,country,,"raw percent, good",
global_nobles_migration_allowed,Allows Nobles to Migrate,country,boolean,good,
global_nobles_pop_growth,Nobles Growth,country,,"percent, good",
global_nobles_rural_desired_pop,Possible Nobles in Rural Locations,country,,good,
global_nobles_rural_desired_pop_scaled,"Possible Nobles in Rural Locations for each 1,000 population",country,scaled,"percent, good",
global_non_rural_monthly_development,Monthly Development in Urban Locations,country,,good,
global_non_rural_monthly_prosperity,Monthly Prosperity in Urban Locations,country,,"percent, good",
global_peasant_enfranchisment,Peasant Enfranchisement,country,,"percent, good",
global_peasants_assimilation_blocked,Assimilation of Peasants Blocked,country,boolean,bad,
global_peasants_city_desired_pop,Possible Peasants in Towns and Cities,country,,good,
global_peasants_city_desired_pop_scaled,"Possible Peasants in Towns and Cities for each 1,000 population",country,scaled,"percent, good",
global_peasants_conversion_blocked,Conversion of Peasants Blocked,country,boolean,bad,
global_peasants_desired_pop,Possible Peasants,country,,good,
global_peasants_desired_pop_scaled,"Possible Peasants for each 1,000 population",country,scaled,"percent, good",
global_peasants_estate_power,Peasants Power,"country, estate",,"percent, bad",
global_peasants_food_consumption,Peasants Food Consumption,country,,"percent, bad",
global_peasants_max_literacy,Max Literacy for Peasants,country,,"raw percent, good",
global_peasants_migration_allowed,Allows Peasants to Migrate,country,boolean,good,
global_peasants_pop_growth,Peasants Growth,country,,"percent, good",
global_peasants_rural_desired_pop,Possible Peasants in Rural Locations,country,,good,
global_peasants_rural_desired_pop_scaled,"Possible Peasants in Rural Locations for each 1,000 population",country,scaled,"percent, good",
global_pirate_spawn_chance,Chance for Pirates,country,,"raw percent, bad",
global_pop_assimilation_speed,Pop Assimilation Speed,country,,good,
global_pop_assimilation_speed_modifier,Pop Assimilation Speed,country,multiplicative,"percent, good",
global_pop_conversion_speed,Pop Conversion Speed,country,,good,
global_pop_conversion_speed_modifier,Pop Conversion Speed %,country,multiplicative,"percent, good",
global_pop_demotion_speed,Pop Demotion Speed,country,,bad,
global_pop_demotion_speed_modifier,Pop Demotion Speed,country,multiplicative,"percent, bad",
global_pop_food_consumption,Pop Food Consumption,country,,"percent, bad",
global_pop_promotion_speed,Pop Promotion Speed,country,,good,
global_pop_promotion_speed_modifier,Pop Promotion Speed %,country,multiplicative,"percent, good",
global_population_capacity_modifier,Population Capacity %,country,multiplicative,"percent, good",
global_population_growth,Population Growth,country,,"percent, good",
global_port_build_buildings_cost,Port Buildings Cost,country,,"percent, bad",
global_production_efficiency,Production Efficiency,country,,"percent, good",
global_prosperity_decay,Prosperity Decay,country,,"percent, bad",
global_rgo_build_time,Expanding Raw Materials Time,country,,"percent, bad",
global_road_building_time,Road Building Time,country,,"percent, bad",
global_roman_culture_movement_growth_modifier,Global Latin Revival Movement Growth Modifier,movement,multiplicative,"percent, good",
global_roman_culture_movement_resistance_modifier,Global Latin Revival Movement Resistance Modifier,movement,multiplicative,"percent, good",
global_rural_build_buildings_cost,Rural Buildings Cost,country,,"percent, bad",
global_sailors_modifier,Sailors,country,multiplicative,"percent, good",
global_separatism,Separatism,country,,"percent, bad",
global_slave_pop_satisfaction,Satisfaction of Slaves,country,,"percent, good",
global_slaves_assimilation_blocked,Assimilation of Slaves Blocked,country,boolean,bad,
global_slaves_city_desired_pop,Possible Slaves in Towns and Cities,country,,good,
global_slaves_city_desired_pop_scaled,"Possible Slaves in Towns and Cities for each 1,000 population",country,scaled,"percent, good",
global_slaves_conversion_blocked,Conversion of Slaves Blocked,country,boolean,bad,
global_slaves_desired_pop,Possible Slaves,country,,good,
global_slaves_desired_pop_scaled,"Possible Slaves for each 1,000 population",country,scaled,"percent, good",
global_slaves_food_consumption,Slaves Food Consumption,country,,"percent, bad",
global_slaves_max_literacy,Max Literacy for Slaves,country,,"raw percent, good",
global_slaves_migration_allowed,Allows Slaves to Migrate,country,boolean,good,
global_slaves_pop_growth,Slaves Growth,country,,"percent, good",
global_slaves_rural_desired_pop,Possible Slaves in Rural Locations,country,,good,
global_slaves_rural_desired_pop_scaled,"Possible Slaves in Rural Locations for each 1,000 population",country,scaled,"percent, good",
global_soldiers_assimilation_blocked,Assimilation of Soldiers Blocked,country,boolean,bad,
global_soldiers_city_desired_pop,Possible Soldiers in Towns and Cities,country,,good,
global_soldiers_city_desired_pop_scaled,"Possible Soldiers in Towns and Cities for each 1,000 population",country,scaled,"percent, good",
global_soldiers_conversion_blocked,Conversion of Soldiers Blocked,country,boolean,bad,
global_soldiers_desired_pop,Possible Soldiers,country,,good,
global_soldiers_desired_pop_scaled,"Possible Soldiers for each 1,000 population",country,scaled,"percent, good",
global_soldiers_food_consumption,Soldiers Food Consumption,country,,"percent, bad",
global_soldiers_max_literacy,Max Literacy for Soldiers,country,,"raw percent, good",
global_soldiers_migration_allowed,Allows Soldiers to Migrate,country,boolean,good,
global_soldiers_pop_growth,Soldiers Growth,country,,"percent, good",
global_soldiers_rural_desired_pop,Possible Soldiers in Rural Locations,country,,good,
global_soldiers_rural_desired_pop_scaled,"Possible Soldiers in Rural Locations for each 1,000 population",country,scaled,"percent, good",
global_supply_limit_modifier,Supply Limit,country,multiplicative,"percent, good",
global_trade_center_power,Market Attraction,country,,"percent, good",
global_trade_protection_factor,Market Protection,country,,"percent, good",
global_trade_through_owned_territory_cost_modifier,Trade Range over Owned Land,country,multiplicative,"percent, bad",
global_trades_per_burgher,Burghers Trade Capacity,country,,"percent, good",
global_tribal_promotion,Tribesmen to Peasants,country,,"percent, good",
global_tribes_estate_power,Tribes Power,"country, estate",,"percent, bad",
global_tribesmen_assimilation_blocked,Assimilation of Tribesmen Blocked,country,boolean,bad,
global_tribesmen_city_desired_pop,Possible Tribesmen in Towns and Cities,country,,good,
global_tribesmen_city_desired_pop_scaled,"Possible Tribesmen in Towns and Cities for each 1,000 population",country,scaled,"percent, good",
global_tribesmen_conversion_blocked,Conversion of Tribesmen Blocked,country,boolean,bad,
global_tribesmen_desired_pop,Possible Tribesmen,country,,good,
global_tribesmen_desired_pop_scaled,"Possible Tribesmen for each 1,000 population",country,scaled,"percent, good",
global_tribesmen_food_consumption,Tribesmen Food Consumption,country,,"percent, bad",
global_tribesmen_max_literacy,Max Literacy for Tribesmen,country,,"raw percent, good",
global_tribesmen_migration_allowed,Allows Tribesmen to Migrate,country,boolean,good,
global_tribesmen_pop_growth,Tribesmen Growth,country,,"percent, good",
global_tribesmen_rural_desired_pop,Possible Tribesmen in Rural Locations,country,,good,
global_tribesmen_rural_desired_pop_scaled,"Possible Tribesmen in Rural Locations for each 1,000 population",country,scaled,"percent, good",
global_upper_class_capacity_modifier,Upper-Class Population Capacity,country,multiplicative,"percent, good",
global_urban_build_buildings_cost,Urban Buildings Cost,country,,"percent, bad",
global_war_score_efficiency,War Score Efficiency,country,,"percent, good",
gold_importance_modifier,Gold Importance Modifier,country,multiplicative,good,
government_reform_slots,Possible Government Reforms,country,,good,
government_size,Cabinet Seats,country,,good,
grant_a_triumph_cost_modifier,Grant a Triumph,country,multiplicative,"percent, bad",
grant_cabinet_right_price_cost_modifier,Grant Cabinet Right Cost Modifier,country,multiplicative,"percent, bad",
grant_privilege_cost_modifier,Grant Privilege Cost,country,multiplicative,"percent, bad",
grant_shugo_office_cost_modifier,Grant Shugo Office Cost,country,multiplicative,"percent, bad",
grant_town_rights_cost_modifier,Cost of Granting Urban Rights,country,multiplicative,"percent, bad",
great_power_score,Great Power Score,country,,good,
great_power_score_exempt_from_forfeit,Great Power Score (Exempt from Forfeit),country,,good,
great_power_score_modifier,Great Power Score Modifier,country,multiplicative,"percent, good",
greek_festivals_cost_modifier,Revitalize an Ancient Greek Festival,country,multiplicative,"percent, bad",
hanseatic_member_cost_cost_modifier,Hanseatic Membership Fees,country,multiplicative,"percent, bad",
hanseatic_shipwright_guild_max_level,Hanseatic Shipwright Guild Max Level,country,additive,good,
has_a_parliamentary_system,Has a Parliamentary System,country,boolean,good,
has_appanages_subjects,Has Appanages,country,boolean,good,
has_ashta_pradham_council_policies,Can Enact Ashta Pradham Policy,country,boolean,good,
has_chivalric_order,Has Chivalric Order,country,boolean,good,
has_codified_laws,Can Codify Laws,country,boolean,good,
has_complacency_effects,Complacency Impacts,country,boolean,bad,
has_cultural_maintenance,Can Invest in Culture,country,boolean,good,
has_panaqas,Has Panaqas,country,boolean,bad,
has_road_building,Road-building,country,boolean,good,
has_stability_investment,Can Invest in Stability,country,boolean,good,
has_taluqdar_tax_collection,Has Taluqdar Tax Collection,country,boolean,good,
head_of_cabinet_promotion_cost_modifier,Head of the Cabinet Promotion Cost Modifier,country,multiplicative,"percent, bad",
heir_of_any_religion,Heir of Any Religion,country,boolean,neutral,
heir_of_same_religion,Heir of Same Religion,country,boolean,neutral,
heir_of_same_religion_group,Heir of Same Religion Group,country,boolean,neutral,
hide_from_black_death_cost_modifier,Hide from Black Death Cost,country,multiplicative,"percent, bad",
high_lakes_proximity_impact,High lakes Proximity Impact,country,,"percent, bad",
hills_proximity_impact,Hills Proximity Impact,country,,"percent, bad",
hills_wasteland_proximity_impact,Hills Wasteland Proximity Impact,country,,"percent, bad",
hire_advisor_cost_modifier,Hire Advisor Cost,country,multiplicative,"percent, bad",
hire_artist_cost_modifier,Hire Artist Cost,country,multiplicative,"percent, bad",
hire_mercenary_leader_cost_modifier,Hire Mercenary Leader Cost,country,multiplicative,"percent, bad",
hire_mercenary_premium_cost_modifier,Hire Mercenary Premium Cost,country,multiplicative,"percent, bad",
hire_prisoners_cost_modifier,Hire Prisoners Cost,country,multiplicative,"percent, bad",
hire_privateer_cost_modifier,Cost of Hiring Privateers,country,multiplicative,"percent, bad",
hold_public_kirishitan_mass_cost_modifier,Cost of Hold Public Kirishitan Mass Action,country,multiplicative,"percent, bad",
honorary_titles_bureaucracy_impact_modifier,Honorary Titles Impact,country,multiplicative,"percent, good",
honoring_alliance_call_cost_modifier,Honoring Alliance Call Cost,country,multiplicative,"percent, bad",
horde_unity_hit_at_ruler_death,Horde Unity Change on Ruler Death,country,,good,
host_olympiad_cost_modifier,Host Olympiad Cost Modifier,country,multiplicative,"percent, bad",
hostile_diplomatic_annexation_cost,Hostile Diplomatic Annexation Cost,country,,"percent, bad",
hre_army_building_cost_modifier,Imperial Army Building Cost Modifier,country,multiplicative,"percent, bad",
hussite_wars_actions_price_cost_modifier,Hussite Wars Situation Actions Cost Modifier,country,multiplicative,"percent, bad",
hyw_main_actions_price_cost_modifier,Hundred Years' War Main Actions Cost,country,multiplicative,"percent, bad",
ignore_doom,Ignores Doom,country,boolean,good,
ignore_same_religion_colonial_claim,Ignore Religious Colonial Claims,country,boolean,good,
ignore_zone_of_control,Ignore Zone of Control,country,boolean,good,
imperial_army_contribution_price_cost_modifier,Imperial Army Contribution Cost Modifier,country,multiplicative,"percent, neutral",
imperial_authority_modifier,Imperial Authority Modifier,all,multiplicative,"percent, good",
imperial_contribution_price_cost_modifier,Imperial Contribution Cost Modifier,country,multiplicative,"percent, neutral",
imperial_senate_bureaucracy_impact_modifier,Imperial Senate Impact,country,multiplicative,"percent, good",
imperial_treasury_contribution_price_cost_modifier,Imperial Treasury Contribution Cost Modifier,country,multiplicative,"percent, neutral",
implement_bureaucracy_price_cost_modifier,Implement Bureaucracy Price Modifier,country,multiplicative,"percent, bad",
import_efficiency,Import Efficiency,country,,"percent, good",
improve_our_cultural_view_price_cost_modifier,Improve our Cultural opinion Cost Modifier,country,multiplicative,"percent, bad",
improve_relation_impact,Improve Relations,country,,"percent, good",
increase_clergy_satisfaction_from_religious_sects_cost_modifier,Cost of Appease the Temples Action,country,multiplicative,"percent, bad",
increase_levies_from_shogun_court_cost_modifier,Cost of Increase Levies Action,country,multiplicative,"percent, bad",
increase_literacy_from_religious_sects_cost_modifier,Cost of Increase Literacy Action,country,multiplicative,"percent, bad",
increase_peasant_satisfaction_from_ikko_ikki_cost_modifier,Cost of Appease the Commoners Action,country,multiplicative,"percent, bad",
increase_tax_income_from_shogun_court_cost_modifier,Cost of Increase Tax Income Action,country,multiplicative,"percent, bad",
indulge_in_bloodbath_cost_modifier,Indulge in Bloodbath Cost,country,multiplicative,"percent, bad",
indulge_in_feasts_cost_modifier,Indulge in Feasts Cost,country,multiplicative,"percent, bad",
inland_sea_proximity_impact,Inland sea Proximity Impact,country,,"percent, bad",
institution_growth,Institution Growth,country,,good,
institution_importance_modifier,Institution Importance Modifier,country,multiplicative,good,
intervene_in_italian_campaign_price_cost_modifier,Intervene in Italian Campaign Cost,country,multiplicative,"percent, bad",
inti_ceremonial_festivals_cost_modifier,Cost of Host a Ceremony Religious Action,country,multiplicative,"percent, bad",
invade_neighbor_beylik_price_cost_modifier,Invade Neighbor Beylik Cost Modifier,country,multiplicative,"percent, bad",
invite_artist_cost_modifier,Invite Artist Cost,country,multiplicative,"percent, bad",
invite_foreign_cleric_cost_modifier,Invite Foreign Cleric Cost,country,multiplicative,"percent, bad",
invite_patriarch_delegation_cost_modifier,Invite Patriarch Delegation Cost,country,multiplicative,"percent, bad",
invite_religious_figure_different_school_cost_modifier,Invite Religious Figure from New School Cost,country,multiplicative,"percent, bad",
invite_religious_figure_same_school_cost_modifier,Invite Religious Figure from Same School Cost,country,multiplicative,"percent, bad",
irrigant_cap_level,Irrigation Max Level,country,,good,
is_battles_preordained,Everything is Preordained,country,boolean,good,
is_excluded_from_electorship,Excluded from Electorship,country,boolean,bad,
is_hre_elector,Is Elector,country,boolean,good,
is_pope,Is the Pope,country,boolean,good,
is_senior_partner,Is Senior Partner,country,boolean,good,
isolate_cities_black_death_cost_modifier,Isolating the Cities Cost,country,multiplicative,"percent, bad",
iw_send_aid_price_cost_modifier,Send Aid Cost,country,multiplicative,"percent, bad",
join_autocephalous_patriarchate_cost_modifier,Join Autocephalous Patriarchate Cost,country,multiplicative,"percent, bad",
join_branch_cost_modifier,Join Branch Cost,country,multiplicative,"percent, bad",
join_italian_wars_price_cost_modifier,Join a League Cost,country,multiplicative,"percent, bad",
join_sect_cost_modifier,Join Sect Cost,country,multiplicative,bad,
jurchen_confederation_law_price_cost_modifier,Jurchen Confederation Law Cost,country,multiplicative,"percent, bad",
keep_kami_and_buddha_balanced_from_religious_sects_cost_modifier,Cost of Balance Kami and Buddha Action,country,multiplicative,"percent, bad",
kephalai_bureaucracy_impact_modifier,Kephalai Impact,country,multiplicative,"percent, good",
lack_of_control_impact_on_warscore,Control Impact on Warscore,country,,"percent, good",
lakes_proximity_impact,Lakes Proximity Impact,country,,"percent, bad",
land_cost_going_downstream,Proximity Cost of going downstream along a River,country,,bad,
land_cost_going_upstream,Proximity Cost of going upstream along a River,country,,bad,
land_cost_on_distance_from_capital,Land Proximity Cost without infrastructure,country,,bad,
land_cost_on_distance_from_capital_speed_propagation,Proximity Speed through Land,country,,"percent, good",
land_cost_on_frozen_water,Proximity Cost on Frozen Water,country,,bad,
land_morale,Army Morale,unit,,good,
land_morale_attrition_cost,Army Morale Attrition Cost,unit,,"percent, bad",
land_morale_modifier,Army Morale,unit,multiplicative,"percent, good",
land_morale_movement_cost,Army Morale Movement Cost,unit,,"percent, bad",
land_morale_recovery,Army Morale Recovery Speed,unit,,"percent, good",
land_unit_attrition,Army Attrition,unit,,"percent, bad",
landfriede_cooldown,Landfriede Time Delay,country,,bad,
landfriede_flat_cost,Landfriede Cost,country,,bad,
language_change_threshold_modifier,Language Change Threshold Modifier,country,multiplicative,good,
lat_access_to_latin_reintegration_cabinet,Reintegrate Province Cabinet Action,country,boolean,good,
lat_access_to_reconquest_cb,Can Create Latin Reconquest Casus Belli,country,boolean,good,
learn_from_foreigners_cost_modifier,Learn from Foreigners,country,multiplicative,"percent, good",
leave_sect_cost_modifier,Leave Sect Cost,country,multiplicative,bad,
legislative_efficiency,Legislative Efficiency,country,,"percent, good",
levy_combat_efficiency_modifier,Levy Combat Efficiency,unit,multiplicative,"percent, good",
levy_maintenance_modifier,Levy Maintenance,country,multiplicative,"percent, bad",
levy_recovery_modifier,Levy Recovery,unit,multiplicative,"percent, good",
lia_actions_price_cost_modifier,Little Ice Age Situation Actions Cost,country,multiplicative,"percent, bad",
limit_movement_of_kirishitan_cost_modifier,Cost of Limit Kirishitan Movement Action,country,multiplicative,"percent, bad",
loan_icon_price_cost_modifier,Loan Icon Price Cost Modifier,country,multiplicative,"percent, bad",
lordship_of_ireland_casus_belli_cost_modifier,Acquire Casus Belli Cost,country,multiplicative,"percent, bad",
lordship_of_ireland_form_kingdom_cost_modifier,Claim the Kingdom Cost,country,multiplicative,"percent, bad",
lordship_of_ireland_invite_planters_cost_modifier,Request Planters Cost,country,multiplicative,"percent, bad",
losses_to_disease_cost_modifier,Cost of Losses to Disease,country,multiplicative,"percent, bad",
loyalty_to_overlord,Loyalty to Overlord,country,,good,
magister_militum_bureaucracy_impact_modifier,Strategarchia Impact,country,multiplicative,"percent, good",
maintain_bureaucracy_price_cost_modifier,Maintain Bureaucracy Price Modifier,country,multiplicative,"percent, bad",
make_tribals_peasants,Promote Tribesmen,country,boolean,good,
male_spouses,Maximum Amount of Male Spouses,country,,good,
manpower_importance_modifier,Manpower Importance Modifier,country,multiplicative,good,
market_building_levels,Trade Building Levels,country,,"percent, good",
max_diplomats,Maximum Diplomats,country,,good,
max_manpower,Max Manpower,country,,good,
max_sailors,Max Sailors,country,,good,
max_war_exhaustion,Maximum War Exhaustion,country,,good,
maximum_religious_influence,Maximum Religious Influence,country,,good,
may_convert_vassals_to_celestial_governors,May Convert to Celestial Governors,country,boolean,good,
may_explore,Allows Exploration Missions,country,boolean,good,
may_hire_eunuch_advisors,May Hire Eunuch Courtiers,country,boolean,good,
may_not_take_land_in_peace_treaties,Disallows Taking Land in Peace Treaties,country,boolean,bad,
mayan_ceremonial_festivals_cost_modifier,Cost of Host a Ceremony Religious Action,country,multiplicative,"percent, bad",
megalopolis_upgrade_cost_modifier,Founding Megalopolis Cost,country,multiplicative,"percent, bad",
mend_schism_price_cost_modifier,Mend the Schism Price Cost Modifier,country,multiplicative,"percent, bad",
mercenary_maintenance_efficiency,Mercenary Maintenance Efficiency,country,,"percent, good",
mercenary_range,Mercenary Range,country,,good,
mercenary_range_modifier,Mercenary Range Modifier,country,multiplicative,"percent, good",
mercenary_units_preference_modifier,Mercenary Units Preference Modifier,country,multiplicative,good,
merchant_guild_chapel_price_cost_modifier,Merchant Guild Chapel Price Cost Modifier,country,multiplicative,"percent, bad",
merchant_maintenance_efficiency,Merchant Maintenance Efficiency,country,,"percent, good",
merchant_power_from_maritime,Maritime Trade Advantage,country,,good,
merchant_power_from_maritime_modifier,Trade Maritime Advantage,country,multiplicative,"percent, good",
mercury_patio_max_level,Mercury Patio Max Level,country,additive,good,
mesa_wasteland_proximity_impact,Mesa Wasteland Proximity Impact,country,,"percent, bad",
miaphysite_monastery_building_cost_modifier,Miaphysite Monastery Building Cost,country,multiplicative,"percent, bad",
middle_kingdom_tribute_price_cost_modifier,Middle Kingdom Tribute Cost Modifier,country,multiplicative,"percent, bad",
migrate_pop_based_country_cost_modifier,Migrate Cost,country,multiplicative,"percent, bad",
migrate_to_new_waters_cost_modifier,Migrate to New Waters,country,multiplicative,"percent, good",
military_tactics,Military Tactics,unit,,good,
minting_income_factor,Income from Minting,country,,"percent, good",
minting_inflation_threshold,Minting Threshold,country,,"percent, good",
monthly_army_tradition,Monthly Army Tradition,country,,good,
monthly_burghers_estate_rebel_growth,Monthly Burghers Rebel Growth,"country, estate",,"percent, bad",
monthly_celestial_authority,Monthly Celestial Authority Change,all,,good,
monthly_clergy_estate_rebel_growth,Monthly Clergy Rebel Growth,"country, estate",,"percent, bad",
monthly_complacency,Monthly Complacency,country,,bad,
monthly_cossacks_estate_rebel_growth,Monthly Cossacks Rebel Growth,"country, estate",,"percent, bad",
monthly_crown_estate_rebel_growth,Monthly Crown Rebel Growth,"country, estate",,"percent, bad",
monthly_devotion,Monthly Devotion,country,,good,
monthly_dhimmi_estate_rebel_growth,Monthly Dhimmi Rebel Growth,"country, estate",,"percent, bad",
monthly_diplomats,Monthly Diplomats,country,,good,
monthly_doom,Monthly Doom,country,,bad,
monthly_experience_gain,Monthly Experience Gain,unit,,"percent, good",
monthly_gold_expense,Monthly Gold,country,,bad,
monthly_gold_income,Monthly Gold,country,,good,
monthly_harmony,Monthly Harmony,country,,good,
monthly_honor,Monthly Honor,country,,good,
monthly_horde_unity,Monthly Horde Unity,country,,good,
monthly_imperial_authority,Monthly Imperial Authority,all,,good,
monthly_inflation,Monthly Inflation,country,,"percent, bad",
monthly_karma,Monthly Karma,country,,neutral,
monthly_karma_decay,Monthly Karma Decay,country,,neutral,
monthly_legitimacy,Monthly Legitimacy,country,,good,
monthly_loan_capacity_investment,Loan Capacity Investment,country,,good,
monthly_nahualt_reform_progress,Monthly Nahuatl Reform Progress,country,,good,
monthly_monthly_navy_tradition,Monthly Navy Tradition,country,,good,
monthly_nobles_estate_rebel_growth,Monthly Nobility Rebel Growth,"country, estate",,"percent, bad",
monthly_papal_authority,Monthly Papal Authority,all,,good,
monthly_peasants_estate_rebel_growth,Monthly Commoners Rebel Growth,"country, estate",,"percent, bad",
monthly_prestige,Monthly Prestige,country,,good,
monthly_pretender_rebel_growth,Monthly Pretender Rebel Growth,country,,"percent, bad",
monthly_purity,Monthly Purity,country,,neutral,
monthly_rebel_growth,Monthly Rebel Growth,country,,"percent, bad",
monthly_reform_desire,Monthly Reform Desire,religion,,"percent, bad",
monthly_religious_influence,Monthly Religious Influence,country,,good,
monthly_religious_rebel_growth,Monthly Religious Rebel Growth,country,,"percent, bad",
monthly_republican_tradition,Monthly Republican Tradition,country,,good,
monthly_righteousness,Monthly Righteousness,country,,good,
monthly_rite_power,Monthly Rite Power,country,,good,
monthly_self_control,Monthly Self Control,country,,good,
monthly_slave_rebel_growth,Monthly Slave Rebel Growth,country,,"percent, bad",
monthly_tribal_cohesion,Monthly Tribal Cohesion,country,,good,
monthly_tribes_estate_rebel_growth,Monthly Tribes Rebel Growth,"country, estate",,"percent, bad",
monthly_war_exhaustion,Monthly War Exhaustion,country,,bad,
monthly_yanantin,Monthly Yanantin,country,,bad,
morale_recovery_in_friendly,Morale Recovery in Friendly Territory,unit,,"percent, good",
mountain_wasteland_proximity_impact,Mountain Wasteland Proximity Impact,country,,"percent, bad",
mountains_proximity_impact,Mountains Proximity Impact,country,,"percent, bad",
move_good_to_new_location_cost_modifier,Move Good to New Location,country,multiplicative,"percent, good",
move_to_assist_on_adjacent_combat,Move to Assist on Adjacent Battle,unit,boolean,good,
movement_speed_if_no_road,Movement Speed without Road,unit,,"percent, good",
movement_speed_when_attached_to_another_unit,Movement Time when Attached to Another Unit,unit,,"percent, bad",
n_panokseon_build_cost_modifier,Panokseon Build Cost,country,multiplicative,"percent, bad",
n_panokseon_maintenance_cost_modifier,Panokseon Maintenance Cost,country,multiplicative,"percent, bad",
n_panokseon_reinforce_cost_modifier,Panokseon Repair Cost,country,multiplicative,"percent, bad",
nahuatl_religious_actions_price_cost_modifier,Nahua Religious Actions Cost Modifier,country,multiplicative,"percent, bad",
nanbokuchou_change_sides_cost_modifier,Change Side to Support Cost,country,multiplicative,"percent, bad",
narrows_proximity_impact,Narrows Proximity Impact,country,,"percent, bad",
national_church_power_cost_modifier,Costs of Church Power Actions,country,multiplicative,"percent, bad",
naval_damage_done,Naval Damage Done,unit,,"percent, good",
naval_damage_taken,Naval Damage Taken,unit,,"percent, bad",
naval_morale,Navy Morale,unit,,good,
naval_morale_attrition_cost,Naval Morale Attrition Cost,unit,,"percent, bad",
naval_morale_modifier,Navy Morale,unit,multiplicative,"percent, good",
naval_morale_movement_cost,Naval Morale Movement Cost,unit,,"percent, bad",
naval_morale_recovery,Navy Morale Recovery Speed,unit,,"percent, good",
naval_range,Naval Range,country,,good,
naval_range_modifier,Naval Range,country,multiplicative,"percent, good",
naval_unit_attrition,Navy Attrition,unit,,"percent, bad",
navy_galley_build_cost_modifier,Galley Build Cost,"country, navy",multiplicative,"percent, bad",
navy_galley_maintenance_cost_modifier,Galley Maintenance Cost,"country, navy",multiplicative,"percent, bad",
navy_galley_power,Galley Power,"unit, navy",,"percent, good",
navy_galley_reinforce_cost_modifier,Galley Repair Cost,"country, navy",multiplicative,"percent, bad",
navy_heavy_ship_build_cost_modifier,Heavy Ship Build Cost,"country, navy",multiplicative,"percent, bad",
navy_heavy_ship_maintenance_cost_modifier,Heavy Ship Maintenance Cost,"country, navy",multiplicative,"percent, bad",
navy_heavy_ship_power,Heavy Ship Power,"unit, navy",,"percent, good",
navy_heavy_ship_reinforce_cost_modifier,Heavy Ship Repair Cost,"country, navy",multiplicative,"percent, bad",
navy_initiative,Navy Initiative,"unit, navy",,"percent, good",
navy_light_ship_build_cost_modifier,Light Ship Build Cost,"country, navy",multiplicative,"percent, bad",
navy_light_ship_maintenance_cost_modifier,Light Ship Maintenance Cost,"country, navy",multiplicative,"percent, bad",
navy_light_ship_power,Light Ship Power,"unit, navy",,"percent, good",
navy_light_ship_reinforce_cost_modifier,Light Ship Repair Cost,"country, navy",multiplicative,"percent, bad",
navy_maintenance_efficiency,Navy Maintenance Efficiency,"unit, navy",,"percent, good",
navy_movement_speed,Navy Movement Speed,"unit, navy",,"percent, good",
navy_repair_cost,Navy Repair Cost,"unit, navy",,"percent, bad",
navy_tradition_decay,Navy Tradition Decay,"country, navy",,"percent, bad",
navy_tradition_from_battle,Navy Tradition from Battles,"country, navy",,"percent, good",
navy_transport_build_cost_modifier,Transport Build Cost,"country, navy",multiplicative,"percent, bad",
navy_transport_maintenance_cost_modifier,Transport Maintenance Cost,"country, navy",multiplicative,"percent, bad",
navy_transport_power,Transport Power,"unit, navy",,"percent, good",
navy_transport_reinforce_cost_modifier,Transport Repair Cost,"country, navy",multiplicative,"percent, bad",
navy_weight_modifier,Navy Weight,"unit, navy",multiplicative,"percent, bad",
no_beards,No Beards,country,boolean,good,
no_contact_with_outsiders_cost_modifier,No Contact with Outsiders Cost,country,multiplicative,"percent, bad",
no_lowborn_leaders,Block Lowborn Commanders,country,boolean,bad,
nobles_estate_agenda_impact,Agenda Impact for Nobility,"country, estate",,"percent, good",
nobles_estate_levy_size,Nobles Levy Size,"country, estate",,"percent, good",
nobles_estate_max_tax,Maximum Tax for Noble Estate,"country, estate",,"percent, good",
nobles_estate_min_tax,Minimum Tax for Noble Estate,"country, estate",,"percent, good",
nobles_estate_satisfaction_decay,Noble Estate Satisfaction Decay,"country, estate",,"percent, neutral",
nobles_estate_satisfaction_recovery,Noble Estate Satisfaction Recovery,"country, estate",,"percent, neutral",
nobles_estate_target_satisfaction,Noble Estate Satisfaction Equilibrium,"country, estate",,"percent, good",
nomos_empsychos_bureaucracy_impact_modifier,Nómos Émpsychos Impact,country,multiplicative,"percent, good",
non_rural_migration_attraction,Towns and Cities Migration Attraction,country,,good,
num_bailiffs,Number of Bailiffs,country,,good,
num_local_governors,Number of Local Governors,country,,good,
num_naval_governors,Number of Naval Governors,country,,good,
num_of_banner_cavalry,Number of Banner Cavalry,country,,good,
num_of_cataphracts_modifier,Number of Cataphracts Modifier,country,multiplicative,"percent, good",
num_of_legionaries_modifier,Number of Legionaries Modifier,country,multiplicative,"percent, good",
num_of_varangian_units,Number of Varangian Units,country,,good,
num_possible_artists,Possible Number of Artists,country,,good,
num_possible_rivals,Possible Rivals,country,,good,
number_of_allowed_avatars,Avatars Allowed,country,,good,
number_of_allowed_religious_figures,Religious Figures Allowed,country,,good,
number_of_satellite_trade_buildings,Number of Satellite Trade Building,country,,good,
ocean_proximity_impact,Ocean Proximity Impact,country,,"percent, bad",
ocean_wasteland_proximity_impact,Ocean Wasteland Proximity Impact,country,,"percent, bad",
offer_diplomatic_protection_price_cost_modifier,Offer Diplomatic Protection Cost Modifier,country,multiplicative,"percent, bad",
omen_strength_modifier,Omen Strength,country,multiplicative,"percent, good",
omen_time_modifier,Omen Length,country,multiplicative,"percent, good",
omens_offered,Omens Offered,country,,good,
organize_spiritual_retreat_cost_modifier,Organize a Spiritual Retreat Cost,country,multiplicative,bad,
orthodox_monastery_building_cost_modifier,Orthodox Monastery Building Cost,country,multiplicative,"percent, bad",
orthodox_synod_cost_modifier,Orthodox Synod Cost,country,multiplicative,"percent, bad",
overlord_blocked_from_building_buildings,Overlord Blocked from Building Buildings,country,boolean,neutral,
overlord_blocked_from_building_rgos,Overlord Blocked from Building RGO,country,boolean,neutral,
overlord_blocked_from_building_roads,Overlord Blocked from Building Roads,country,boolean,neutral,
overlord_blocked_from_building_ships,Overlord Blocked from Building Ships,country,boolean,neutral,
overlord_blocked_from_recruiting_regiments,Overlord Blocked from Recruiting Regiments,country,boolean,neutral,
own_coast_naval_combat_bonus,Combat Outside Own Coasts,unit,,"percent, good",
papacy_blocked,Papacy Blocked,religion,boolean,bad,
papal_authority_modifier,Papal Authority Modifier,all,multiplicative,"percent, good",
papal_relations,Papal Relations,country,,good,
pardon_price_cost_modifier,Pardon Cost Modifier,country,multiplicative,"percent, bad",
parliament_abolished,Parliament Abolished,country,boolean,good,
parliament_base_support,Parliament Base Support,country,,"percent, good",
parliament_duration_modifier,Parliament Duration,country,multiplicative,"percent, neutral",
parliament_request_issue_support_needed,Parliament Request Issue Support Needed,country,,"percent, bad",
payment_to_overlord_modifier,Payment to Overlord,country,multiplicative,"percent, bad",
peace_offer_fairness,Peace Offer Fairness,country,,good,
peace_offer_negotiation_power,Peace Offer Negotiation Power,country,,good,
peasants_allowed_weapons,Peasants Allowed Weapons,country,boolean,good,
peasants_estate_agenda_impact,Agenda Impact for Commoners,"country, estate",,"percent, good",
peasants_estate_levy_size,Peasants Levy Size,"country, estate",,"percent, good",
peasants_estate_max_tax,Maximum Tax for Peasants Estate,"country, estate",,"percent, good",
peasants_estate_min_tax,Minimum Tax for Peasants Estate,"country, estate",,"percent, good",
peasants_estate_satisfaction_decay,Peasant Estate Satisfaction Decay,"country, estate",,"percent, neutral",
peasants_estate_satisfaction_recovery,Peasant Estate Satisfaction Recovery,"country, estate",,"percent, neutral",
peasants_estate_target_satisfaction,Peasant Estate Satisfaction Equilibrium,"country, estate",,"percent, good",
peasants_war_actions_price_cost_modifier,Peasants' War Main Actions Price Cost Modifier,country,multiplicative,"percent, bad",
perform_tantric_ritual_cost_modifier,Perform a Tantric Ritual Cost,country,multiplicative,bad,
perform_yoga_cost_modifier,Perform Yoga Cost,country,multiplicative,"percent, bad",
periphora_cost_modifier,Periphora Cost,country,multiplicative,"percent, bad",
permanent_parliament_location,Permanent Parliament,country,boolean,good,
pilgrimage_action_cost_modifier,Cost of Pilgrimage Religious Action,country,multiplicative,"percent, bad",
plan_italian_campaign_wars_price_cost_modifier,Campaign in Italy Cost,country,multiplicative,"percent, bad",
plateau_proximity_impact,Plateau Proximity Impact,country,,"percent, bad",
plateau_wasteland_proximity_impact,Plateau Wasteland Proximity Impact,country,,"percent, bad",
policy_vote_cost_modifier,Policy Proposal Cost,country,multiplicative,"percent, bad",
pop_countries_opinions,Society of Pops Opinions,country,,good,
pop_join_rebel_threshold,Pop Join Rebels Threshold,country,,"percent, bad",
pop_leave_rebels_threshold,Pop Leave Rebels Threshold,country,,"percent, bad",
port_cost_distance_from_capital,Proximity Cost through Port,country,,bad,
possible_frontage_modifier,Possible Frontage,unit,multiplicative,"percent, good",
power_projection,Power Projection,country,,good,
prestige_decay,Prestige Decay,country,,"percent, bad",
prestige_from_land_battle,Prestige from Land Battles,country,,"percent, good",
prestige_from_naval_battle,Prestige from Naval Battles,country,,"percent, good",
prevented_from_changing_court_language_by_overlord,Prevented from Changing Court Language by Overlord,country,boolean,good,
privateer_durability,Privateer Durability,country,,"percent, good",
privateer_maintenance_cost_modifier,Privateer Maintenance,country,multiplicative,"percent, bad",
proclaim_decree_cost_modifier,Proclaim Decree Cost,country,multiplicative,"percent, bad",
procure_remedies_cost_modifier,Procure Remedies Cost,country,multiplicative,"percent, bad",
promote_sect_cost_modifier,Promote Sect Cost,country,multiplicative,bad,
propose_curia_action_cost_modifier,Propose Curia Action Cost,country,multiplicative,"percent, bad",
province_integration_speed,Speed of Integration,province,,good,
provoke_rebels_price_cost_modifier,Provoke Rebels Main Actions Price Cost Modifier,country,multiplicative,"percent, bad",
rank_duchy_upgrade_cost_modifier,Upgrade to Duchy Cost,country,multiplicative,"percent, bad",
rank_empire_upgrade_cost_modifier,Upgrade to Empire Cost,country,multiplicative,"percent, bad",
rank_kingdom_upgrade_cost_modifier,Upgrade to Kingdom Cost,country,multiplicative,"percent, bad",
ransom_units_cost_modifier,Ransom Units Cost,country,multiplicative,"percent, bad",
raw_material_in_province_impact,Local Access to Raw Materials,country,,"percent, good",
reach_compromise_with_huguenots_price_cost_modifier,Compromise with the Huguenots Cost,country,multiplicative,"percent, bad",
reasons_to_elect,Reasons to Elect,country,,good,
reasons_to_vote,Reasons to Vote,country,,good,
rebel_monthly_progress,Rebel Monthly Progress,rebel,,"percent, bad",
recruit_conquistador_cost_modifier,Conquistador Cost,country,multiplicative,"percent, bad",
recruit_explorer_cost_modifier,Recruiting Explorers,country,multiplicative,"percent, bad",
reduce_rebels_from_ikko_ikki_cost_modifier,Cost of Reduce Religious Rebel Progress Action,country,multiplicative,"percent, bad",
reestablish_hellenism_price_cost_modifier,Reestablish Hellenism Price Cost Modifier,country,multiplicative,"percent, bad",
regiment_recruit_speed,Recruitment Speed,country,,"percent, good",
regiment_reinforcement_speed,Reinforcement Speed,unit,,"percent, good",
reject_subjugation_reasons,Reject Subjugation Reasons,country,,neutral,
religious_icon_power_modifier,Religious Icon Power Modifier,country,multiplicative,"percent, good",
religious_offering_cost_modifier,Cost of Religious Offering Religious Action,country,multiplicative,"percent, bad",
religious_turmoil_actions_price_cost_modifier,Religious Turmoil Main Actions Price Cost Modifier,country,multiplicative,"percent, bad",
religious_unity_importance_modifier,Religious Unity Importance Modifier,country,multiplicative,good,
relocate_ecumenical_patriarchate_cost_modifier,Relocate Ecumenical Patriarchate Cost,country,multiplicative,"percent, bad",
relocate_market_cost_modifier,Relocate Market Cost,country,multiplicative,"percent, bad",
remove_accepted_culture_cost_modifier,Remove Accepted Culture Cost,country,multiplicative,"percent, bad",
remove_bureaucracy_price_cost_modifier,Remove Bureaucracy Price Modifier,country,multiplicative,"percent, bad",
remove_government_reform_cost_modifier,Remove Government Reform Cost,country,multiplicative,"percent, bad",
remove_location_from_international_organization_cost_modifier,Remove Location from International Organization Cost,country,multiplicative,"percent, bad",
remove_lutheran_preacher_cost_modifier,Remove Lutheran Preacher Cost,country,multiplicative,"percent, bad",
remove_panaqa_early_cost_modifier,Remove Panaqa Early,country,multiplicative,"percent, bad",
remove_religious_aspect_christian_cost_modifier,Cost of Removing Religious Aspect,country,multiplicative,"percent, bad",
remove_religious_aspect_hellenism_cost_modifier,Cost of Removing Religious Aspect,country,multiplicative,"percent, bad",
remove_religious_aspect_inti_cost_modifier,Cost of Ceasing Worshipping a God,country,multiplicative,"percent, bad",
remove_tolerated_culture_cost_modifier,Remove Tolerated Culture Cost,country,multiplicative,"percent, bad",
replace_cabinet_member_cost_modifier,Replace Cabinet Member Cost,country,multiplicative,"percent, bad",
replace_rival_cost_modifier,Replace Rival Cost,country,multiplicative,"percent, bad",
request_aid_price_cost_modifier,Request Aid Cost Modifier,country,multiplicative,"percent, bad",
reroll_avatar_cost_modifier,Change Avatar Cost,country,multiplicative,"percent, bad",
research_speed,Monthly Research Progress,country,,good,
research_speed_modifier,Monthly Research Progress %,country,multiplicative,"percent, good",
reshape_bureaucracy_cost_modifier,Reshape our Bureaucracy Cost,country,multiplicative,"percent, bad",
restore_rome_primacy_price_cost_modifier,Restore Rome Primacy Price Cost Modifier,country,multiplicative,"percent, bad",
restrict_peranakan_trading_rights_price_cost_modifier,Restrict Peranakan Trading Rights Cost,country,multiplicative,"percent, bad",
retreat_delay,Retreat Delay,country,,bad,
revoke_privilege_cost_modifier,Revoke Privilege Cost,country,multiplicative,"percent, bad",
revoke_privileges_importance_modifier,Revoke Privileges Importance Modifier,country,multiplicative,good,
revoke_privileges_stability_tolerance,Revoke Privileges Stability Tolerance,country,,good,
revoke_shugo_office_cost_modifier,Revoke Shugo Office Cost,country,multiplicative,"percent, bad",
revoke_town_rights_cost_modifier,Cost of Revoking Urban Rights,country,multiplicative,"percent, bad",
revolution_actions_price_cost_modifier,People's Uprising Main Actions Cost,country,multiplicative,"percent, bad",
rise_of_the_szlachta_actions_price_cost_modifier,Rise of the Szlachta Main Actions Price Cost modifier,country,multiplicative,"percent, bad",
ritualistic_court_bureaucracy_impact_modifier,Ritualistic Court Impact,country,multiplicative,"percent, good",
road_cost_on_distance_from_capital,Proximity Cost through Roads,country,,bad,
roman_festivals_cost_modifier,Organize a Roman Festival,country,multiplicative,"percent, bad",
romanitas_bureaucracy_impact_modifier,Romanitas Impact,country,multiplicative,"percent, good",
rot_reform_into_monarchy_price_cost_modifier,Reform into a Monarchy Cost,country,multiplicative,"percent, bad",
rot_select_core_region_price_cost_modifier,Select Core Region Cost,country,multiplicative,"percent, bad",
rto_create_uc_bey_cost_modifier,Create Uç Bey Cost Modifier,country,multiplicative,"percent, bad",
rto_press_claims_price_cost_modifier,Press Claims Cost Modifier,country,multiplicative,"percent, bad",
rtr_appease_the_court_price_cost_modifier,Appease the Court Cost,country,multiplicative,"percent, bad",
rtr_demand_annexation_price_cost_modifier,Demand Annexation Cost,country,multiplicative,"percent, bad",
rtr_grant_titles_price_cost_modifier,Grant Titles Cost,country,multiplicative,"percent, bad",
rtr_negotiate_with_rebels_price_cost_modifier,Negotiate with Rebels Cost,country,multiplicative,"percent, bad",
rtr_rein_in_area_price_cost_modifier,Rein in Area Cost,country,multiplicative,"percent, bad",
ruler_must_be_commander_during_war,Ruler must be Commander of the Biggest Military Force,country,boolean,bad,
ruler_name_in_court_language,Ruler Name Uses Court Language,country,boolean,good,
rural_disease_resistance,Rural Disease Resistance,country,,"percent, good",
rural_migration_attraction,Rural Migration Attraction,country,,good,
rural_settlement_downgrade_cost_modifier,Downgrading to Rural Settlement Cost,country,multiplicative,"percent, bad",
rural_settlement_upgrade_cost_modifier,NOT USED,country,multiplicative,"percent, bad",
sacrifice_noble_blood_cost_modifier,Cost of Sacrifice Noble Blood Religious Action,country,multiplicative,"percent, bad",
salt_pans_proximity_impact,Salt pans Proximity Impact,country,,"percent, bad",
scaled_lost_war_cost_modifier,Impact of Losing a War,country,multiplicative,"percent, good",
sea_cost_on_distance_from_capital,Proximity Cost without Maritime Presence,country,,bad,
sea_cost_on_distance_from_capital_when_maritime,Proximity Cost with Maritime Presence,country,,bad,
seek_alliance_with_overlord_rival_cost_modifier,Seek Support of Overlord's Rival Cost Modifier,country,multiplicative,"percent, bad",
seek_relations_with_the_byzantines_price_cost_modifier,Seek Relations with the Byzantines Cost Modifier,country,multiplicative,"percent, bad",
segregate_the_infected_cost_modifier,Segregate the Infected Cost,country,multiplicative,"percent, bad",
select_expensive_child_education_cost_modifier,Selecting Expensive Education,country,multiplicative,"percent, bad",
select_omen_god_cost_modifier,Select Omen God Cost,country,multiplicative,"percent, bad",
select_orthodox_education_cost_modifier,Selecting Patriarch Education,country,multiplicative,"percent, bad",
sell_icon_cost_modifier,Cost of Sell Icon Action,country,multiplicative,"percent, bad",
selling_efficiency,Selling Efficiency,country,,"percent, good",
send_diplomat_cost_modifier,Send Diplomat,country,multiplicative,"percent, good",
send_gift_cost_modifier,Send Gift Cost,country,multiplicative,"percent, bad",
set_cabine_action_cost_modifier,Set Cabinet Action Cost,country,multiplicative,"percent, bad",
set_cabinet_member_cost_modifier,Set Cabinet Member Cost,country,multiplicative,"percent, bad",
set_policy_cost_modifier,Set Policy Cost,country,multiplicative,"percent, bad",
settle_country_cost_modifier,Settle Cost,country,multiplicative,"percent, bad",
shameless_privateering_modifier,Shameless Privateering,country,boolean,neutral,
shared_border_impact,Opinion Impact from Shared Borders,country,,"percent, bad",
ship_build_speed,Ship-building Speed,country,,"percent, good",
ship_capture_chance,Ship Capture Chance,country,,"percent, good",
ship_repair_at_sea,Ship Repair Speed at Sea,unit,,"percent, good",
ship_repair_at_sea_to_max_strength,Maximum Ship Strength to Repair at Sea,unit,,"percent, good",
siege_ability,Siege Ability,unit,,"percent, good",
sixty_books_of_the_basilika_bureaucracy_impact_modifier,Books of the Basiliká Impact,country,multiplicative,"percent, good",
skill_of_new_artists,Skill of New Artists,country,,"percent, good",
slave_market_max_level,Slave Market Max Level,country,additive,good,
slave_raid_efficiency,Slave Raid Efficiency,country,,"percent, good",
slavery_blocked,Slavery Blocked,country,boolean,good,
small_estate_building_cost_modifier,Small Estate Building Cost,"country, estate",multiplicative,"percent, bad",
societal_value_importance_modifier,Societal Value Importance Modifier,country,multiplicative,good,
sow_discontent_monthly_cost_cost_modifier,Sow Discontent Monthly Cost Modifier,country,multiplicative,"percent, bad",
sponsor_sin_forgiveness_cost_modifier,Sponsor Mass Forgiveness Cost,country,multiplicative,"percent, bad",
sponsor_troop_feast_cost_modifier,Sponsor a Feast for the Troops,country,multiplicative,"percent, bad",
spy_network_construction,Spy Network Construction,country,,"percent, good",
stability_cost,Stability Investment Cost,country,,"percent, bad",
stability_decay,Stability Decay,country,,"percent, bad",
stability_importance_modifier,Stability Importance Modifier,country,multiplicative,good,
stability_investment,Stability Investment,country,,good,
start_exploration_land_cost_modifier,Land Exploration Mission Cost,country,multiplicative,"percent, bad",
start_exploration_sea_cost_modifier,Sea Exploration Mission Cost,country,multiplicative,"percent, bad",
stop_blame_the_minorities_cost_modifier,Stop Finding the Culprits Cost,country,multiplicative,"percent, bad",
stop_disfavoring_sect_cost_modifier,Stop Disfavoring Sect Cost,country,multiplicative,bad,
stop_procure_remedies_cost_modifier,Stop to Procure Remedies Cost,country,multiplicative,"percent, bad",
stop_promoting_sect_cost_modifier,Stop Promoting Sect Cost,country,multiplicative,bad,
stop_sponsor_sin_forgiveness_cost_modifier,Stop Sponsor Mass Forgiveness Cost,country,multiplicative,"percent, bad",
strengthen_ministry_cost_modifier,Strengthen Ministry Cost,country,multiplicative,"percent, bad",
strict_quarantines_cost_modifier,Expel the Sick Cost,country,multiplicative,"percent, bad",
subject_income_modifier,Subject Income,country,multiplicative,"percent, good",
subject_loyalty,Loyalty of Subjects,country,,good,
subject_not_obligated_to_join_war,Can avoid to Join Overlord's Wars,country,boolean,bad,
subject_opinions,Subject Opinions,country,,good,
subject_pays_colonial_cost_modifier,Income from Colonial Subjects,country,multiplicative,"percent, good",
subject_pays_maha_samanta_cost_modifier,Income from Mahā-Sāmanta Subjects,country,multiplicative,"percent, good",
subject_pays_march_cost_modifier,Income from March Subjects,country,multiplicative,"percent, good",
subject_pays_pradhana_maha_samanta_cost_modifier,Income from Pradhāna-Mahā-Sāmanta Subjects,country,multiplicative,"percent, good",
subject_pays_pronoia_cost_modifier,Income from Prónoia Subjects,country,multiplicative,"percent, good",
subject_pays_samanta_cost_modifier,Income from Sāmanta Subjects,country,multiplicative,"percent, good",
subject_pays_trade_company_cost_modifier,Trade Company Pays Owner,country,multiplicative,"percent, good",
subject_pays_tributary_cost_modifier,Income from Tributary Subjects,country,multiplicative,"percent, good",
subject_pays_vassal_cost_modifier,Income from Vassal Subjects,country,multiplicative,"percent, good",
subjugation_preference_modifier,Subjugation Preference,country,multiplicative,good,
succession_crisis_price_cost_modifier,Succession Crisis Actions Price Cost Modifier,country,multiplicative,"percent, bad",
supply_depot_capacity,Supply Depot Capacity,country,,good,
take_on_debt_cost_modifier,Take On Debt Cost Modifier,country,multiplicative,"percent, bad",
target_of_military_sponsorships,May be Target of Military Sponsorships,country,boolean,good,
tatar_yoke_contribution_price_cost_modifier,Weather the Western Schism,country,multiplicative,"percent, bad",
tatar_yoke_leader_payments_price_cost_modifier,Yoke Payments,country,multiplicative,"percent, bad",
tax_income_efficiency,Tax Efficiency,country,,"percent, good",
themata_bureaucracy_impact_modifier,Thémata Impact,country,multiplicative,"percent, good",
third_rome_cost_modifier,Third Rome Cost,country,multiplicative,"percent, bad",
tithe_cost_modifier,Tithe Cost Modifier,country,multiplicative,"percent, bad",
tithe_price_cost_modifier,Tithe Cost Modifier,country,multiplicative,"percent, bad",
tolerance_heathen,Tolerance of Heathen Beliefs,country,,good,
tolerance_heretic,Tolerance of Heretical Beliefs,country,,good,
tolerance_own,Tolerance of the True Faith,country,,good,
total_loan_capacity_modifier,Total Loan Capacity,country,multiplicative,"percent, good",
town_upgrade_cost_modifier,Founding Town Cost,country,multiplicative,"percent, bad",
trade_company_headquarters_level,Max Level of Trade Company Headquarters,country,,good,
trade_importance_modifier,Trade Importance Modifier,country,multiplicative,good,
trade_income,Trade Income,country,,"percent, good",
trade_isolation,Foreigners Banned from Imports and Exports,country,boolean,good,
trade_land_efficiency,Trade Land Efficiency,country,,"percent, good",
trade_range,Trade Range,country,,good,
trade_range_modifier,Trade Range,country,multiplicative,"percent, good",
trade_sea_efficiency,Trade Sea Efficiency,country,,"percent, good",
train_admiral_ability,Increased Admiral Ability,country,,good,
train_admiral_cost_modifier,Train Admiral Cost,country,multiplicative,"percent, bad",
train_general_ability,Increased General Ability,country,,good,
train_general_cost_modifier,Train General Cost,country,multiplicative,"percent, bad",
transfer_subject_price_cost_modifier,Transfer Subject Cost Modifier,country,multiplicative,"percent, bad",
treasure_voyage_cargo_size_modifier,Treasure Voyage Cargo Size Modifier,country,multiplicative,"percent, good",
tribes_estate_agenda_impact,Agenda Impact for Tribes,"country, estate",,"percent, good",
tribes_estate_levy_size,Tribes Levy Size,"country, estate",,"percent, good",
tribes_estate_max_tax,Maximum Tax for Tribes,"country, estate",,"percent, good",
tribes_estate_min_tax,Minimum Tax for Tribes,"country, estate",,"percent, good",
tribes_estate_satisfaction_decay,Tribes Satisfaction Decay,"country, estate",,"percent, neutral",
tribes_estate_satisfaction_recovery,Tribes Satisfaction Recovery,"country, estate",,"percent, neutral",
tribes_estate_target_satisfaction,Tribes Satisfaction Equilibrium,"country, estate",,"percent, good",
tribute_payment_received_modifier,Middle Kingdom Tribute Received Modifier,country,multiplicative,"percent, good",
trust_decay,Trust Decay Modifier,country,,bad,
trust_recovery,Trust Recovery Modifier,country,,good,
uc_bey_pays_cost_modifier,Income from Uç Beys,country,multiplicative,"percent, good",
unemployed_slave_promotion,Unemployed Slave Promotion,country,,"percent, good",
union_blocked_from_declaring_war,Blocked from Declaring War outside of Union,country,boolean,bad,
union_contribution_price_cost_modifier,Union Contribution Cost Modifier,country,multiplicative,"percent, bad",
university_construction_blocked,Cannot Construct Universities,country,boolean,bad,
unlock_prikazi_reform_cabinet_actions,Unlock Prikazi Cabinet Actions,country,boolean,good,
violate_treaty_of_tordesillas_cost_modifier,Violate the Treaty,country,multiplicative,"percent, good",
war_breaking_truce_cost_modifier,War Breaking Truce Cost,country,multiplicative,"percent, bad",
war_breaking_truce_with_guarantor_cost_modifier,War breaking Truce with Guarantor Cost,country,multiplicative,"percent, bad",
war_declaration_stab_hit_tolerance,War Declaration Stability Hit Tolerance,country,,good,
war_declaration_war_exhaustion_tolerance,War Declaration War-Exhaustion Tolerance,country,,good,
war_good_relations_cost_modifier,War when Good Relations Cost,country,multiplicative,"percent, bad",
war_great_relations_cost_modifier,War when Great Relations Cost,country,multiplicative,"percent, bad",
war_no_cb_cost_modifier,War with No Casus Belli Cost,country,multiplicative,"percent, bad",
war_on_different_religion_cost_modifier,War on Different Religion Penalty,country,multiplicative,"percent, bad",
war_on_same_religion_cb_cost_modifier,War on Same Religion Penalty,country,multiplicative,"percent, bad",
war_on_same_religion_no_cb_cost_modifier,Unjustified War on Same Religion Penalty,country,multiplicative,"percent, bad",
war_on_subject_cost_modifier,War on Subject Penalty,country,multiplicative,"percent, bad",
war_score_vs_other_religion_efficiency,War Score vs other Religion Efficiency,country,,"percent, good",
war_when_military_acces_cost_modifier,War when Military Access Cost,country,multiplicative,"percent, bad",
western_schism_gold_actions_price_cost_modifier,Weather the Western Schism,country,multiplicative,"percent, bad",
western_schism_ri_actions_price_cost_modifier,Influence the Western Schism,country,multiplicative,"percent, bad",
wetlands_proximity_impact,Wetlands Proximity Impact,country,,"percent, bad",
wetlands_wasteland_proximity_impact,Wetlands Wasteland Proximity Impact,country,,"percent, bad",
win_war_chance_threshold,Win War Chance Threshold,country,,"percent, good",
wrong_culture_levy_size,Non-Culture Levy Size,country,,"percent, good",
