eu5_modifier,eu4_matches,confidence,notes,eu5_localization,eu5_category,eu5_type,eu5_format,eu4_subsection,eu4_description,eu4_effect_type
absorb_institutions_cost_modifier,embracement_cost,high,Both modify the cost of embracing/absorbing institutions,This impacts the [costs|e] of absorbing institutions.,country,multiplicative,"percent, good",Technology,Modifies the ducat cost for embracing an institution.,Multiplicative
accept_subjugation_reasons,accept_vassalization_reasons,high,Direct equivalent - reasons to accept becoming a subject,This increases our ability to persuade another country to become our [subject|e] via diplomatic means.,country,,good,Diplomacy,Gives reasons to accept vassalization.,Additive
activate_avatar_cost_modifier,,none,EU5-specific avatar mechanic with no EU4 equivalent,This impacts the [costs|e] of [ShowGenericActionName('activate_avatar')].,country,multiplicative,"percent, bad",,,
add_accepted_culture_cost_modifier,promote_culture_cost,medium,Related cultural action but EU4 promotes culture rather than adds accepted,This impacts how much it [costs|e] to add another [accepted_culture|e].,country,multiplicative,"percent, bad",Culture,Modifies the diplomatic power cost for promoting a culture.,Multiplicative
add_location_to_international_organization_cost_modifier,,none,EU5-specific international organization mechanic,This impacts the [costs|e] of adding a [location|e] to an [international_organization|e].,country,multiplicative,"percent, bad",,,
add_religious_aspect_christian_cost_modifier,,none,EU5-specific religious aspect system,This impacts the [costs|e] of adding a [religious_aspect|e].,country,multiplicative,"percent, bad",,,
add_religious_aspect_hellenism_cost_modifier,,none,EU5-specific religious aspect system,This impacts the [costs|e] of adding a [religious_aspect|e].,country,multiplicative,"percent, bad",,,
add_religious_aspect_inti_cost_modifier,flagship_cost,high,Semantic match: flagship_cost ↔ add_religious_aspect_inti_cost_modifier,This impacts the [costs|e] of changing worshipping a [god|e].,country,multiplicative,"percent, bad",Navy,Modifies the cost of building a flagship.,Multiplicative
add_tolerated_culture_cost_modifier,development_cost_in_primary_culture,medium,Semantic match: development_cost_in_primary_culture ↔ add_tolerated_culture_cost_modifier,This impacts how much it [costs|e] to add another [tolerated_culture|e].,country,multiplicative,"percent, bad",Economy,Modifies the development cost for provinces of primary culture.,Multiplicative
aggressiveness_modifier,ae_impact,high,Both modify aggressive expansion generated,This modifies how likely an AI [country|e] to attack other [countries|e].,country,multiplicative,"percent, bad",Diplomacy,Modifies the total size of aggressive expansion gained during actions that confer it.,Multiplicative
aid_colonial_war_cost_modifier,colonial_type_change_cost_modifier,high,Semantic match: colonial_type_change_cost_modifier ↔ aid_colonial_war_cost_modifier,This impacts the [costs|e] of [ShowGenericActionName('aid_colonial_war')].,country,multiplicative,"percent, bad",Subject,Modifies the cost of changing colonial type.,Multiplicative
allelengyon_bureaucracy_impact_modifier,,none,EU5-specific Byzantine bureaucracy mechanic,How much the [bureaucracy|e] affects the [country|e].,country,multiplicative,"percent, good",,,
allow_assembly_parliament,,none,EU5-specific parliament type,Unlocks the Assembly Parliament Type,country,boolean,good,,,
allow_autocratic_parliament,,none,EU5-specific parliament type,Unlocks the Autocratic Parliament Type,country,boolean,good,,,
allow_bureaucracy,,none,EU5-specific bureaucracy system,This allows a [government|e] to have [bureaucracies|e].,country,boolean,good,,,
allow_cabinet_assimilate_area,,none,EU5-specific cabinet action,Allows the [ShowCabinetActionName('assimilate_area')] [cabinet_action|e].,country,boolean,good,,,
allow_cabinet_diplomatic_corps,,none,EU5-specific cabinet action,Allows the [ShowCabinetActionName('cab_diplomatic_corps')] [cabinet_action|e].,country,boolean,good,,,
allow_cabinet_naval_focus,,none,EU5-specific cabinet action,Allows the [ShowCabinetActionName('cab_naval_focus')] [cabinet_action|e].,country,boolean,good,,,
allow_cabinet_reduced_paperwork,,none,EU5-specific cabinet action,Allows the [ShowCabinetActionName('reduced_paperwork')] [cabinet_action|e].,country,boolean,good,,,
allow_cabinet_soldiers_as_workforce,,none,EU5-specific cabinet action,Allows the [ShowCabinetActionName('soldiers_as_workforce')] [cabinet_action|e].,country,boolean,good,,,
allow_conquistadors,may_explore,high,EU4 may_explore covers both explorers and conquistadors,This allows us to gain a new [army_based|e] [subject|e] that has the [ShowGovernmentReformName('conquistador_country')] [government_reform|e].,country,boolean,good,Colonisation,Allows the recruitment of explorers and conquisadors.,Constant
allow_constitutional_parliament,,none,EU5-specific parliament type,Unlocks the Constitutional Parliament Type,country,boolean,good,,,
allow_council_parliament,,none,EU5-specific parliament type,Unlocks the Council Parliament Type,country,boolean,good,,,
allow_diplomacy_force_change_court_language,,none,EU5-specific diplomatic action,Allows to Force a [country|e] to change its [court_language|e] to be the same as ours.,country,boolean,good,,,
allow_diplomacy_force_divert_trade,,none,EU5-specific diplomatic action,Allows us to force a [country|e] to divert part of their [trade|e] to us.,country,boolean,good,,,
allow_diplomacy_force_embargo,,none,EU5-specific diplomatic action,Allows to Force the [ShowRelationTypeName('embargo_nation')] of a [country|e] against another country.,country,boolean,good,,,
allow_diplomacy_influence_nation,,none,EU5-specific diplomatic action,Allows to Influence a [country|e] and improve their [opinion|e] and [trust|e] of our country.,country,boolean,good,,,
allow_diplomacy_violate_sovereignty,,none,EU5-specific diplomatic action,Allows to Violate the Sovereignty of a [country|e] to get [military_access|e] and [food_access|e] from it.,country,boolean,good,,,
allow_estate_parliament,allow_free_estate_privilege_revocation,medium,Match: allow_free_estate_privilege_revocation ↔ allow_estate_parliament,Unlocks the Estate Parliament Type,"country, estate",boolean,good,Estates,Allows to revoke estate privileges without having the loyalty higher than the estates influence,Constant
allow_extensive_conscription_cabinet_action,,none,EU5-specific cabinet action,This allows us to use the [ShowCabinetActionName('byz_extensive_conscription')] [cabinet_action|e].,country,boolean,good,,,
allow_female_cabinet,,none,EU5-specific cabinet gender rule,This allows all female [characters|e] to work in the [cabinet|e].,country,boolean,good,,,
allow_female_leader,may_recruit_female_generals,high,Direct equivalent - allows female military commanders,This allows all female [characters|e] to be a [general|e] or [admiral|e].,country,boolean,good,Military,Allows the recruitment of female generals.,Constant
allow_harmony,,none,EU5-specific harmony toggle (EU4 harmony exists but no allow modifier),This enables the [harmony|e] mechanic.,country,boolean,good,,,
allow_landfriede,,none,EU5-specific HRE Landfriede mechanic,This allows the [hre_emperor|e] to enforce the [ShowCountryInteractionName('enforce_landfriede')] [country_interaction|e].,country,boolean,good,,,
allow_male_cabinet,,none,EU5-specific cabinet gender rule,This allows all male [characters|e] to work in the [cabinet|e].,country,boolean,good,,,
allow_male_leader,,none,EU5-specific gender rule for commanders,This allows all male [characters|e] to be a [general|e] or [admiral|e].,country,boolean,good,,,
allow_mercenary_drill,allow_mercenary_drill,high,Direct equivalent - enables mercenary drilling,,,,,Mercenary,Allows mercenaries the ability to drill. Also works in unit scope.,Constant
allow_mysticism_vs_jurisprudence,,none,EU5-specific religious school mechanic,This allows the country to be shaped between [ShowSocietyDirectionName('mysticism')] and [ShowSocietyDirectionName('jurisprudence')].,country,boolean,good,,,
allow_native_subjugation_cb,cb_on_primitives,high,Both grant CB against natives/primitives,Allows the creation of [ShowCasusBelliName('cb_native_subjugation')].,country,boolean,good,Diplomacy,Allows claims to be fabricated on overseas provinces in colonial regions.,Constant
allow_open_sea_exploration,may_explore,medium,Related exploration permission but EU5 specifies open sea,This allows a [country|e] to start [explore|e] [areas|e] that are open sea.,country,boolean,good,Colonisation,Allows the recruitment of explorers and conquisadors.,Constant
allow_paik_levies,,none,EU5-specific Indian levy type,"This allows us to raise the [ShowUnitDefinitionName('a_early_paik')], [ShowUnitDefinitionName('a_paik_infantry')] and [ShowUnitDefinitionName('a_late_paik_infantry')] [levies|e].",country,boolean,good,,,
allow_privateers_slave_raid,may_perform_slave_raid,medium,Related slave raid mechanic via privateers,This will allow your [privateers|e] to enslave people in unprotected coastal [locations|e].,country,boolean,good,Navy,Allows ships to perform slave raids.,Constant
allow_rgo_slave_demand,,none,EU5-specific pop/RGO system,"This allows us to use [ShowPopTypeName('slaves')] for [rgo|e], in addition to [ShowPopTypeName('laborers')].",country,boolean,good,,,
allow_righteousness,,none,EU5-specific religious mechanic,This enables the [righteousness|e] mechanic.,country,boolean,good,,,
allow_roman_movement,,none,EU5-specific Latin/Roman revival mechanic,Allows the [ShowMovementDefinitionName('roman_culture_movement')] [movement|e] to spawn.,country,boolean,good,,,
allow_safe_refuge_cost_modifier,,none,EU5-specific diplomatic action,This impacts the [costs|e] of [ShowGenericActionName('allow_safe_refuge')].,country,multiplicative,"percent, bad",,,
allow_self_control,,none,EU5-specific mechanic,This enables the [self_control|e] mechanic.,country,boolean,good,,,
allow_slave_conversion,,none,EU5-specific pop mechanic,This allows [converting|e] of [ShowPopTypeName('slaves')] to a new [religion|e].,country,boolean,good,,,
allow_smartism_gods,,none,EU5-specific religious system,This enables interaction with the [ShowPolicyName('smartism')] Gods,country,boolean,good,,,
allow_subjects,allow_client_states,medium,Related - EU4 allow_client_states is narrower subset of subjects,This allows a [country|e] to have [subjects|e].,country,boolean,good,Subject,Allows a country to create client states.,Constant
allow_thema_headquarters,,none,EU5-specific Byzantine mechanic,This allows us to construct the [ShowBuildingTypeName('thema_headquarters')] [building|e].,country,boolean,good,,,
allow_tributary_subject,,none,EU5-specific (EU4 tributaries handled differently),This allows the [country|e] to have [ShowSubjectTypeName('tributary')] [subjects|e].,country,boolean,good,,,
allow_tribute_in_silver,,none,EU5-specific tribute mechanic,This allows us to demand [ShowGoodsName('silver')] from our [subjects|e] in the [GetUniqueInternationalOrganization('middle_kingdom').GetName].,country,boolean,good,,,
allowed_alliance,,none,EU5-specific diplomatic permission flag,This allows the [country|e] to sign an [alliance|e].,country,boolean,good,,,
allowed_enforce_peace,,none,EU5-specific diplomatic permission flag,This allows the [country|e] to enforce [peace|e] in another [war|e].,country,boolean,good,,,
allowed_guarantee,,none,EU5-specific diplomatic permission flag,This allows the [country|e] to [guarantee|e] another country.,country,boolean,good,,,
allowed_intervene_in_war,,none,EU5-specific diplomatic permission flag,This allows the [country|e] to intervene in another [war|e].,country,boolean,good,,,
allowed_support_rebels,,none,EU5-specific diplomatic permission flag,This allows the [country|e] to [support_rebels|e] in another country.,country,boolean,good,,,
allowed_threaten_war,,none,EU5-specific diplomatic permission flag,This allows the [country|e] to threated another country with [war|e].,country,boolean,good,,,
allows_hanseatic_federation_buildings,,none,EU5-specific Hanseatic mechanic,Grants access to the [ShowBuildingTypeName('hanseatic_kontor')] and [ShowBuildingTypeName('hanseatic_shipwright_guild')] buildings.,country,boolean,good,,,
always_allow_army_levies,,none,EU5-specific levy system,"Allows a [country|e] to always raise their [army_levies|e], even when they are not at [war|e] and have no [rebels|e].",country,boolean,good,,,
always_allow_levies,free_leader_pool,high,Semantic match: free_leader_pool ↔ always_allow_levies,"Allows a [country|e] to always raise their [army_levies|e] and [navy_levies|e], even when they are not at [war|e] and have no [rebels|e].",country,boolean,good,Military,Adds to the maximum amount of free leaders (both land leaders and navy leaders pool).,Additive
always_allow_navy_levies,,none,EU5-specific levy system,"Allows a [country|e] to always raise their [navy_levies|e], even when they are not at [war|e] and have no [rebels|e].",country,boolean,good,,,
amount_looted_modifier,loot_amount,high,Both modify amount of loot taken,This impacts the amount an [army|e] can [loot|e].,unit,multiplicative,"percent, good",Military,Modifies the amount of loot taken at once during looting.,Multiplicative
annexation_speed_base,years_to_integrate_personal_union,high,Related to annexation/integration speed but EU4 is PU-specific,This impacts how quickly a [subject|e] can be [annexed|e].,country,,good,Subject,Adds to the years it takes to integrate a personal union,Additive
annexation_speed_modifier,global_integration_speed_modifier;annexation_relations_impact;administrative_efficiency,high,Both modify integration/annexation speed; Loose match - EU4 annexation_relations_impact (diplomatic penalty during annexation) mapped to EU5 annexation speed; both relate to the annexation process; Direct match - EU4 administrative_efficiency (reduces annexation & coring costs) mapped to EU5 annexation speed; both make territorial integration cheaper/faster,This impacts how quickly a [subject|e] can be [annexed|e].,country,multiplicative,"percent, good",,,
antagonism_breaking_truce_giving_modifier,,none,EU5-specific antagonism mechanic,This impacts how much [antagonism|e] we feel towards a [country|e] when they break a truce.,country,multiplicative,"percent, neutral",,,
antagonism_culture_influence,,none,EU5-specific antagonism mechanic,This impacts how much [culture|e] affects a [country|e]'s [antagonism|e] towards others.,country,,"percent, neutral",,,
antagonism_government_type_influence,,none,EU5-specific antagonism mechanic,This impacts how much [government_type|e] affects a [country|e]'s [antagonism|e] towards others.,country,,"percent, neutral",,,
antagonism_language_influence,,none,EU5-specific antagonism mechanic,This impacts how much [language|e] affects a [country|e]'s [antagonism|e] towards others.,country,,"percent, neutral",,,
antagonism_monthly_change_modifier,,none,EU5-specific antagonism mechanic,This impacts how temporary sources of [antagonism|e] decay for a [country|e] every month.,country,multiplicative,good,,,
antagonism_peace_treaty_demands_giving_modifier,,none,EU5-specific antagonism mechanic,This impacts how much [antagonism|e] we feel towards a [country|e] when they take things from another in a peace treaty.,country,multiplicative,"percent, neutral",,,
antagonism_received_modifier,,none,EU5-specific antagonism mechanic,This impacts how much [antagonism|e] a [country|e] generates from its actions.,country,multiplicative,"percent, bad",,,
antagonism_religion_influence,,none,EU5-specific antagonism mechanic,This impacts how much [religion|e] affects a [country|e]'s [antagonism|e] towards others.,country,,"percent, neutral",,,
antagonism_revolution_influence,,none,EU5-specific antagonism mechanic,This impacts how much a Revolution affects a [country|e]'s [antagonism|e] towards others.,country,,"percent, neutral",,,
antagonism_societal_value_influence,,none,EU5-specific antagonism mechanic,This impacts how much differing [societal_values|e] affect a [country|e]'s [antagonism|e] towards others.,country,,"percent, neutral",,,
antagonism_taking_land_giving_modifier,,none,EU5-specific antagonism mechanic,This impacts how much [antagonism|e] we feel towards a [country|e] when they take land from another.,country,multiplicative,"percent, neutral",,,
anti_piracy_warfare_modifier,,none,EU5-specific anti-piracy warfare bonus,This impacts the [anti_piracy_warfare|e] of [navies|e].,unit,multiplicative,"percent, good",,,
any_pop_can_be_slave,,none,EU5-specific pop mechanic,Any [pop|e] captured or bought as a slave will stay a slave.,country,boolean,good,,,
appanage_prevented_from_call_to_war,,none,EU5-specific appanage subject type,Disallowed from Call Appanage to War,country,boolean,good,,,
appease_nobles_estate_from_shogun_court_cost_modifier,,none,EU5-specific shogun court action,This impacts the [costs|e] of [ShowGenericActionName('appease_nobles_estate_from_shogun_court')].,"country, estate",multiplicative,"percent, bad",,,
appoint_as_heir_price_cost_modifier,,none,EU5-specific character action,This impacts the [costs|e] for the [ShowCharacterInteractionName('appoint_as_heir')] [character_interaction|e].,country,multiplicative,"percent, bad",,,
aqueduct_system_max_level,,none,EU5-specific building system,This modifies how many levels the [ShowBuildingTypeName('aqueduct_system')] can have.,country,additive,good,,,
army_artillery_build_cost_modifier,artillery_cost,high,Both modify artillery construction cost,This impacts how much it costs to [recruit|e] a [ShowUnitCategoryName('army_artillery')].,"country, army",multiplicative,"percent, bad",Military,Modifies the base cost of artillery units.,Multiplicative
army_artillery_maintenance_cost_modifier,land_maintenance_modifier,medium,EU4 covers all land maintenance not just artillery,This impacts how much it costs to [maintain|e] a [ShowUnitCategoryName('army_artillery')].,"country, army",multiplicative,"percent, bad",Military,Modifies the maintenance cost of all land units.,Multiplicative
army_artillery_power,artillery_power;backrow_artillery_damage;fire_damage,high,Both modify artillery power from pips; Direct match - EU4 backrow artillery damage = EU5 artillery power; both increase artillery combat effectiveness; Also loosely matches EU4 fire_damage (phase-based fire damage) since artillery contributes to fire phase,This impacts the [combat|e] ability of [ShowUnitCategoryName('army_artillery')] [regiments|e].,"unit, army",,"percent, good",Military,Modifies the power artillery gain from unit pips.,Multiplicative
army_artillery_reinforce_cost_modifier,reinforce_cost_modifier,medium,EU4 covers all reinforcement not just artillery,This impacts how much it costs to [reinforce|e] a [ShowUnitCategoryName('army_artillery')].,"country, army",multiplicative,"percent, bad",Military,Modifies the cost of reinforcements when units are reinforced.,Multiplicative
army_auxiliary_build_cost_modifier,global_regiment_cost,medium,Semantic match: global_regiment_cost ↔ army_auxiliary_build_cost_modifier,This impacts how much it costs to [recruit|e] a [ShowUnitCategoryName('army_auxiliary')].,"country, army",multiplicative,"percent, bad",Military,Modifies the base unit cost for all land units.,Multiplicative
army_auxiliary_maintenance_cost_modifier,global_regiment_cost,high,Semantic match: global_regiment_cost ↔ army_auxiliary_maintenance_cost_modifier,This impacts how much it costs to [maintain|e] a [ShowUnitCategoryName('army_auxiliary')].,"country, army",multiplicative,"percent, bad",Military,Modifies the base unit cost for all land units.,Multiplicative
army_auxiliary_power,,none,EU5 per-unit-type combat power modifier (auxiliaries have combat_power=0.25); EU4 shock_damage is phase-based global damage modifier — different mechanical systems,This impacts the [combat|e] ability of [ShowUnitCategoryName('army_auxiliary')] [regiments|e].,"unit, army",,"percent, good",,,
army_auxiliary_reinforce_cost_modifier,global_regiment_cost,medium,Semantic match: global_regiment_cost ↔ army_auxiliary_reinforce_cost_modifier,This impacts how much it costs to [reinforce|e] a [ShowUnitCategoryName('army_auxiliary')].,"country, army",multiplicative,"percent, bad",Military,Modifies the base unit cost for all land units.,Multiplicative
army_disembark_speed,regiment_disembark_speed,high,Direct equivalent - army disembark speed from ships,This impacts how fast an [army|e] can [disembark|e] from a [navy|e] to an adjacent [location|e].,"unit, army",,"percent, good",Navy,Modifies the speed in which units disembark.,Multiplicative
army_food_gathering,,none,EU5-specific food/supply system,How much food will be gathered by the army per 1000 soldiers,"unit, army",,good,,,
army_food_gathering_modifier,,none,EU5-specific food/supply system,Multiplies the food gathered by the army per 1000 soldiers,"unit, army",multiplicative,"percent, good",,,
army_heavy_cavalry_build_cost_modifier,cavalry_cost,high,EU5 splits cavalry - both apply to heavy cavalry cost,This impacts how much it costs to [recruit|e] a [ShowUnitCategoryName('army_heavy_cavalry')].,"country, army",multiplicative,"percent, bad",Military,Modifies the base cost of cavalry units.,Multiplicative
army_heavy_cavalry_maintenance_cost_modifier,land_maintenance_modifier,medium,EU4 covers all land maintenance not just cavalry,This impacts how much it costs to [maintain|e] a [ShowUnitCategoryName('army_heavy_cavalry')].,"country, army",multiplicative,"percent, bad",Military,Modifies the maintenance cost of all land units.,Multiplicative
army_heavy_cavalry_power,cavalry_power;shock_damage,high,EU5 splits cavalry - both modify heavy cavalry power; Loose match - EU4 shock_damage (phase-based shock damage) mapped to EU5 heavy_cavalry_power; heavy cavalry excel in shock phase,This impacts the [combat|e] ability of [ShowUnitCategoryName('army_heavy_cavalry')] [regiments|e].,"unit, army",,"percent, good",Military,Modifies the power cavalry gain from unit pips.,Multiplicative
army_heavy_cavalry_reinforce_cost_modifier,reinforce_cost_modifier,medium,EU4 covers all reinforcement not just cavalry,This impacts how much it costs to [reinforce|e] a [ShowUnitCategoryName('army_heavy_cavalry')].,"country, army",multiplicative,"percent, bad",Military,Modifies the cost of reinforcements when units are reinforced.,Multiplicative
army_heavy_infantry_build_cost_modifier,infantry_cost,high,EU5 splits infantry - both apply to heavy infantry cost,This impacts how much it costs to [recruit|e] a [ShowUnitCategoryName('army_heavy_infantry')].,"country, army",multiplicative,"percent, bad",Military,Modifies the base cost of infantry units.,Multiplicative
army_heavy_infantry_maintenance_cost_modifier,land_maintenance_modifier,medium,EU4 covers all land maintenance not just infantry,This impacts how much it costs to [maintain|e] a [ShowUnitCategoryName('army_heavy_infantry')].,"country, army",multiplicative,"percent, bad",Military,Modifies the maintenance cost of all land units.,Multiplicative
army_heavy_infantry_power,infantry_power;shock_damage,high,EU5 splits infantry - both modify heavy infantry power from pips; Loose match - EU4 shock_damage (phase-based shock damage) mapped to EU5 heavy_infantry_power; heavy infantry are primary shock dealers,This impacts the [combat|e] ability of [ShowUnitCategoryName('army_heavy_infantry')] [regiments|e].,"unit, army",,"percent, good",Military,Modifies the power infantry gain from unit pips.,Multiplicative
army_heavy_infantry_reinforce_cost_modifier,reinforce_cost_modifier,medium,EU4 covers all reinforcement not just infantry,This impacts how much it costs to [reinforce|e] a [ShowUnitCategoryName('army_heavy_infantry')].,"country, army",multiplicative,"percent, bad",Military,Modifies the cost of reinforcements when units are reinforced.,Multiplicative
army_initiative,cavalry_flanking,medium,EU5 initiative = engagement chance per hour (0.1 + initiative*0.02 + hours*0.01); completely unrelated to EU4 phase-based shock_damage; Loose match - EU4 cavalry_flanking (flanking effectiveness) mapped to EU5 initiative (engagement chance); both affect tactical positioning in battle,This impacts the [initiative|e] of a [regiment|e] in [battle|e].,"unit, army",,"percent, good",,,
army_light_cavalry_build_cost_modifier,cavalry_cost,high,EU5 splits cavalry - both apply to light cavalry cost,This impacts how much it costs to [recruit|e] a [ShowUnitCategoryName('army_light_cavalry')].,"country, army",multiplicative,"percent, bad",Military,Modifies the base cost of cavalry units.,Multiplicative
army_light_cavalry_maintenance_cost_modifier,land_maintenance_modifier,medium,EU4 covers all land maintenance not just cavalry,This impacts how much it costs to [maintain|e] a [ShowUnitCategoryName('army_light_cavalry')].,"country, army",multiplicative,"percent, bad",Military,Modifies the maintenance cost of all land units.,Multiplicative
army_light_cavalry_power,cavalry_power;fire_damage,high,EU5 splits cavalry - both modify light cavalry power; Loose match - EU4 fire_damage (phase-based fire damage) mapped to EU5 light_cavalry_power; light cavalry contribute to fire phase,This impacts the [combat|e] ability of [ShowUnitCategoryName('army_light_cavalry')] [regiments|e].,"unit, army",,"percent, good",Military,Modifies the power cavalry gain from unit pips.,Multiplicative
army_light_cavalry_reinforce_cost_modifier,reinforce_cost_modifier,medium,EU4 covers all reinforcement not just cavalry,This impacts how much it costs to [reinforce|e] a [ShowUnitCategoryName('army_light_cavalry')].,"country, army",multiplicative,"percent, bad",Military,Modifies the cost of reinforcements when units are reinforced.,Multiplicative
army_light_infantry_build_cost_modifier,infantry_cost,high,EU5 splits infantry - both apply to light infantry cost,This impacts how much it costs to [recruit|e] a [ShowUnitCategoryName('army_light_infantry')].,"country, army",multiplicative,"percent, bad",Military,Modifies the base cost of infantry units.,Multiplicative
army_light_infantry_maintenance_cost_modifier,land_maintenance_modifier,medium,EU4 covers all land maintenance not just infantry,This impacts how much it costs to [maintain|e] a [ShowUnitCategoryName('army_light_infantry')].,"country, army",multiplicative,"percent, bad",Military,Modifies the maintenance cost of all land units.,Multiplicative
army_light_infantry_power,infantry_power;fire_damage,high,EU5 splits infantry - both modify light infantry power; Loose match - EU4 fire_damage (phase-based fire damage) mapped to EU5 light_infantry_power; light infantry typically deal fire-phase damage,This impacts the [combat|e] ability of [ShowUnitCategoryName('army_light_infantry')] [regiments|e].,"unit, army",,"percent, good",Military,Modifies the power infantry gain from unit pips.,Multiplicative
army_light_infantry_reinforce_cost_modifier,reinforce_cost_modifier,medium,EU4 covers all reinforcement not just infantry,This impacts how much it costs to [reinforce|e] a [ShowUnitCategoryName('army_light_infantry')].,"country, army",multiplicative,"percent, bad",Military,Modifies the cost of reinforcements when units are reinforced.,Multiplicative
army_logistics_distance,,none,EU5-specific logistics/supply system,This impacts how far an [army|e] can trace for a [food_source|e].,"unit, army",,good,,,
army_logistics_distance_modifier,,none,EU5-specific logistics/supply system,$MODIFIER_TYPE_DESC_army_logistics_distance$,"unit, army",multiplicative,"percent, good",,,
army_losses_in_war_cost_modifier,global_regiment_cost,high,Semantic match: global_regiment_cost ↔ army_losses_in_war_cost_modifier,This impacts the [costs|e] of [army|e] losses during a [war|e].,"country, army",multiplicative,"percent, bad",Military,Modifies the base unit cost for all land units.,Multiplicative
army_maintenance_efficiency,land_maintenance_modifier,high,Both modify effective land maintenance costs,This changes how much [gold|e] and [manpower|e] is required to maintain a [regiment|e].,"unit, army",,"percent, good",Military,Modifies the maintenance cost of all land units.,Multiplicative
army_movement_speed,movement_speed,high,Direct equivalent - land unit movement speed,This impacts how fast an [army|e] can move between [locations|e].,"unit, army",,"percent, good",Military,Modifies the base movement speed for all land units.,Multiplicative
army_reinforce_cost,reinforce_cost_modifier,high,Direct equivalent - reinforcement cost,Army Reinforcement Cost,"unit, army",,"percent, bad",Military,Modifies the cost of reinforcements when units are reinforced.,Multiplicative
army_tradition_decay,army_tradition_decay,high,Direct equivalent - army tradition decay rate,This modifies the percentage of the current [army_tradition|e] of a [regiment|e] that decays each month.,"country, army",,"percent, bad",Military,Adds to the decay rate of army tradition.,Additive
army_tradition_from_battle,army_tradition_from_battle,high,Direct equivalent - army tradition gained from battle,This impacts the amount of [army_tradition|e] a [country|e] get from their [armies|e] participating in a [battle|e].,"country, army",,"percent, good",Military,Modifies the army tradition bonus when gained through battles.,Multiplicative
army_weight_modifier,,none,EU5-specific army weight/supply mechanic,"This impacts the [unit_weight|e] of a [regiment|e], which can have an effect on the [attrition|e] it will take.","unit, army",multiplicative,"percent, bad",,,
artillery_bonus_vs_fort,artillery_levels_available_vs_fort,medium,Related artillery-vs-fort bonus but different implementation,This impacts the bonus that [ShowUnitCategoryName('army_artillery')] gives during a [siege|e].,country,,good,Military,Adds to the maximum levels of artillery on siege,Additive
artist_salary_modifier,,none,EU5-specific artist/culture system,This impacts the amount of [gold|e] that [artists|e] require.,country,multiplicative,"percent, bad",,,
assault_ability,assault_fort_ability,high,Direct equivalent - fort assault effectiveness,This impacts how well an [army|e] can perform an [assault|e].,unit,,"percent, good",Military,Modifies the damage the troops deal to the garrison when assaulting a fort.,Multiplicative
assign_despot_price_cost_modifier,,none,EU5-specific Byzantine mechanic,Assign as Despótēs Price Cost Modifier,country,multiplicative,"percent, bad",,,
atoll_proximity_impact,,none,EU5-specific proximity/geography system,This impacts the [proximity|e] cost when going through [ShowTopographyName('atoll')].,country,,"percent, bad",,,
attract_condottieri_price_cost_modifier,possible_condottieri,medium,Related condottieri mechanic but different aspect (cost vs limit),Attract Condottieri Cost,country,multiplicative,"percent, bad",Military,Modifies the base condottieri limit.,Multiplicative
auto_conquer_at_war,,none,EU5-specific auto-conquer flag,This allows our [armies|e] to [conquer|e] a [location|e] automatically as soon as they [occupy|e] it.,country,boolean,good,,,
auto_conquer_different_religion_at_war,,none,EU5-specific auto-conquer flag,"This allows our [armies|e] to [conquer|e] a [location|e] owned by a different [religion_group|e] automatically, as soon as they [occupy|e] it.",country,boolean,good,,,
auto_slave_raid,may_perform_slave_raid,medium,Match: may_perform_slave_raid ↔ auto_slave_raid,This would allow [armies|e] to enslave part of all [pops|e] when [occupying|e] a [location|e].,country,boolean,good,Navy,Allows ships to perform slave raids.,Constant
auto_slave_raid_different_religion,may_perform_slave_raid_on_same_religion,high,Match: may_perform_slave_raid_on_same_religion ↔ auto_slave_raid_different_religion,This would allow [armies|e] to enslave part of all [pops|e] of a different [religion_group|e] when [occupying|e] a [location|e].,country,boolean,good,Navy,Grants the abiliy to conduct slave raids against nations that share the same religion.,Constant
bank_interest,interest,high,Direct equivalent - loan interest rate,This impacts the [interest|e] for [loans|e] taken from the national bank.,country,,"percent, bad",Economy,Adds to the base interest rate.,Additive
baptize_ruler_from_kirishitan_cost_modifier,,none,EU5-specific Japanese Kirishitan action,This impacts the [costs|e] of [ShowGenericActionName('baptize_ruler_from_kirishitan')].,country,multiplicative,"percent, bad",,,
become_shogun_from_imperial_court_cost_modifier,,none,EU5-specific shogunate mechanic,This impacts the [costs|e] of [ShowGenericActionName('become_shogun_from_imperial_court')].,country,multiplicative,"percent, good",,,
blame_the_minorities_cost_modifier,,none,EU5-specific plague/disaster action,This impacts the [costs|e] of [ShowGenericActionName('blame_the_minorities')].,country,multiplicative,"percent, bad",,,
blind_character_price_cost_modifier,,none,EU5-specific character action,Blind Price Cost Modifier,country,multiplicative,"percent, bad",,,
block_female_cabinet,,none,EU5-specific cabinet gender rule,This blocks all female [characters|e] from working in the [cabinet|e].,country,boolean,bad,,,
block_female_leader,,none,EU5-specific gender rule for commanders,This blocks all female [characters|e] from being a [general|e] or [admiral|e].,country,boolean,bad,,,
block_male_cabinet,,none,EU5-specific cabinet gender rule,This blocks all male [characters|e] from working in the [cabinet|e].,country,boolean,bad,,,
block_male_leader,,none,EU5-specific gender rule for commanders,This blocks all male [characters|e] from being a [general|e] or [admiral|e].,country,boolean,bad,,,
block_tribal_promotion,,none,EU5-specific pop/tribal mechanic,This stops the [promotion|e] for [ShowPopTypeName('tribesmen')] to [ShowPopTypeName('peasants')] in this [country|e].,country,boolean,good,,,
blockade_efficiency,blockade_efficiency,high,Direct equivalent - blockade effectiveness,This impacts the [blockade_capacity|e] of a [navy|e].,unit,,"percent, good",Navy,Modifies the efficiency of blockades against enemies.,Multiplicative
blocked_from_changing_heir_selection,,none,EU5-specific heir mechanic,This forbids the country to change their [heir_selection|e].,country,boolean,bad,,,
blocked_from_conversion,can_not_build_missionaries,medium,Both block religious conversion but via different mechanism,This modifier prevents the [country|e] to change its [religion|e] via [ShowGenericActionName('convert_religion')].,country,boolean,bad,Religion,Forbids a country to convert provinces with missionaries.,Constant
blocked_from_creating_subjects,,none,EU5-specific subject creation block,This forbids the country to create new [subjects|e] or release [cores|e] as a subject country.,country,boolean,bad,,,
blocked_from_declaring_war,can_not_declare_war,high,Direct equivalent - forbids declaring wars,A [country|e] can be prevented from declaring [war|e].,country,boolean,bad,Stability,Fobids a country from declaring wars,Constant
blocked_from_forming_countries,,none,EU5-specific country formation block,This forbids the country to [formable_country_form|e] any other country.,country,boolean,bad,,,
blocked_from_peace,,none,EU5-specific peace treaty block,This blocks the [country|e] from signing a [peace_treaty|e].,country,boolean,good,,,
blocks_country_formation,,none,EU5-specific country formation block,This determines if a [country|e] is prevented from forming a new country.,country,boolean,neutral,,,
bribe_units_cost_modifier,imperial_mercenary_cost,high,Semantic match: imperial_mercenary_cost ↔ bribe_units_cost_modifier,This impacts how much it [costs|e] to bribe a [mercenary|e].,country,multiplicative,"percent, bad",Holy Roman Empire,Modifies the cost of mercenary companies for nations within the Holy Roman Empire.,Multiplicative
bribe_voter_for_policy_cost_modifier,,none,EU5-specific international organization action,This impacts the [costs|e] of [ShowCountryInteractionName('bribe_voter_for_policy')].,country,multiplicative,"percent, bad",,,
build_gravel_road_cost_modifier,,none,EU5-specific road system,This impacts the cost of building a [ShowRoadTypeName('gravel_road')] in this [country|e].,country,multiplicative,"percent, bad",,,
build_hippodrome_price_cost_modifier,,none,EU5-specific Byzantine building action,This impacts how much it [costs|e] to construct the [ShowBuildingTypeName('hippodrome')] [building|e].,country,multiplicative,"percent, bad",,,
build_modern_road_cost_modifier,,none,EU5-specific road system,This impacts the cost of building a [ShowRoadTypeName('modern_road')] in this [country|e].,country,multiplicative,"percent, bad",,,
build_paved_road_cost_modifier,,none,EU5-specific road system,This impacts the cost of building a [ShowRoadTypeName('paved_road')] in this [country|e].,country,multiplicative,"percent, bad",,,
build_railroad_cost_modifier,,none,EU5-specific railroad system,This impacts the cost of building a [ShowRoadTypeName('railroad')] in this [country|e].,country,multiplicative,"percent, bad",,,
building_missionary_effort_modifier,global_missionary_strength,medium,Related missionary effectiveness but EU5 specifically from buildings,This impacts how quickly [pops|e] [convert|e] to our [religion|e] from [buildings|e] that can convert religion.,country,multiplicative,"percent, good",Religion,Adds to the base missionary strength against all religions.,Additive
building_upkeep_costs,,none,EU5-specific building upkeep concept,Building Upkeep Costs,country,,"percent, bad",,,
burghers_estate_agenda_impact,,none,EU5-specific estate agenda system,This modifies the support that the [parliament_agendas|e] that proposes from the $burghers_estate$ has.,"country, estate",,"percent, good",,,
burghers_estate_levy_size,free_leader_pool,high,Semantic match: free_leader_pool ↔ burghers_estate_levy_size,This impacts the size of [army_levies|e] and [navy_levies|e] from the $burghers_estate$.,"country, estate",,"percent, good",Military,Adds to the maximum amount of free leaders (both land leaders and navy leaders pool).,Additive
burghers_estate_max_tax,,none,EU5-specific estate tax range,This impacts the [maximum_tax|e] that can be collected from the $burghers_estate$.,"country, estate",,"percent, good",,,
burghers_estate_min_tax,,none,EU5-specific estate tax range,This impacts the [minimum_tax|e] that can be collected from the $burghers_estate$.,"country, estate",,"percent, good",,,
burghers_estate_satisfaction_decay,,none,EU5-specific estate satisfaction system,This impacts how quickly the [estate_satisfaction|e] decays down to the [estate_satisfaction_equilibrium|e] for the $burghers_estate$ in this [country|e].,"country, estate",,"percent, neutral",,,
burghers_estate_satisfaction_recovery,,none,EU5-specific estate satisfaction system,This impacts how quickly the [estate_satisfaction|e] recovers to the [estate_satisfaction_equilibrium|e] for the $burghers_estate$ in this [country|e].,"country, estate",,"percent, neutral",,,
burghers_estate_target_satisfaction,,none,EU5-specific estate satisfaction equilibrium,This impacts the [estate_satisfaction_equilibrium|e] of the $burghers_estate$ in this [country|e].,"country, estate",,"percent, good",,,
buy_fleet_basing_rights_cost_modifier,,none,EU5-specific diplomatic action,This impacts how much it [costs|e] to buy [fleet_basing_rights|e].,country,multiplicative,"percent, bad",,,
buy_military_access_cost_modifier,war_taxes_cost_modifier,medium,Semantic match: war_taxes_cost_modifier ↔ buy_military_access_cost_modifier,This impacts how much it [costs|e] to buy [military_access|e].,country,multiplicative,"percent, bad",Military,Modifies the military power cost for raising war taxes.,Multiplicative
call_jihad_cost_modifier,,none,EU5-specific religious action,This impacts the [costs|e] of [ShowGenericActionName('call_jihad')].,country,multiplicative,"percent, bad",,,
can_assign_governors,,none,EU5-specific governorship system,This unlocks the [ShowCharacterInteractionName('assign_governor')] [character_interaction|e],country,boolean,good,,,
can_assume_fort_command,,none,EU5-specific fort command mechanic,This unlocks the [ShowCharacterInteractionName('assume_fort_command')] [character_interaction|e].,country,boolean,good,,,
can_banish_characters,,none,EU5-specific character action,Enables the [ShowCharacterInteractionName('banish_character')] [character_interaction|e].,country,boolean,good,,,
can_be_member_of_a_high_kingship,,none,EU5-specific kingship system,This determines if a [country|e] can be a member of a [GetInternationalOrganizationType('high_kingship').GetName] [international_organization|e].,country,boolean,good,,,
can_be_target_of_anti_piracy_cb,,none,EU5-specific anti-piracy CB,This determines if a [country|e] can be a target of the [ShowCasusBelliName('cb_anti_piracy')] [casus_belli|e].,country,boolean,bad,,,
can_build_cities,,none,EU5-specific city building mechanic,This allows us to build [towns_or_cities|e].,country,boolean,good,,,
can_build_kurmina_headquarter,,none,EU5-specific African mechanic,Allows the construction of [ShowBuildingTypeName('kurmina_headquarter')].,country,boolean,good,,,
can_build_mamluk_barracks,,none,EU5-specific Mamluk building,Allows the construction of [ShowBuildingTypeName('mamluk_barracks')].,country,boolean,good,,,
can_call_rural_parliaments,,none,EU5-specific parliament type,This determines if the [country|e] can call a [parliament|e] in a [ShowLocationRankName('rural_settlement')].,country,boolean,good,,,
can_colonize,can_not_build_colonies,high,Inverse but same concept - permission to colonize,This determines if a [country|e] can create [colonial_charters|e] or not.,country,boolean,good,Colonisation,Forbids the country to form colonies,Constant
can_convert_galleys_to_light,galley_number_of_cannons_modifier,medium,Semantic match: galley_number_of_cannons_modifier ↔ can_convert_galleys_to_light,This enables the [ShowUnitAbilityName('convert_galley_to_light_ship')] and the [ShowUnitAbilityName('convert_light_ship_to_galley')] [unit_abilities|e] for [ShowUnitCategoryName('navy_galley')] and [ShowUnitCategoryName('navy_light_ship')] respectively.,country,boolean,good,Navy,Modifies the number of cannons for galley ships.,Multiplicative
can_create_anti_piracy_cb,,none,EU5-specific anti-piracy CB,This determines if a [country|e] can create the [ShowCasusBelliName('cb_anti_piracy')] [casus_belli|e] on pirate [countries].,country,boolean,good,,,
can_create_red_turban_rebellions_cb,,none,EU5-specific Chinese CB,Has access to the [ShowCasusBelliName('cb_red_turban_rebellions')] [casus_belli|e].,country,boolean,good,,,
can_execute_characters,,none,EU5-specific character execution,Enables the [ShowCharacterInteractionName('execute_character')] [character_interaction|e].,country,boolean,good,,,
can_grant_town_rights,,none,EU5-specific urban rights system,This impacts if a [country|e] can grant [town_rights|e] or not.,country,boolean,good,,,
can_have_monasteries,,none,EU5-specific monastery permission,This impacts if a country can have [ShowBuildingTypeName('monastery')] or not.,country,boolean,good,,,
can_hire_privateers,,none,EU5-specific privateer hiring flag,This allows a [country|e] to hire [privateers|e].,country,boolean,good,,,
can_host_olympiads,,none,EU5-specific Olympiad mechanic,Can Host Olympiads,country,boolean,good,,,
can_ignore_papal_bulls,,none,EU5-specific papal bull mechanic,This allows us to ignore the effects and the payment requirements of a [papal_bull|e] enacted by the [GetCountry('PAP').GetName].,country,boolean,good,,,
can_invite_settlers,colonists,medium,Match: colonists ↔ can_invite_settlers,This allows a [country|e] to use the [ShowCountryInteractionName('invite_settlers')] interaction.,country,boolean,good,Colonisation,Modifies the base colonist count for a country.,Additive
can_marry_only_overlord_dynasty_characters,,none,EU5-specific marriage restriction,Forbids the [marriage|e] with any character who is not a member of the [country|e] or [dynasty|e] of our [overlord|e].,country,boolean,bad,,,
can_promote_mamluks,,none,EU5-specific Mamluk pop promotion,Enables the ability to promote $mamluks$ in the [parliament|e].,country,boolean,good,,,
can_reassign_cleric,,none,EU5-specific character/cleric mechanic,This determines if a [country|e] can reassign a clerical [character|e] of a foreign country.,country,boolean,good,,,
can_recruit_explorer,may_explore,high,EU4 may_explore covers explorer recruitment,This allows a [country|e] to recruit [explorers|e].,country,boolean,good,Colonisation,Allows the recruitment of explorers and conquisadors.,Constant
can_revoke_electorship,,none,EU5-specific HRE mechanic,This allows the country to revoke the [electorship|e] from countries in the [GetInternationalOrganizationType('hre').GetName].,country,boolean,good,,,
can_send_royal_inspectors,,none,EU5-specific inspector mechanic,Replaces [ShowCabinetActionName('increase_control_province')] with the [ShowCabinetActionName('send_secret_royal_inspectors')] [cabinet_action|e].,country,boolean,good,,,
can_use_aclla_distribution,,none,EU5-specific Inca marriage system,This unlocks the [ShowCharacterInteractionName('aclla_distribution')] [character_interaction|e].,country,boolean,good,,,
can_use_council_of_three_lands_modifier,,none,EU5-specific Jewish council mechanic,"This allows us to use the [ShowPolicyName('council_of_three_lands_policy')] [policy|e], which is part of the [ShowLawName('inquisition_law')] [law|e].",country,boolean,good,,,
can_use_nustas_marriages,,none,EU5-specific Inca marriage,This unlocks the [ShowCountryInteractionName('nusta_marriage')] [country_interaction|e].,country,boolean,good,,,
cannot_be_subjugated,,none,EU5-specific subjugation immunity,This makes the country too willful and unyielding before anyone or anything. Neither God nor man can subjugate this state.,country,boolean,good,,,
cannot_move_capital,,none,EU5-specific capital movement block,This modifier blocks the [country|e] from moving its [capital|e],country,boolean,neutral,,,
canonize_cost_modifier,,none,EU5-specific canonization action,This impacts the [costs|e] of [ShowGenericActionName('canonize')].,country,multiplicative,"percent, bad",,,
capital_movement_cost_modifier,move_capital_cost_modifier,high,Direct equivalent - cost to move capital,This impacts how much it [costs|e] to move a [capital|e].,country,multiplicative,"percent, bad",Government,Modifies the amount of needed admin power to move the capital.,Multiplicative
capital_possible_town_rights,,none,EU5-specific urban rights system,This determines how many additional [town_rights|e] a [country|e] can have in its [capital|e].,country,,good,,,
cardinal_price_cost_modifier,appoint_cardinal_cost,high,Direct equivalent - cost to appoint cardinal,This impacts how much it [costs|e] to get a [ShowBuildingTypeName('seat_of_cardinal')].,country,multiplicative,"percent, bad",Religion,Modifiers the cost of appointing a cardinal.,Multiplicative
care_about_producing_heirs,,none,EU5-specific royal marriage/heir mechanic,"If this [country|e] wants to have [heirs|e], and can do [royal_marriages|e] or not.",country,boolean,good,,,
carefulness_modifier,,none,EU5-specific AI behavior modifier,"This modifies how careful an AI [country|e] is, attacking only way weaker [countries|e].",country,multiplicative,"percent, good",,,
castrate_character_price_cost_modifier,,none,EU5-specific character action,Castrate Price Cost Modifier,country,multiplicative,"percent, bad",,,
casus_belli_creation_speed,,none,EU5-specific CB creation speed,This impacts how quickly a [country|e] can create a new [casus_belli|e].,country,,"raw percent, good",,,
casus_belli_creation_speed_modifier,fabricate_claims_cost,medium,Related CB fabrication but EU4 is cost-based,This impacts how quickly a [country|e] can create a new [casus_belli|e].,country,multiplicative,"percent, good",Espionage,Modifies spy network cost for fabricating claim.,Multiplicative
catholic_country_interaction_cost_modifier,,none,EU5-specific Catholic diplomatic mechanic,This modifies the [religious_influence|e] cost to do a religious [country_interaction|e].,country,multiplicative,"percent, bad",,,
chancery_cap_level,,none,EU5-specific building max level,This modifies how many levels the [ShowBuildingTypeName('chancery')] can have.,country,,good,,,
change_court_language_cost_modifier,,none,EU5-specific court language mechanic,This impacts how much it [costs|e] to change [court_language|e].,country,multiplicative,"percent, bad",,,
change_curia_vote_cost_modifier,curia_powers_cost,high,Both modify curia action costs,This impacts how much it [costs|e] to change a vote for a [curia_action|e],country,multiplicative,"percent, bad",Religion,Modifies the papal influence cost of the curia actions.,Multiplicative
change_employment_system_cost_modifier,,none,EU5-specific employment system,This impacts the [costs|e] of [ShowGenericActionName('change_employment_system')].,country,multiplicative,"percent, bad",,,
change_government_type_price_cost_modifier,colonial_type_change_cost_modifier,medium,Match: colonial_type_change_cost_modifier ↔ change_government_type_price_cost_modifier,This impacts the [costs|e] of changing our [government_type|e] through [actions|e] in the $lateralview_form_new_country_entry_name$.,country,multiplicative,"percent, bad",Subject,Modifies the cost of changing colonial type.,Multiplicative
change_heir_selection_cost_modifier,,none,EU5-specific heir selection mechanic,This impacts how much it [costs|e] to change [heir_selection|e].,country,multiplicative,"percent, bad",,,
change_liturgical_language_cost_modifier,,none,EU5-specific religious language,This impacts how much it [costs|e] to change [liturgical_language|e].,country,multiplicative,"percent, bad",,,
change_main_school_cost_modifier,change_main_school_cost_modifier,high,Direct name match - religious school change (EU4 has similar concept),This impacts the [costs|e] of [ShowGenericActionName('change_main_school')].,country,multiplicative,"percent, bad",,,
change_organization_parliament_type_cost_modifier,colonial_type_change_cost_modifier,medium,Match: colonial_type_change_cost_modifier ↔ change_organization_parliament_type_cost_modifier,This impacts the [costs|e] of changing [parliament_type|e] for an [international_organization|e].,country,multiplicative,"percent, bad",Subject,Modifies the cost of changing colonial type.,Multiplicative
change_parliament_type_cost_modifier,colonial_type_change_cost_modifier,medium,Match: colonial_type_change_cost_modifier ↔ change_parliament_type_cost_modifier,This impacts the [costs|e] of changing [parliament_type|e] for a [country|e].,country,multiplicative,"percent, bad",Subject,Modifies the cost of changing colonial type.,Multiplicative
change_policy_cost_modifier,,none,EU5-specific policy change action,This impacts how much it [costs|e] to change a [policy|e] in a [law|e].,country,multiplicative,"percent, bad",,,
change_primary_culture_cost_modifier,promote_culture_cost,medium,Related culture change action,This impacts how much it costs to change [primary_culture|e].,country,multiplicative,"percent, bad",Culture,Modifies the diplomatic power cost for promoting a culture.,Multiplicative
change_religious_aspect_hellenism_cost_modifier,,none,EU5-specific religious aspect,This impacts the [costs|e] of changing a [religious_aspect|e].,country,multiplicative,"percent, bad",,,
change_religious_aspect_inti_cost_modifier,flagship_cost,high,Semantic match: flagship_cost ↔ change_religious_aspect_inti_cost_modifier,This impacts the [costs|e] of changing worshipping a [god|e].,country,multiplicative,"percent, bad",Navy,Modifies the cost of building a flagship.,Multiplicative
character_on_task_modifier,,none,EU5-specific character task system,This [character|e] is currently conducting a task on behalf of their liege and will therefore be unavailable for some time.,country,boolean,neutral,,,
christian_tenet_price_cost_modifier,,none,EU5-specific religious tenet system,This impacts the [costs|e] of implementing a Christian Tenet in [autocephalous_patriarchates|e].,country,multiplicative,"percent, bad",,,
city_upgrade_cost_modifier,,none,EU5-specific city upgrade mechanic,This impacts the [costs|e] of creating a [ShowLocationRankName('city')].,country,multiplicative,"percent, bad",,,
claim_shugo_office_cost_modifier,,none,EU5-specific Japanese office mechanic,This impacts the [costs|e] of [ShowGenericActionName('claim_shugo_office')].,country,multiplicative,"percent, bad",,,
cleansing_ritual_purity_cost_modifier,,none,EU5-specific religious action,This impacts the [costs|e] of [ShowGenericActionName('cleansing_ritual_purity')].,country,multiplicative,"percent, bad",,,
cleansing_ritual_yanantin_cost_modifier,,none,EU5-specific religious action,This impacts the [costs|e] of [ShowGenericActionName('cleansing_ritual_yanantin')].,country,multiplicative,"percent, bad",,,
clergy_estate_agenda_impact,,none,EU5-specific estate agenda system,This modifies the support that the [parliament_agendas|e] that proposes from the $clergy_estate$ has.,"country, estate",,"percent, good",,,
clergy_estate_levy_size,free_leader_pool,high,Semantic match: free_leader_pool ↔ clergy_estate_levy_size,This impacts the size of [army_levies|e] and [navy_levies|e] from the $clergy_estate$.,"country, estate",,"percent, good",Military,Adds to the maximum amount of free leaders (both land leaders and navy leaders pool).,Additive
clergy_estate_max_tax,,none,EU5-specific estate tax range,This impacts the [maximum_tax|e] that can be collected from the $clergy_estate$.,"country, estate",,"percent, good",,,
clergy_estate_min_tax,,none,EU5-specific estate tax range,This impacts the [minimum_tax|e] that can be collected from the $clergy_estate$.,"country, estate",,"percent, good",,,
clergy_estate_satisfaction_decay,,none,EU5-specific estate satisfaction,This impacts how quickly the [estate_satisfaction|e] decays down to the [estate_satisfaction_equilibrium|e] for the $clergy_estate$ in this [country|e].,"country, estate",,"percent, neutral",,,
clergy_estate_satisfaction_recovery,,none,EU5-specific estate satisfaction,This impacts how quickly the [estate_satisfaction|e] recovers to the [estate_satisfaction_equilibrium|e] for the $clergy_estate$ in this [country|e].,"country, estate",,"percent, neutral",,,
clergy_estate_target_satisfaction,,none,EU5-specific estate satisfaction equilibrium,This impacts the [estate_satisfaction_equilibrium|e] of the $clergy_estate$ in this [country|e].,"country, estate",,"percent, good",,,
close_the_borders_cost_modifier,,none,EU5-specific isolation action,This impacts the [costs|e] of [ShowGenericActionName('close_the_borders')].,country,multiplicative,"percent, bad",,,
coalition_strength_tolerance,,none,EU5-specific AI coalition mechanic,How much extra strength in a potential coalition compared to their own a leader is prepared to tolerate when taking land in a [war|e].,country,,good,,,
coastal_ocean_proximity_impact,,none,EU5-specific proximity system,This impacts the [proximity|e] cost when going through [ShowTopographyName('coastal_ocean')].,country,,"percent, bad",,,
colonial_maintenance_cost,,none,EU5-specific colonial upkeep,Colonial Maintenance,country,,"percent, bad",,,
colonial_migration_size,global_colonial_growth,high,Both add to base colonial growth,This impacts how quick [colonial_migration|e] is.,country,,good,Colonisation,Adds to the base yearly colonial growth gain.,Additive
colonial_migration_size_modifier,global_colonial_growth;colonist_placement_chance;native_assimilation;colony_development_boost,high,"Both modify colonial growth; Loose match - EU4 colonial growth modifiers (colonist chance, native assimilation, colony dev boost) = EU5 colonial_migration_size_modifier; all increase colonial population growth",This impacts how quick [colonial_migration|e] is,country,multiplicative,"percent, good",Colonisation,Adds to the base yearly colonial growth gain.,Additive
colonial_range,range,high,Direct equivalent - colonial/exploration range,This impacts the [colonial_range|e] of a [country|e].,country,,good,Colonisation,"Modifies the base colonisation range, used for exploration, colonisation and coring province that border sea.",Multiplicative
colonial_range_modifier,range,high,Direct equivalent - colonial range modifier,This impacts the [colonial_range|e] of a [country|e].,country,multiplicative,"percent, good",Colonisation,"Modifies the base colonisation range, used for exploration, colonisation and coring province that border sea.",Multiplicative
combat_speed_modifier,cavalry_flanking,medium,EU5-specific battle pacing; Loose match - EU4 cavalry_flanking (flanking effectiveness) mapped to EU5 combat speed (battle pacing); both affect battle dynamics,This impacts the [combat_speed|e] of a [regiment|e] or [ship|e] in [battle|e].,unit,multiplicative,"percent, good",,,
combined_arms_max_threshold,cav_to_inf_ratio,low,Loose semantic match - EU5 combined arms max threshold loosely resembles EU4 cavalry-to-infantry ratio (both govern army composition limits),This determines the maximum percentage of a [unit|e] that a [unit_category|e] can be to give a [combined_arms|e] bonus.,unit,,"percent, good",Military,Adds to the ratio required to negate the insufficient support penalty.,Additive
combined_arms_min_percent_for_bonus,,none,EU5-specific combined arms mechanic,This determines the minimum percentage of a [unit|e] that a [unit_category|e] have to be to give a [combined_arms|e] bonus.,unit,,"percent, bad",,,
combined_bonus_per_type,,none,EU5-specific combined arms bonus,This impacts how big the [combined_arms|e] bonus is per valid [unit_category|e].,unit,,"percent, good",,,
commission_art_price_cost_modifier,,none,EU5-specific artist/culture action,This impacts the [costs|e] for the [ShowCharacterInteractionName('commission_art')] [character_interaction|e].,country,multiplicative,"percent, bad",,,
commission_religious_images_cost_modifier,,none,EU5-specific religious action,This impacts the [costs|e] of [ShowGenericActionName('commission_religious_images')].,country,multiplicative,bad,,,
complacent_decline_actions_price_cost_modifier,,none,EU5-specific disaster action,This impacts the [cost|e] of the [actions|e] associated with the [ShowDisasterName('decline_of_empire')] [disaster|e].,country,multiplicative,"percent, good",,,
compose_strategikon_price_cost_modifier,,none,EU5-specific Byzantine action,Compose Stratēgikòn Price Cost Modifier,country,multiplicative,"percent, bad",,,
conduct_keju_examination_cost_modifier,,none,EU5-specific Chinese examination system,This impacts the [costs|e] of [ShowGenericActionName('conduct_keju_examination')].,country,multiplicative,"percent, bad",,,
construction_center_max_level,,none,EU5-specific building max level,This impacts the maximum level that a [ShowBuildingTypeName('construction_center')] can reach.,country,additive,good,,,
contact_patriarch_of_constantinople_cost_modifier,,none,EU5-specific Orthodox action,This impacts the [cost|e] of contacting the Patriarch of Constantinople.,country,multiplicative,"percent, bad",,,
control_importance_modifier,,none,EU5-specific AI importance modifier,This modifiers how much the AI country values control.,country,multiplicative,good,,,
control_the_bhres_price_cost_modifier,,none,EU5-specific event action,This impacts the [costs|e] of [ShowGenericActionName('control_the_bhres')].,country,multiplicative,"percent, bad",,,
control_the_food_market_cost_modifier,,none,EU5-specific food system action,This impacts the [costs|e] of [ShowGenericActionName('control_the_food_market')].,country,multiplicative,"percent, bad",,,
convert_religion_cost_modifier,same_religion_advisor_cost,medium,Semantic match: same_religion_advisor_cost ↔ convert_religion_cost_modifier,This impacts how much it [costs|e] to change [state_religion|e].,country,multiplicative,"percent, bad",Court,Modifies the advisor cost for advisors that share the same religion as the country's court they're in.,Multiplicative
correct_box_chance,reserves_organisation,medium,EU5-specific battle/tactic mechanic; Loose match - EU4 reserves_organisation (reduced morale damage for reserves) mapped to EU5 correct_box_chance (chance to join intended section); both affect units not yet in main combat,This impacts the chance of a unit late to a [battle|e] joining their intended [section|e].,unit,,"percent, good",,,
corrupt_officials_monthly_cost_cost_modifier,,none,EU5-specific corruption action,This impacts the monthly [costs|e] for the [ShowRelationTypeName('corrupt_officials')] [diplomatic_action|e].,country,multiplicative,"percent, bad",,,
cossacks_estate_agenda_impact,,none,EU5-specific estate agenda,This modifies the support that the [parliament_agendas|e] that proposes from the $cossacks_estate$ has.,"country, estate",,"percent, good",,,
cossacks_estate_levy_size,free_leader_pool,high,Semantic match: free_leader_pool ↔ cossacks_estate_levy_size,This impacts the size of [army_levies|e] and [navy_levies|e] from the $cossacks_estate$.,"country, estate",,"percent, good",Military,Adds to the maximum amount of free leaders (both land leaders and navy leaders pool).,Additive
cossacks_estate_max_tax,,none,EU5-specific estate tax range,This impacts the [maximum_tax|e] that can be collected from the $cossacks_estate$.,"country, estate",,"percent, good",,,
cossacks_estate_min_tax,,none,EU5-specific estate tax range,This impacts the [minimum_tax|e] that can be collected from the $cossacks_estate$.,"country, estate",,"percent, good",,,
cossacks_estate_satisfaction_decay,,none,EU5-specific estate satisfaction,This impacts how quickly the [estate_satisfaction|e] decays down to the [estate_satisfaction_equilibrium|e] for the $cossacks_estate$ in this [country|e].,"country, estate",,"percent, neutral",,,
cossacks_estate_satisfaction_recovery,,none,EU5-specific estate satisfaction,This impacts how quickly the [estate_satisfaction|e] recovers to the [estate_satisfaction_equilibrium|e] for the $cossacks_estate$ in this [country|e].,"country, estate",,"percent, neutral",,,
cossacks_estate_target_satisfaction,,none,EU5-specific estate satisfaction equilibrium,This impacts the [estate_satisfaction_equilibrium|e] of the $cossacks_estate$ in this [country|e].,"country, estate",,"percent, good",,,
counter_espionage,global_spy_defence,high,Both modify counter-espionage effectiveness,This impacts the [counterespionage|e] of a [country|e].,country,,"percent, good",Espionage,Modifies the base effectiveness of counter-espionage against enemy spies.,Multiplicative
country_allow_canonization,,none,EU5-specific canonization permission,"This allows a [country|e] to [canonize|e] dead [rulers|e], if their [religion|e] has $game_concept_saints$.",country,boolean,good,,,
country_bans_saffron_shirts,,none,EU5-specific religious dress rule,"This prevents our [pops|e] with [ShowLanguageName('gaelic_language')] [language|e] or [ShowCultureGroupName('hibernian_group')] [culture_group|e] from wearing #italic léine chróich#! tunics in the [ShowCultureGroupName('celtic_group')] fashion, which reduces the [demand|e] of [ShowGoodsName('saffron')] on their [market|e]. They will look much more civilized dressed like us.",country,boolean,good,,,
country_cabinet_efficiency,,none,EU5-specific cabinet system,This impacts the [cabinet_efficiency|e] of all [characters|e] in the [cabinet|e] of a [country|e].,country,,"percent, good",,,
country_can_use_lordship_of_ireland_cb,can_transport_units,medium,Semantic match: can_transport_units ↔ country_can_use_lordship_of_ireland_cb,This allows a country in the [GetUniqueInternationalOrganization('lordship_of_ireland').GetName] to use the [ShowGenericActionName('lordship_of_ireland_casus_belli')] to form a [ShowCasusBelliName('cb_subjugation')] [casus_belli|e].,country,boolean,good,Navy,Allows non-transport ships to transport land units. Only works properly with unit scope.,Constant
country_celtic_marriage_banned,,none,EU5-specific marriage restriction,This prevents [characters|e] in a country from [marrying|e] [ShowCultureGroupName('celtic_group')] $game_concept_characters$.,country,boolean,bad,,,
country_child_education,,none,EU5-specific character education system,This impacts the [ability|e] increase of all [children|e] in a [country|e] during their [education|e].,country,,"percent, good",,,
country_marriage_banned,,none,EU5-specific marriage restriction,This prevents a country from performing [royal_marriages|e].,country,boolean,bad,,,
coup_attempt_disaster_actions_price_cost_modifier,,none,EU5-specific disaster action,This impacts the [cost|e] of the [actions|e] associated with the [ShowDisasterName('coup_attempt')] [disaster|e].,country,multiplicative,"percent, bad",,,
court_eunuchs_bureaucracy_impact_modifier,,none,EU5-specific Chinese bureaucracy,How much the [bureaucracy|e] affects the [country|e].,country,multiplicative,"percent, good",,,
court_language_is_common_language_importance_modifier,,none,EU5-specific court language AI,This modifies how much the AI country values that their [court_language|e] should be the same as their [common_language|e].,country,multiplicative,good,,,
court_language_is_liturgical_language_importance_modifier,,none,EU5-specific court language AI,This modifies how much the AI country values that their [court_language|e] should be the same as their [liturgical_language|e].,country,multiplicative,good,,,
court_language_is_market_language_importance_modifier,,none,EU5-specific court language AI,This modifies how much the AI country values that their [court_language|e] should be the same as their [market_language|e].,country,multiplicative,good,,,
court_spending_cost_modifier,governing_cost;governing_capacity_modifier;governing_capacity,high,EU5-specific court expenses; Direct match - EU4 governing cost/capacity (administrative overhead) = EU5 court spending (court/cabinet upkeep); both represent bureaucratic maintenance costs; Loose match - EU4 governing_capacity (administrative capacity) mapped to EU5 court spending; both represent bureaucratic overhead costs,Expected Cost of Court,country,multiplicative,"percent, bad",,,
crackdown_their_strongholds_cost_modifier,,none,EU5-specific action,This impacts the [costs|e] of [ShowGenericActionName('crackdown_their_strongholds')].,country,multiplicative,"percent, bad",,,
create_autocephalous_patriarchate_cost_modifier,,none,EU5-specific Orthodox action,This impacts the [costs|e] of [ShowGenericActionName('create_autocephalous_patriarchate')].,country,multiplicative,"percent, bad",,,
create_colonial_charter_cost_modifier,colonial_type_change_cost_modifier,high,Semantic match: colonial_type_change_cost_modifier ↔ create_colonial_charter_cost_modifier,This impacts how much it [costs|e] to create a new [colonial_charter|e].,country,multiplicative,"percent, bad",Subject,Modifies the cost of changing colonial type.,Multiplicative
create_italian_league_price_cost_modifier,,none,EU5-specific Italian League action,This impacts the [costs|e] of [ShowGenericActionName('create_italian_league')].,country,multiplicative,"percent, bad",,,
create_market_cost_modifier,,none,EU5-specific market system,This impacts how much it [costs|e] to create a new [market|e].,country,multiplicative,"percent, bad",,,
create_supply_depot_cost_modifier,may_build_supply_depot,medium,Related supply depot mechanic (EU4 is permission flag),This impacts how much it [costs|e] to create a [supply_depot|e].,country,multiplicative,"percent, bad",Military,Allows a country to build supply depots,Constant
crown_estate_agenda_impact,,none,EU5-specific estate agenda,UNUSED,"country, estate",,"percent, good",,,
crown_estate_levy_size,,none,EU5-specific estate levy,NOT USED,"country, estate",,"percent, good",,,
crown_estate_max_tax,,none,EU5-specific estate tax range,NOT USED,"country, estate",,"percent, good",,,
crown_estate_min_tax,,none,EU5-specific estate tax range,NOT USED,"country, estate",,"percent, good",,,
crown_estate_satisfaction_decay,,none,EU5-specific estate satisfaction,NOT USED,"country, estate",,"percent, neutral",,,
crown_estate_satisfaction_recovery,,none,EU5-specific estate satisfaction,NOT USED,"country, estate",,"percent, neutral",,,
crown_estate_target_satisfaction,,none,EU5-specific estate satisfaction equilibrium,NOT USED,"country, estate",,"percent, good",,,
crown_power_from_population,power_projection_from_insults,medium,Match: power_projection_from_insults ↔ crown_power_from_population,This impacts how much [estate_power|e] the $crown_estate$ gets for each [pop|e] in the entire [country|e].,country,,"percent, good",Court,Modifies the amount of power projection gained when using the ‘Insult’ diplomatic action.,Multiplicative
cultural_influence,,none,EU5-specific cultural influence resource,This impacts the [cultural_influence|e] of our [primary_culture|e].,country,,good,,,
cultural_influence_modifier,,none,EU5-specific cultural influence resource,$MODIFIER_TYPE_DESC_cultural_influence$,country,multiplicative,"percent, good",,,
cultural_tradition,,none,EU5-specific cultural tradition resource,This impacts the [cultural_tradition|e] of our [primary_culture|e].,country,,good,,,
cultural_tradition_modifier,,none,EU5-specific cultural tradition resource,$MODIFIER_TYPE_DESC_cultural_tradition$,country,multiplicative,"percent, good",,,
cultures_capacity,num_accepted_cultures,high,Both add to max number of accepted cultures,This impacts how many [accepted_cultures|e] and [tolerated_cultures|e] a [country|e] can have. Some cultures cost less.,country,,good,Culture,Adds to the maximum number of accepted cultures a country can have.,Additive
cultures_capacity_modifier,num_accepted_cultures,medium,Related but modifier form,$MODIFIER_TYPE_DESC_cultures_capacity$,country,multiplicative,"percent, good",Culture,Adds to the maximum number of accepted cultures a country can have.,Additive
curia_actions_blocked,,none,EU5-specific curia block flag,This impacts if [curia_actions|e] are allowed in the [religion|e] or not.,religion,boolean,good,,,
damage_done_versus_heathens_modifier,,none,EU5-specific religious damage bonus,This impacts the damage done against heathen [hostile|e] [armies|e] during a [battle|e].,unit,multiplicative,"percent, good",,,
damage_done_versus_heretics_modifier,,none,EU5-specific religious damage bonus,This impacts the damage done against heretic [hostile|e] [armies|e] during a [battle|e].,unit,multiplicative,"percent, good",,,
deactivate_avatar_cost_modifier,,none,EU5-specific avatar mechanic,This impacts the [costs|e] of [ShowGenericActionName('deactivate_avatar')].,country,multiplicative,"percent, bad",,,
declaring_war_cost_modifier,stability_cost_to_declare_war,medium,Related war declaration cost (EU4 uses stability),This impacts how much it [costs|e] to declare a [war|e].,country,multiplicative,"percent, bad",Diplomacy,Modifies the stability cost to declare war. Default is 0 with a casus belli and no truce.,Additive
deep_ocean_proximity_impact,,none,EU5-specific proximity system,This impacts the [proximity|e] cost when going through [ShowTopographyName('deep_ocean')].,country,,"percent, bad",,,
defence_importance_modifier,,none,EU5-specific AI importance modifier,This modifies how much the AI country values defense.,country,multiplicative,good,,,
demand_church_tax_price_cost_modifier,war_taxes_cost_modifier,medium,Semantic match: war_taxes_cost_modifier ↔ demand_church_tax_price_cost_modifier,This impacts the [costs|e] of calling for a [ShowGenericActionName('demand_church_tax')].,country,multiplicative,"percent, bad",Military,Modifies the military power cost for raising war taxes.,Multiplicative
demand_extra_payment_from_shogun_court_cost_modifier,,none,EU5-specific shogun court action,This impacts the [costs|e] of [ShowGenericActionName('demand_extra_payment_from_shogun_court')].,country,multiplicative,"percent, bad",,,
deselect_expensive_child_education_cost_modifier,,none,EU5-specific education mechanic,This impacts how much it [costs|e] to stop an expensive [child_education|e].,country,multiplicative,"percent, bad",,,
deselect_orthodox_education_cost_modifier,,none,EU5-specific Orthodox education,Stopping Patriarch Education,country,multiplicative,"percent, bad",,,
destroy_market_cost_modifier,,none,EU5-specific market system,This impacts how much it [costs|e] to destroy a [market|e].,country,multiplicative,"percent, bad",,,
dhimmi_estate_agenda_impact,,none,EU5-specific estate agenda,This modifies the support that the [parliament_agendas|e] that proposes from the $dhimmi_estate$ has.,"country, estate",,"percent, good",,,
dhimmi_estate_levy_size,free_leader_pool,high,Semantic match: free_leader_pool ↔ dhimmi_estate_levy_size,This impacts the size of [army_levies|e] and [navy_levies|e] from the $dhimmi_estate$.,"country, estate",,"percent, good",Military,Adds to the maximum amount of free leaders (both land leaders and navy leaders pool).,Additive
dhimmi_estate_max_tax,,none,EU5-specific estate tax range,This impacts the [maximum_tax|e] that can be collected from the $dhimmi_estate$.,"country, estate",,"percent, good",,,
dhimmi_estate_min_tax,,none,EU5-specific estate tax range,This impacts the [minimum_tax|e] that can be collected from the $dhimmi_estate$.,"country, estate",,"percent, good",,,
dhimmi_estate_satisfaction_decay,,none,EU5-specific estate satisfaction,This impacts how quickly the [estate_satisfaction|e] decays down to the [estate_satisfaction_equilibrium|e] for the $dhimmi_estate$ in this [country|e].,"country, estate",,"percent, neutral",,,
dhimmi_estate_satisfaction_recovery,,none,EU5-specific estate satisfaction,This impacts how quickly the [estate_satisfaction|e] recovers to the [estate_satisfaction_equilibrium|e] for the $dhimmi_estate$ in this [country|e].,"country, estate",,"percent, neutral",,,
dhimmi_estate_target_satisfaction,,none,EU5-specific estate satisfaction equilibrium,This impacts the [estate_satisfaction_equilibrium|e] of the $dhimmi_estate$ in this [country|e].,"country, estate",,"percent, good",,,
diplomacy_importance_modifier,,none,EU5-specific AI importance modifier,This modifiers how much the AI country values diplomacy.,country,multiplicative,good,,,
diplomatic_annexation_cost,diplomatic_annexation_cost,high,Direct equivalent - diplomatic annexation cost,Diplomatic Annexation Cost,country,,"percent, bad",Diplomacy,Modifies the diplomatic power cost for annexation.,Multiplicative
diplomatic_capacity,diplomatic_upkeep,high,Both add to max diplomatic relations,This impacts how many [diplomatic_capacity_used|e] a [country|e] can have.,country,,good,Diplomacy,Adds to the maximum number of free diplomatic relations.,Additive
diplomatic_capacity_modifier,diplomatic_upkeep,medium,Related diplomatic capacity but modifier form,$MODIFIER_TYPE_DESC_diplomatic_capacity$,country,multiplicative,"percent, good",Diplomacy,Adds to the maximum number of free diplomatic relations.,Additive
diplomatic_range,,none,EU5-specific diplomatic range (EU4 has no such modifier),This impacts the [diplomatic_range|e] of a [country|e].,country,,good,,,
diplomatic_range_modifier,,none,EU5-specific diplomatic range,This impacts the [diplomatic_range|e] of a [country|e].,country,multiplicative,"percent, good",,,
diplomatic_reputation,diplomatic_reputation,high,Direct equivalent - diplomatic reputation,This impacts the [diplomatic_reputation|e] of a [country|e].,country,,good,Diplomacy,Adds to a country's diplomatic reputation.,Additive
diplomatic_spending_cost,,none,EU5-specific diplomatic budget,This impacts how much of the [tax_base|e] that is expected to be [diplomatic_maintenance|e].,country,,"percent, bad",,,
diplomatic_upkeep_modifier,diplomatic_upkeep,medium,Related to diplomatic relations upkeep,Diplomatic Upkeep Modifier,country,multiplicative,"percent, neutral",Diplomacy,Adds to the maximum number of free diplomatic relations.,Additive
disallow_diplomatic_subjugation,,none,EU5-specific subjugation permission,This prevents a [country|e] from being a [subject|e] through diplomatic means.,country,boolean,good,,,
disallow_migration_beyond_borders,,none,EU5-specific migration mechanic,This closes the borders of a [country|e] to [migration|e] in either direction.,country,boolean,good,,,
disallow_military_subjugation,,none,EU5-specific subjugation permission,This prevents a [country|e] from being a [subject|e] through military means.,country,boolean,good,,,
disallows_female_rulers,,none,EU5-specific gender rule,This disallows any potential female [rulers|e] or [heirs|e].,country,boolean,neutral,,,
discard_worldly_possessions_cost_modifier,,none,EU5-specific religious action,This impacts the [costs|e] of [ShowGenericActionName('discard_worldly_possessions')].,country,multiplicative,"percent, bad",,,
discipline,discipline,high,Direct equivalent - military discipline,This impacts the [discipline|e] of a [regiment|e].,unit,,"percent, good",Military,Modifies the discipline of land units.,Multiplicative
disfavor_sect_cost_modifier,,none,EU5-specific religious sect action,This impacts the [costs|e] of [ShowGenericActionName('disfavor_sect')].,country,multiplicative,bad,,,
dismiss_privateer_cost_modifier,,none,EU5-specific privateer action,This impacts how much it [costs|e] to dismiss [privateers|e].,country,multiplicative,"percent, bad",,,
dismiss_religious_figure_cost_modifier,,none,EU5-specific religious figure action,This impacts how much it [costs|e] to dismiss [invited_religious_figures|e].,country,multiplicative,"percent, bad",,,
dune_wasteland_proximity_impact,global_regiment_cost,high,Semantic match: global_regiment_cost ↔ dune_wasteland_proximity_impact,This impacts the [proximity|e] cost when going through [ShowTopographyName('dune_wasteland')].,country,,"percent, bad",Military,Modifies the base unit cost for all land units.,Multiplicative
election_term_in_months,election_cycle,high,Both modify duration of election cycles,This impacts the time between [elections|e] in a [ShowGovernmentTypeName('republic')].,country,,neutral,Government,"Adds to the duration of an election cycle for the current nation. Negative values shorten the duration, positive values add to it.",Additive
embrace_institution_cost_modifier,embracement_cost,high,Direct equivalent - cost to embrace institution,This impacts how much it [costs|e] to [embrace|e] an [institution|e].,country,multiplicative,"percent, bad",Technology,Modifies the ducat cost for embracing an institution.,Multiplicative
empty_unit_maintenance_cost_modifier,,none,EU5-specific (marked unused in file),(unused),country,multiplicative,"percent, bad",,,
enable_black_market_buildings,,none,EU5-specific black market buildings,This allows the construction of a [ShowBuildingTypeName('black_market')] [foreign_building|e],country,boolean,good,,,
enable_doom,,none,EU5-specific doom mechanic toggle,This determines if the [country|e] experiences the [doom|e] or not.,country,boolean,bad,,,
enable_pest_house,,none,EU5-specific plague building,This allows us to build the [ShowBuildingTypeName('pest_house')] [building|e].,country,boolean,good,,,
enable_pronoia_subject,,none,EU5-specific Byzantine subject type,Allow Prónoia Subjects,country,boolean,good,,,
enable_taxation,,none,EU5-specific taxation toggle,This allows a [country|e] to collect [taxes|e] from their [estates|e].,country,boolean,good,,,
enables_german_migration,,none,EU5-specific German migration events,Allows for [events|e] to fire for migration of [ShowCultureGroupName('german_group')] [pops|e] to our [locations|e].,country,boolean,good,,,
enemy_army_losses_in_war_cost_modifier,,none,EU5-specific war cost tracking,This impacts the [costs|e] of killing [hostile|e] [armies|e] during a [war|e].,country,multiplicative,"percent, bad",,,
ennoble_price_cost_modifier,,none,EU5-specific ennoblement action,This impacts the [costs|e] for the [ShowCharacterInteractionName('ennoble')] [character_interaction|e].,country,multiplicative,"percent, bad",,,
enslave_tribals,,none,EU5-specific pop/tribal mechanic,This will make [ShowPopTypeName('tribesmen')] to [ShowPopTypeName('slaves')] when a [colonial_charter|e] flips a [location|e] to become [owned|e].,country,boolean,good,,,
establish_goods_act_cost_modifier,,none,EU5-specific goods act mechanic,This impacts the [costs|e] of [ShowGenericActionName('establish_goods_act')].,country,multiplicative,"percent, bad",,,
establish_treaty_with_kirishitan_cost_modifier,,none,EU5-specific Kirishitan treaty,This impacts the [costs|e] of [ShowGenericActionName('establish_treaty_with_kirishitan')].,country,multiplicative,"percent, bad",,,
estate_building_destruction_satisfaction_impact,,none,EU5-specific estate building system,This impacts the [estate_satisfaction|e] of the [estate|e] that build a [building|e] when a [country|e] destroys it.,"country, estate",,"percent, good",,,
estate_enrichment,,none,EU5-specific estate mechanic,This impacts the [estates_enrichment|e] in a [country|e].,"country, estate",,"percent, bad",,,
estate_power_from_cabinet,power_projection_from_insults,medium,Match: power_projection_from_insults ↔ estate_power_from_cabinet,This impacts the [estate_power|e] of the [estate|e] a [character|e] belongs to when assigned to [cabinet|e].,"country, estate",,"percent, bad",Court,Modifies the amount of power projection gained when using the ‘Insult’ diplomatic action.,Multiplicative
estate_power_from_command,free_leader_pool,high,Semantic match: free_leader_pool ↔ estate_power_from_command,This impacts the [estate_power|e] of the [estate|e] a [character|e] belongs to when leading an [army|e] or [navy|e].,"country, estate",,"percent, bad",Military,Adds to the maximum amount of free leaders (both land leaders and navy leaders pool).,Additive
estate_satisfaction_from_building,,none,EU5-specific estate building satisfaction,This impacts the [estate_satisfaction|e] of the [estates|e] that could work in the [building|e] when it is built.,"country, estate",,"percent, good",,,
eunuch_power,,none,EU5-specific Chinese eunuch mechanic,This modifies the [modifiers|e] given by the [ShowGovernmentReformName('empower_the_eunuchs')] [government_reform|e]. The gain for the $MODIFIER_TYPE_NAME_country_cabinet_efficiency$ is linear and the gain for the $MODIFIER_TYPE_NAME_court_spending_efficiency$ is exponential.,country,,"percent, neutral",,,
examine_our_fortifications_price_cost_modifier,rival_border_fort_maintenance,medium,Semantic match: rival_border_fort_maintenance ↔ examine_our_fortifications_price_cost_modifier,This impacts the [costs|e] of [ShowGenericActionName('examine_our_fortifications')].,country,multiplicative,"percent, bad",Military,Modifies the base fort maintenance cost for forts in provinces that border rivals.,Multiplicative
excluded_from_imperial_protection,,none,EU5-specific HRE mechanic,This excludes the country from being protected by the [hre_emperor|e] even if it was part of the [GetUniqueInternationalOrganization('hre').GetName].,country,boolean,bad,,,
excluded_from_paying_imperial_contribution,,none,EU5-specific HRE tribute,"This excludes the [country|e] from the duty of paying the [payment|e] of [ShowPaymentName('imperial_contribution')], [ShowPaymentName('imperial_treasury_contribution')] and [ShowPaymentName('imperial_army_contribution')].",country,boolean,good,,,
excluded_from_paying_tithe,,none,EU5-specific religious tithe,This excludes the [country|e] from the duty of paying the [tithe|e].,country,boolean,good,,,
excommunication_price_cost_modifier,,none,EU5-specific excommunication cost,This modifies the [religious_influence|e] cost to [excommunicate|e] a [country|e].,country,multiplicative,"percent, bad",,,
exempt_from_tribute_cost_modifier,,none,EU5-specific tribute exemption,This impacts the [costs|e] of [ShowGenericActionName('exempt_from_tribute')].,country,multiplicative,"percent, bad",,,
expand_aqueduct_system_cost_modifier,,none,EU5-specific aqueduct action,This impacts how much it [costs|e] to construct the [ShowBuildingTypeName('aqueduct_system')] [building|e].,country,multiplicative,"percent, bad",,,
expand_rgo_farming_cost_modifier,,none,EU5-specific RGO/pop system,This impacts how much it [costs|e] to increase the number of [pops|e] working with [raw_materials|e] that requires farms.\n#V Raw Goods#! using #V Farming #!: [GetListOfGoodsUsingMethod('farming')].,country,multiplicative,"percent, bad",,,
expand_rgo_forestry_cost_modifier,,none,EU5-specific RGO/pop system,This impacts how much it [costs|e] to increase the number of [pops|e] working with [raw_materials|e] that requires forestry.\n#V Raw Goods#! using #V Forestry #!: [GetListOfGoodsUsingMethod('forestry')].,country,multiplicative,"percent, bad",,,
expand_rgo_gathering_cost_modifier,,none,EU5-specific RGO/pop system,This impacts how much it [costs|e] to increase the number of [pops|e] working with [raw_materials|e] that requires gathering.\n#V Raw Goods#! using #V Gathering #!: [GetListOfGoodsUsingMethod('gathering')].,country,multiplicative,"percent, bad",,,
expand_rgo_hunting_cost_modifier,,none,EU5-specific RGO/pop system,This impacts how much it [costs|e] to increase the number of [pops|e] working with [raw_materials|e] that requires hunting.\n#V Raw Goods#! using #V Hunting #!: [GetListOfGoodsUsingMethod('hunting')].,country,multiplicative,"percent, bad",,,
expand_rgo_mining_cost_modifier,,none,EU5-specific RGO/pop system,This impacts how much it [costs|e] to increase the number of [pops|e] working with [raw_materials|e] that requires mines.\n#V Raw Goods#! using #V Mining #!: [GetListOfGoodsUsingMethod('mining')].,country,multiplicative,"percent, bad",,,
expected_army_size,land_forcelimit,medium,Match: land_forcelimit ↔ expected_army_size,This impacts how large an [army|e] the [estates|e] expect a [country|e] to have.,country,,good,Military,Adds to a country's force limit.,Additive
expected_army_size_modifier,land_forcelimit_modifier,medium,Match: land_forcelimit_modifier ↔ expected_army_size_modifier,This impacts how large an [army|e] the [estates|e] expect a [country|e] to have.,country,multiplicative,"percent, good",Military,Modifies a country's force limit.,Multiplicative
expected_navy_size,,none,EU5-specific AI expected navy size,This impacts how large a [navy|e] the [estates|e] expect a [country|e] to have.,country,,good,,,
expected_navy_size_modifier,,none,EU5-specific AI expected navy size,This impacts how large a [navy|e] the [estates|e] expect a [country|e] to have.,country,multiplicative,"percent, good",,,
expected_warscore_modifier,,none,EU5-specific AI warscore expectation,This modifies how much we expect to get in a war.,country,multiplicative,good,,,
expel_tribals,,none,EU5-specific pop/tribal mechanic,"This will expel all [ShowPopTypeName('tribesmen')] when a [colonial_charter|e] flips a [location|e] to become [owned|e], and also give [ShowModifier('tribals_expelled')] to the location.",country,boolean,good,,,
expensive_estate_building_cost_modifier,,none,EU5-specific estate building cost,This impacts how much it [costs|e] to build [estate_buildings|e].,"country, estate",multiplicative,"percent, bad",,,
experience_decay,,none,EU5-specific unit experience system,This modifies the percentage of the current [experience|e] of a [regiment|e] or [ship|e] that decays each month.,unit,,"percent, bad",,,
exploration_maintenance_cost,,none,EU5-specific exploration cost,Exploration Cost,country,,"percent, bad",,,
exploration_mission_speed,colonist_placement_chance,low,Semantic match: colonist_placement_chance ↔ exploration_mission_speed,This impacts how much [exploration_progress|e] an [exploration|e] gains each month.,country,,good,Colonisation,"Adds to the base colonial placement chance for colonists, which is the chance that additional settlers will be spawned while the colonist is present.",Additive
exploration_mission_speed_modifier,colonist_placement_chance,low,Match: colonist_placement_chance ↔ exploration_mission_speed_modifier,This impacts how much [exploration_progress|e] an [exploration|e] gains each month.,country,multiplicative,"percent, good",Colonisation,"Adds to the base colonial placement chance for colonists, which is the chance that additional settlers will be spawned while the colonist is present.",Additive
exploration_preparation_time_modifier,,none,EU5-specific exploration prep time,This impacts the how long it takes for an [exploration|e] to be prepared before it can begin.,country,multiplicative,"percent, bad",,,
export_efficiency,trade_efficiency,medium,Match: trade_efficiency ↔ export_efficiency,$game_concept_export_efficiency_desc$,country,,"percent, good",Trade,Modifies a country's trade income. (Maximum is 200%),Multiplicative
export_impact_on_demand,,none,EU5-specific trade export mechanic,"Modifies how much [burgher_trade|e] and normal [trade|e] demand contribute to price calculations in [markets|e] owned by this [country|e].\n\nHigher values increase the impact of exports on price, driving prices upward.",country,,"percent, good",,,
extend_regency_cost_modifier,,none,EU5-specific regency action,This impacts how much it [costs|e] to extend a [regency|e].,country,multiplicative,"percent, bad",,,
fate_of_phoenix_actions_price_cost_modifier,,none,EU5-specific event action,Fate of the Phoenix Actions Cost Modifier,country,multiplicative,"percent, bad",,,
favor_buddhist_schools_from_religious_sects_cost_modifier,,none,EU5-specific Buddhist action,This impacts the [costs|e] of [ShowGenericActionName('favor_buddhist_schools_from_religious_sects')].,country,multiplicative,"percent, bad",,,
favor_god_cost_modifier,,none,EU5-specific religious action,This impacts the [costs|e] of [ShowGenericActionName('favor_god')].,country,multiplicative,"percent, bad",,,
favor_kami_worship_from_religious_sects_cost_modifier,flagship_cost,high,Semantic match: flagship_cost ↔ favor_kami_worship_from_religious_sects_cost_modifier,This impacts the [costs|e] of [ShowGenericActionName('favor_kami_worship_from_religious_sects')].,country,multiplicative,"percent, bad",Navy,Modifies the cost of building a flagship.,Multiplicative
favoring_buddhism,,none,EU5-specific Buddhist sect toggle,Allows interaction with [ShowReligionAdjective('mahayana')] [sects|e].,country,boolean,good,,,
female_spouses,,none,EU5-specific polygamy mechanic,A maximum number of female spouses that a [character|e] can be [married|e] with,country,,good,,,
flatland_proximity_impact,global_regiment_cost,high,Semantic match: global_regiment_cost ↔ flatland_proximity_impact,This impacts the [proximity|e] cost when going through [ShowTopographyName('flatland')].,country,,"percent, bad",Military,Modifies the base unit cost for all land units.,Multiplicative
flatland_wasteland_proximity_impact,global_regiment_cost,high,Semantic match: global_regiment_cost ↔ flatland_wasteland_proximity_impact,This impacts the [proximity|e] cost when going through [ShowTopographyName('flatland_wasteland')].,country,,"percent, bad",Military,Modifies the base unit cost for all land units.,Multiplicative
food_consumption_modifier,,none,EU5-specific food/supply system,This impacts how much [food|e] a [unit|e] consumes each month.,unit,multiplicative,"percent, bad",,,
food_purchase_cost,,none,EU5-specific food purchase mechanic,Cost of Purchasing Food,country,,"percent, bad",,,
forbid_marrying_lowborn,,none,EU5-specific marriage restriction,This impacts whether any [character|e] can [marry|e] a [lowborn|e] or not.,country,boolean,bad,,,
force_army_maintenance,,none,EU5-specific army maintenance floor,This determines if your [army|e] is always at maximum spending or not.,unit,boolean,bad,,,
force_convert_created_subjects,,none,EU5-specific subject creation option,This forces all [subjects|e] created by the [country|e] to be forcefully converted to their overlord's [religion|e].,country,boolean,good,,,
foreign_export_from_market_cost_modifier,,none,EU5-specific trade export cost,Export Cost from Market for Foreign Traders,country,multiplicative,"percent, good",,,
fort_limit,rival_border_fort_maintenance,high,Semantic match: rival_border_fort_maintenance ↔ fort_limit,"A soft limit on the number of [forts|e] a [country|e] can manage. Having more forts than the limit will result in decreased [ShowModifierTypeName('fort_maintenance_efficiency')].\n\nA Fort without [zone_of_control|e], for example [ShowBuildingTypeName('stockade')], will only cost half $MODIFIER_TYPE_NAME_fort_limit$.",country,,good,Military,Modifies the base fort maintenance cost for forts in provinces that border rivals.,Multiplicative
fort_limit_modifier,,none,EU5-specific fort limit modifier,$MODIFIER_TYPE_DESC_fort_limit$,country,multiplicative,"percent, good",,,
fort_maintenance_cost,fort_maintenance_modifier,high,Direct equivalent - fort maintenance cost,Fortification Maintenance,country,,"percent, bad",Military,Modifies the base fort maintenance cost.,Multiplicative
free_building_cost_modifier,build_cost,medium,Related building cost but EU5 specifies free/subsidized,UNUSED,country,multiplicative,"percent, bad",Economy,Modifies all building costs.,Multiplicative
gender_equality,,none,EU5-specific gender equality flag,This impacts whether females can be appointed to the same [roles|e] as males.,country,boolean,good,,,
german_migration_attraction_modifier,,none,EU5-specific German migration,Increases the chance for [events|e] to fire for migration of [ShowCultureGroupName('german_group')] [pops|e] to our [locations|e].,country,multiplicative,"percent, good",,,
get_claim_from_imperial_court_cost_modifier,,none,EU5-specific imperial court action,This impacts the [costs|e] of [ShowGenericActionName('get_claim_from_imperial_court')].,country,multiplicative,"percent, bad",,,
get_marriage_from_imperial_court_cost_modifier,,none,EU5-specific imperial court action,This impacts the [costs|e] of [ShowGenericActionName('get_marriage_from_imperial_court')].,country,multiplicative,"percent, bad",,,
give_colony_rebellion_support_cost_modifier,colonial_type_change_cost_modifier,high,Semantic match: colonial_type_change_cost_modifier ↔ give_colony_rebellion_support_cost_modifier,This impacts the [costs|e] of [ShowGenericActionName('give_colony_rebellion_support')].,country,multiplicative,"percent, bad",Subject,Modifies the cost of changing colonial type.,Multiplicative
give_colony_representation_cost_modifier,colonial_type_change_cost_modifier,high,Semantic match: colonial_type_change_cost_modifier ↔ give_colony_representation_cost_modifier,This impacts the [costs|e] of [ShowGenericActionName('give_colony_representation')].,country,multiplicative,"percent, bad",Subject,Modifies the cost of changing colonial type.,Multiplicative
global_army_levy_size_modifier,land_forcelimit_modifier,medium,Semantic match: land_forcelimit_modifier ↔ global_army_levy_size_modifier,This impacts the size of an [army_levy|e] that [pops|e] in a [country|e] will be.,country,multiplicative,"percent, good",Military,Modifies a country's force limit.,Multiplicative
global_build_buildings_cost,build_cost,high,Both modify all building costs,Buildings Cost,country,,"percent, bad",Economy,Modifies all building costs.,Multiplicative
global_bureaucracy_entrenchment_speed_modifier,,none,EU5-specific bureaucracy system,This impacts how quickly a [bureaucracy|e] becomes [entrenched|e] in your [government|e].,country,multiplicative,"percent, bad",,,
global_bureaucracy_implementation_cost_modifier,,none,EU5-specific bureaucracy system,Bureaucracy Implementation Cost Modifier,country,multiplicative,"percent, bad",,,
global_bureaucracy_maintenance_cost_modifier,rival_border_fort_maintenance,medium,Semantic match: rival_border_fort_maintenance ↔ global_bureaucracy_maintenance_cost_modifier,Bureaucracy Maintenance Cost Modifier,country,multiplicative,"percent, bad",Military,Modifies the base fort maintenance cost for forts in provinces that border rivals.,Multiplicative
global_bureaucracy_removal_cost_modifier,,none,EU5-specific bureaucracy system,Bureaucracy Removal Cost Modifier,country,multiplicative,"percent, bad",,,
global_burghers_assimilation_blocked,,none,EU5-specific pop assimilation,This stops all [ShowPopTypeName('burghers')] from [assimilating|e] to the [primary_culture|e] in this [country|e].,country,boolean,bad,,,
global_burghers_city_desired_pop,,none,EU5-specific pop capacity,Impacts how many [ShowPopTypeName('burghers')] can live in [towns_and_cities|e] in this [country|e].,country,,good,,,
global_burghers_city_desired_pop_scaled,,none,EU5-specific pop capacity,Impacts how many [ShowPopTypeName('burghers')] can live in [towns_and_cities|e] in this [country|e].,country,scaled,"percent, good",,,
global_burghers_conversion_blocked,global_religious_conversion_resistance,medium,Match: global_religious_conversion_resistance ↔ global_burghers_conversion_blocked,This stops all [ShowPopTypeName('burghers')] from [converting|e] to the [state_religion|e] in this [country|e].,country,boolean,bad,Religion,Adds to conversion resistance from centres of reformation in all provinces.,Multiplicative
global_burghers_desired_pop,,none,EU5-specific pop capacity,Impacts how many [ShowPopTypeName('burghers')] can live in all [locations|e] in this [country|e].,country,,good,,,
global_burghers_desired_pop_scaled,,none,EU5-specific pop capacity,Impacts how many [ShowPopTypeName('burghers')] can live in all [locations|e] in this [country|e].,country,scaled,"percent, good",,,
global_burghers_estate_power,global_trade_power,medium,Match: global_trade_power ↔ global_burghers_estate_power,This impacts the [estate_power|e] of the $burghers_estate$ in the entire [country|e].,"country, estate",,"percent, bad",Trade,Modifies the trade power in all trade nodes for a country.,Multiplicative
global_burghers_food_consumption,,none,EU5-specific food system,This impacts how much [food|e] that [ShowPopTypeName('burghers')] [pops|e] will consume in the entire [country|e].,country,,"percent, bad",,,
global_burghers_max_literacy,,none,EU5-specific literacy system,This impacts the [literacy|e] for all [ShowPopTypeName('burghers')] in this [country|e].,country,,"raw percent, good",,,
global_burghers_migration_allowed,global_allowed_num_of_buildings,medium,Match: global_allowed_num_of_buildings ↔ global_burghers_migration_allowed,Determines if [pops|e] of the [ShowPopTypeName('burghers')] are allowed to [migrate|e] or not in a [country|e].,country,boolean,good,Economy,Adds to the number of allowed buildings in every owned province.,Additive
global_burghers_pop_growth,,none,EU5-specific pop growth,This impacts the [population_growth|e] of the [ShowPopTypeName('burghers')] in a [country|e].,country,,"percent, good",,,
global_burghers_rural_desired_pop,,none,EU5-specific pop capacity,Impacts how many [ShowPopTypeName('burghers')] can live in [rural_locations|e] in this [country|e].,country,,good,,,
global_burghers_rural_desired_pop_scaled,,none,EU5-specific pop capacity,Impacts how many [ShowPopTypeName('burghers')] can live in [rural_locations|e] in this [country|e].,country,scaled,"percent, good",,,
global_clergy_assimilation_blocked,,none,EU5-specific pop assimilation,This stops all [ShowPopTypeName('clergy')] from [assimilating|e] to the [primary_culture|e] in this [country|e].,country,boolean,bad,,,
global_clergy_city_desired_pop,,none,EU5-specific pop capacity,Impacts how many [ShowPopTypeName('clergy')] can live in [towns_and_cities|e] in this [country|e].,country,,good,,,
global_clergy_city_desired_pop_scaled,,none,EU5-specific pop capacity,Impacts how many [ShowPopTypeName('clergy')] can live in [towns_and_cities|e] in this [country|e].,country,scaled,"percent, good",,,
global_clergy_conversion_blocked,global_religious_conversion_resistance,medium,Match: global_religious_conversion_resistance ↔ global_clergy_conversion_blocked,This stops all [ShowPopTypeName('clergy')] from [converting|e] to the [state_religion|e] in this [country|e].,country,boolean,bad,Religion,Adds to conversion resistance from centres of reformation in all provinces.,Multiplicative
global_clergy_desired_pop,,none,EU5-specific pop capacity,Impacts how many [ShowPopTypeName('clergy')] can live in all [locations|e] in this [country|e].,country,,good,,,
global_clergy_desired_pop_scaled,,none,EU5-specific pop capacity,Impacts how many [ShowPopTypeName('clergy')] can live in all [locations|e] in this [country|e].,country,scaled,"percent, good",,,
global_clergy_estate_power,global_trade_power,medium,Match: global_trade_power ↔ global_clergy_estate_power,This impacts the [estate_power|e] of the $clergy_estate$ in the entire [country|e].,"country, estate",,"percent, bad",Trade,Modifies the trade power in all trade nodes for a country.,Multiplicative
global_clergy_food_consumption,,none,EU5-specific food system,This impacts how much [food|e] that [ShowPopTypeName('clergy')] [pops|e] will consume in the entire [country|e].,country,,"percent, bad",,,
global_clergy_max_literacy,,none,EU5-specific literacy system,This impacts the [literacy|e] for all [ShowPopTypeName('clergy')] in this [country|e].,country,,"raw percent, good",,,
global_clergy_migration_allowed,global_allowed_num_of_buildings,medium,Match: global_allowed_num_of_buildings ↔ global_clergy_migration_allowed,Determines if [pops|e] of the [ShowPopTypeName('clergy')] are allowed to [migrate|e] or not in a [country|e].,country,boolean,good,Economy,Adds to the number of allowed buildings in every owned province.,Additive
global_clergy_pop_growth,,none,EU5-specific pop growth,This impacts the [population_growth|e] of the [ShowPopTypeName('clergy')] in a [country|e].,country,,"percent, good",,,
global_clergy_rural_desired_pop,,none,EU5-specific pop capacity,Impacts how many [ShowPopTypeName('clergy')] can live in [rural_locations|e] in this [country|e].,country,,good,,,
global_clergy_rural_desired_pop_scaled,,none,EU5-specific pop capacity,Impacts how many [ShowPopTypeName('clergy')] can live in [rural_locations|e] in this [country|e].,country,scaled,"percent, good",,,
global_construction_speed,build_time,high,Both modify building construction speed,"This impacts how quickly [buildings|e], [rgo|e] or [roads|e] are built in this [country|e].",country,,"percent, good",Economy,Modifies all building construction times.,Multiplicative
global_cossacks_estate_power,global_trade_power,medium,Match: global_trade_power ↔ global_cossacks_estate_power,This impacts the [estate_power|e] of the $cossacks_estate$ in the entire [country|e].,"country, estate",,"percent, bad",Trade,Modifies the trade power in all trade nodes for a country.,Multiplicative
global_crown_estate_power,global_trade_power,medium,Match: global_trade_power ↔ global_crown_estate_power,This impacts the [estate_power|e] of the $crown_estate$ or in other words the [crown_power|e] in the entire [country|e].,"country, estate",,"percent, good",Trade,Modifies the trade power in all trade nodes for a country.,Multiplicative
global_defensive,defensiveness,high,Direct equivalent - fort defensiveness,This impacts how quick a [siege|e] will go against a [country|e].,country,,"percent, good",Military,Modifies the siege defensiveness that affects siege phase length.,Multiplicative
global_devastation_recovery,global_monthly_devastation,medium,Match: global_monthly_devastation ↔ global_devastation_recovery,This impacts how fast [prosperity|e] recovers monthly in all [locations|e] in a [country|e].,country,,"percent, good",Economy,Adds to the devastation rate in all provinces.,Additive
global_dhimmi_estate_power,global_trade_power,medium,Match: global_trade_power ↔ global_dhimmi_estate_power,This impacts the [estate_power|e] of the $dhimmi_estate$ in the entire [country|e].,"country, estate",,"percent, bad",Trade,Modifies the trade power in all trade nodes for a country.,Multiplicative
global_disease_resistance,global_religious_conversion_resistance,medium,Match: global_religious_conversion_resistance ↔ global_disease_resistance,This impacts the [disease_resistance|e] in all [locations|e] in a [country|e].,country,,"percent, good",Religion,Adds to conversion resistance from centres of reformation in all provinces.,Multiplicative
global_distance_from_capital_speed_propagation,,none,EU5-specific proximity/distance system,This impacts how quickly [proximity|e] moves between all [locations|e] in a [country|e].,country,,"percent, good",,,
global_estate_max_tax,,none,EU5-specific estate tax range,This impacts the [maximum_tax|e] that can be collected from all the [estates|e] in the [country|e].,"country, estate",,"percent, good",,,
global_estate_min_tax,,none,EU5-specific estate tax range,This impacts the [minimum_tax|e] that can be collected from all the [estates|e] in the [country|e].,"country, estate",,"percent, good",,,
global_estate_power,all_estate_influence_modifier;possible_adm_policy;possible_dip_policy;possible_mil_policy,high,Match: all_estate_influence_modifier ↔ global_estate_power; Loose match - EU4 policy slots mapped to EU5 estate power; policies represent institutional capacity similar to estate influence,This impacts the [estate_power|e] of all the [estates|e] in the [country|e].,"country, estate",,"percent, bad",Estates,Modifies to the influence of all estates in the country,Multiplicative
global_estate_satisfaction_decay,,none,EU5-specific estate satisfaction,This impacts how quickly the [estate_satisfaction|e] decays down to the [estate_satisfaction_equilibrium|e] for all the [estates|e] in the [country|e].,"country, estate",,"percent, bad",,,
global_estate_satisfaction_from_legitimacy,all_estate_loyalty_equilibrium,medium,Match: all_estate_loyalty_equilibrium ↔ global_estate_satisfaction_from_legitimacy,This impacts the [estate_satisfaction_equilibrium|e] of all the [estates|e] in the [country|e] based on our [legitimacy|e].,"country, estate",,"percent, good",Estates,Modifies to the loyalty equilibrium of all estates in the country.,Multiplicative
global_estate_satisfaction_recovery,,none,EU5-specific estate satisfaction,This impacts how quickly the [estate_satisfaction|e] recovers to the [estate_satisfaction_equilibrium|e] for all the [estates|e] in the [country|e].,"country, estate",,"percent, neutral",,,
global_estate_target_satisfaction,all_estate_loyalty_equilibrium,high,Match: all_estate_loyalty_equilibrium ↔ global_estate_target_satisfaction,This impacts the [estate_satisfaction_equilibrium|e] of all the [estates|e] in the [country|e].,"country, estate",,"percent, good",Estates,Modifies to the loyalty equilibrium of all estates in the country.,Multiplicative
global_food_capacity,,none,EU5-specific food system,This impacts how much [food|e] can be stored in all [provinces|e] in a [country|e].,country,,good,,,
global_food_capacity_modifier,,none,EU5-specific food system,$MODIFIER_TYPE_DESC_global_food_capacity$,country,multiplicative,"percent, good",,,
global_food_decay,,none,EU5-specific food system,This impacts how much stored [food|e] is lost every month.,country,,"percent, bad",,,
global_foreign_build_buildings_cost,can_not_build_buildings,medium,Match: can_not_build_buildings ↔ global_foreign_build_buildings_cost,Foreign Buildings Cost,country,,"percent, bad",Economy,Forbids a country to build buildings,Constant
global_fort_build_buildings_cost,rival_border_fort_maintenance,medium,Semantic match: rival_border_fort_maintenance ↔ global_fort_build_buildings_cost,Fort Buildings Cost,country,,"percent, bad",Military,Modifies the base fort maintenance cost for forts in provinces that border rivals.,Multiplicative
global_garrison_growth,global_garrison_growth,high,Direct equivalent - garrison growth rate,This impacts how quickly [garrisons|e] will reach their maximum size in all [forts|e] that a [country|e] [controls|e].,country,,"percent, good",Military,Modifies the base garrison growth in provinces.,Multiplicative
global_garrison_size_modifier,garrison_size,high,Direct equivalent - garrison size,This impacts the size of all [garrisons|e] that a [country|e] has.,country,multiplicative,"percent, good",Military,Modifies the base garrison size in provinces.,Multiplicative
global_heathen_pop_conversion_speed_modifier,global_heathen_missionary_strength,medium,Related heathen conversion but EU5 is pop-based,This impacts how quickly [pops|e] of a different [religion_group|e] [convert|e] in all [locations|e] of the country.,country,multiplicative,"percent, good",Religion,Adds to the base missionary strength against heathen religions.,Additive
global_hellenism_religion_movement_growth_modifier,,none,EU5-specific religious movement,How much the [ShowMovementDefinitionName('hellenism_religion_movement')] [movement|e] grows in all [locations|e].,movement,multiplicative,"percent, good",,,
global_hellenism_religion_movement_resistance_modifier,global_religious_conversion_resistance,medium,Match: global_religious_conversion_resistance ↔ global_hellenism_religion_movement_resistance_modifier,How much resistance everywhere has to the [ShowMovementDefinitionName('hellenism_religion_movement')] [movement|e].,movement,multiplicative,"percent, good",Religion,Adds to conversion resistance from centres of reformation in all provinces.,Multiplicative
global_heretic_pop_conversion_speed_modifier,global_heretic_missionary_strength,medium,Related heretic conversion but EU5 is pop-based,This impacts how quickly [pops|e] of the same [religion_group|e] [convert|e] in all [locations|e] of the country.,country,multiplicative,"percent, good",Religion,Adds to the base missionary strength against heretic religions.,Additive
global_hostile_attrition,hostile_attrition;max_hostile_attrition,high,Direct equivalent - attrition inflicted on enemies; Direct match - EU4 max_hostile_attrition (hostile attrition cap) = EU5 global_hostile_attrition; both increase attrition inflicted on enemies,This impacts the [attrition|e] of [hostile|e] [armies|e] in all [locations|e] we [own|e] and [control|e].,country,,"raw percent, bad",Military,Adds to the attrition enemies take in a country's provinces.,Additive
global_institution_growth_modifier,global_institution_spread,high,Both modify institution spread/growth rate,This impacts how quickly [institutions|e] spread into all [locations|e] of this [country|e].,country,multiplicative,"percent, good",Technology,Modifies the rate of spread for institutions in all owned provinces.,Multiplicative
global_integration_speed_modifier,core_creation;core_decay_on_your_own;enemy_core_creation;ignore_coring_distance;administrative_efficiency,high,EU5 uses this for its own annexation (already matched to annexation_speed_modifier); Direct match - EU4 coring mechanics = EU5 integration speed; both govern how quickly territory becomes core/integrated; Direct match - EU4 administrative_efficiency (reduces coring costs) = EU5 integration speed; both accelerate territorial integration,This impacts how quickly a [country|e] can [integrate|e] [locations|e].,country,multiplicative,"percent, good",,,
global_laborers_assimilation_blocked,,none,EU5-specific pop assimilation,This stops all [ShowPopTypeName('laborers')] from [assimilating|e] to the [primary_culture|e] in this [country|e].,country,boolean,bad,,,
global_laborers_city_desired_pop,,none,EU5-specific pop capacity,Impacts how many [ShowPopTypeName('laborers')] can live in [towns_and_cities|e] in this [country|e].,country,,good,,,
global_laborers_city_desired_pop_scaled,,none,EU5-specific pop capacity,Impacts how many [ShowPopTypeName('laborers')] can live in [towns_and_cities|e] in this [country|e].,country,scaled,"percent, good",,,
global_laborers_conversion_blocked,global_religious_conversion_resistance,medium,Match: global_religious_conversion_resistance ↔ global_laborers_conversion_blocked,This stops all [ShowPopTypeName('laborers')] from [converting|e] to the [state_religion|e] in this [country|e].,country,boolean,bad,Religion,Adds to conversion resistance from centres of reformation in all provinces.,Multiplicative
global_laborers_desired_pop,,none,EU5-specific pop capacity,Impacts how many [ShowPopTypeName('laborers')] can live in all [locations|e] in this [country|e].,country,,good,,,
global_laborers_desired_pop_scaled,,none,EU5-specific pop capacity,Impacts how many [ShowPopTypeName('laborers')] can live in all [locations|e] in this [country|e].,country,scaled,"percent, good",,,
global_laborers_food_consumption,,none,EU5-specific food system,This impacts how much [food|e] that [ShowPopTypeName('laborers')] [pops|e] will consume in the entire [country|e].,country,,"percent, bad",,,
global_laborers_max_literacy,,none,EU5-specific literacy system,This impacts the [literacy|e] for all [ShowPopTypeName('laborers')] in this [country|e].,country,,"raw percent, good",,,
global_laborers_migration_allowed,global_allowed_num_of_buildings,medium,Match: global_allowed_num_of_buildings ↔ global_laborers_migration_allowed,Determines if [pops|e] of the [ShowPopTypeName('laborers')] are allowed to [migrate|e] or not in a [country|e].,country,boolean,good,Economy,Adds to the number of allowed buildings in every owned province.,Additive
global_laborers_pop_growth,,none,EU5-specific pop growth,This impacts the [population_growth|e] of the [ShowPopTypeName('laborers')] in a [country|e].,country,,"percent, good",,,
global_laborers_rural_desired_pop,,none,EU5-specific pop capacity,Impacts how many [ShowPopTypeName('laborers')] can live in [rural_locations|e] in this [country|e].,country,,good,,,
global_laborers_rural_desired_pop_scaled,,none,EU5-specific pop capacity,Impacts how many [ShowPopTypeName('laborers')] can live in [rural_locations|e] in this [country|e].,country,scaled,"percent, good",,,
global_levy_recruitment_speed_modifier,global_regiment_recruit_speed,medium,Related recruitment speed but EU5 uses levy system,This impacts how quickly [army_levies|e] and [navy_levies|e] assemble in a [country|e].,country,multiplicative,"percent, good",Military,Modifies the base speed at which land units are recruited.,Multiplicative
global_levy_size_modifier,land_forcelimit_modifier,medium,Semantic match: land_forcelimit_modifier ↔ global_levy_size_modifier,This impacts the size of both an [army_levy|e] or [navy_levy|e] that [pops|e] in a [country|e] will be.,country,multiplicative,"percent, good",Military,Modifies a country's force limit.,Multiplicative
global_life_expectancy,monarch_lifespan,medium,Related lifespan but EU5 covers all characters not just monarchs,The age that [characters|e] in this [country|e] will start being susceptible to death by old age.,country,,good,Court,Modifies the average lifespan of a ruler.,Multiplicative
global_manpower_modifier,global_manpower_modifier;manpower_recovery_speed;manpower_in_true_faith_provinces;manpower_in_accepted_culture_provinces;manpower_in_culture_group_provinces;manpower_in_own_culture_provinces,high,Direct equivalent - total manpower pool modifier; Direct match - EU4 manpower_recovery_speed = EU5 global_manpower_modifier; both increase manpower replenishment rate; Loose match - EU4 culture/religion-scoped manpower modifiers mapped to EU5 global_manpower_modifier; all increase manpower pool,This impacts how much [manpower|e] a [country|e] will get monthly.,country,multiplicative,"percent, good",Military,Modifies a country's total manpower pool.,Multiplicative
global_maritime_presence_decay,,none,EU5-specific maritime presence,This impacts the decay of the current [maritime_presence|e] in all [seazones|e] adjacent to all [locations|e] owned by a [country|e].,country,,"percent, bad",,,
global_maritime_presence_modifier,ship_power_propagation,low,Loose match - EU4 ship_power_propagation (trade power propagation from ships) loosely maps to EU5 maritime presence modifier,This impacts the [maritime_presence|e] in all [seazones|e] adjacent to all [locations|e] owned by a [country|e].,unit,multiplicative,"percent, good",Trade,Modifies the propagation of trade power from ships protecting trade.,Multiplicative
global_max_bureaucracy_slots,,none,EU5-specific bureaucracy slots,This impacts how many [bureaucracies|e] you can add to your [government|e].,country,,good,,,
global_max_control,min_autonomy,low,Match: min_autonomy ↔ global_max_control,This modifies the maximum [control|e] of all [locations|e] of a [country|e].,country,,"percent, good",Stability,Sets the minimum autonomy level allowed in all owned provinces.,Constant
global_max_literacy,,none,EU5-specific literacy system,This impacts the maximum [literacy|e] of all [pops|e] in a [country|e].,country,,"raw percent, good",,,
global_max_rgo_size_modifier,global_trade_goods_size_modifier,medium,Match: global_trade_goods_size_modifier ↔ global_max_rgo_size_modifier; Also loosely corresponds to EU4 global_trade_goods_size (additive variant),This impacts the maximum size of all [rgo|e] in a [country|e],country,multiplicative,"percent, good",Trade,Modifies the base trade good size of owned provinces.,Multiplicative
global_max_rgo_size_modifier_in_non_rural,global_trade_goods_size_modifier,medium,Match: global_trade_goods_size_modifier ↔ global_max_rgo_size_modifier_in_non_rural,This impacts the maximum size of [rgo|e] in [towns_and_cities|e] in a [country|e].,country,,"percent, good",Trade,Modifies the base trade good size of owned provinces.,Multiplicative
global_max_rgo_size_modifier_in_rural,global_trade_goods_size_modifier,medium,Match: global_trade_goods_size_modifier ↔ global_max_rgo_size_modifier_in_rural,This impacts the maximum size of [rgo|e] in [rural_locations|e] in a [country|e].,country,,"percent, good",Trade,Modifies the base trade good size of owned provinces.,Multiplicative
global_max_rural_control,min_autonomy,low,Match: min_autonomy ↔ global_max_rural_control,This modifies the maximum [control|e] of all [rural_locations|e] in a [country|e].,country,,"percent, good",Stability,Sets the minimum autonomy level allowed in all owned provinces.,Constant
global_max_urban_control,min_autonomy,low,Match: min_autonomy ↔ global_max_urban_control,This modifies the maximum [control|e] of all [urban_locations|e] in a [country|e].,country,,"percent, good",Stability,Sets the minimum autonomy level allowed in all owned provinces.,Constant
global_may_build_nahuatl_units,,none,EU5-specific Nahua units,Allows the recruitment of [ShowUnitDefinitionName('a_jaguar_warrior')] and [ShowUnitDefinitionName('a_eagle_warrior')].,country,boolean,good,,,
global_may_build_paik_units,,none,EU5-specific Paik units,"Allows the recruitment of [ShowUnitDefinitionName('a_early_paik_infantry')], [ShowUnitDefinitionName('a_paik_infantry')], and [ShowUnitDefinitionName('a_late_paik_infantry')], depending on the [age|e].",country,boolean,good,,,
global_mercenaries_modifier,,none,EU5-specific mercenary size (EU4 has mercenary_manpower but different),This impacts how large the recruitable [mercenary|e] companies from [locations|e] a [country|e] [owns|e] can be.,country,multiplicative,"percent, neutral",,,
global_merchant_capacity_modifier,merchants,medium,Semantic match: merchants ↔ global_merchant_capacity_modifier,This impacts how much [merchant_capacity|e] a [country|e] gets from its [locations|e] and [buildings|e].,country,multiplicative,"percent, good",Trade,Adds to the base merchant count for a country.,Additive
global_merchant_power,global_trade_power;trade_steering,medium,Related trade advantage but conceptually different; Loose match - EU4 trade_steering (trade power for steering direction) mapped to EU5 global_merchant_power (merchant trade advantage); both represent mercantile influence over trade flows,This impacts how much [merchant_power|e] a [country|e] gets.,country,,"percent, good",Trade,Modifies the trade power in all trade nodes for a country.,Multiplicative
global_migration_attraction,,none,EU5-specific migration system,This impacts if [pops|e] want [migrate|e] to or away from [locations|e] in a [country|e].,country,,good,,,
global_migration_speed,,none,EU5-specific migration system,This impacts how quickly [pops|e] [migrate|e] in all [locations|e] of the country.,country,,good,,,
global_migration_speed_modifier,,none,EU5-specific migration system,This impacts how quickly [pops|e] [migrate|e] in all [locations|e] of the country.,country,multiplicative,"percent, good",,,
global_monthly_art_start_chance,global_monthly_devastation,medium,Match: global_monthly_devastation ↔ global_monthly_art_start_chance,This impacts the chance that [artists|e] in a [country|e] starts new [works_of_art|e].,country,,"percent, good",Economy,Adds to the devastation rate in all provinces.,Additive
global_monthly_control,global_autonomy;autonomy_change_time,medium,Match: global_autonomy ↔ global_monthly_control; Direct match - EU4 autonomy_change_time (autonomy adjustment cooldown) = EU5 global_monthly_control (control change rate); both govern territorial control dynamics,This is how much [control|e] will change in all [locations|e] of a [country|e].,country,,"percent, good",Stability,Adds to the monthly rate of autonomy in owned provinces.,Additive
global_monthly_control_decline,global_autonomy,low,Match: global_autonomy ↔ global_monthly_control_decline,This is how much [control|e] will decrease when its above the maximum in all [locations|e] in a [country|e].,country,,"percent, bad",Stability,Adds to the monthly rate of autonomy in owned provinces.,Additive
global_monthly_development,development_cost;development_cost_modifier,high,Match: development_cost ↔ global_monthly_development; Direct match - EU4 development_cost_modifier = EU5 global_monthly_development; both govern development growth rate,This impacts how much [development|e] changes monthly in all [locations|e] in a [country|e].,country,,good,Economy,Modifies the development cost for provinces.,Multiplicative
global_monthly_food_modifier,global_monthly_devastation,medium,Match: global_monthly_devastation ↔ global_monthly_food_modifier,This impacts how much [food|e] is produced in all [locations|e] in a [country|e].,country,multiplicative,"percent, good",Economy,Adds to the devastation rate in all provinces.,Additive
global_monthly_literacy,global_monthly_devastation,medium,Match: global_monthly_devastation ↔ global_monthly_literacy,This impacts how [literacy|e] changes for [pops|e] in a [country|e].,country,,"raw percent, good",Economy,Adds to the devastation rate in all provinces.,Additive
global_monthly_prosperity,global_prosperity_growth;monthly_splendor,high,Both add to prosperity rate; Loose match - EU4 monthly_splendor (splendor points from age mechanics) mapped to EU5 global_monthly_prosperity; both represent golden-age era bonuses,This impacts how much [prosperity|e] changes monthly in all [locations|e] in a [country|e].,country,,"percent, good",Economy,Adds to the prosperity rate in all provinces.,Additive
global_monthly_rural_control,global_monthly_devastation,medium,Match: global_monthly_devastation ↔ global_monthly_rural_control,This is how much [control|e] will change in all [rural_locations|e] in a [country|e].,country,,"percent, good",Economy,Adds to the devastation rate in all provinces.,Additive
global_monthly_urban_control,global_monthly_devastation,medium,Match: global_monthly_devastation ↔ global_monthly_urban_control,This is how much [control|e] will change in all [urban_locations|e] in a [country|e].,country,,"percent, good",Economy,Adds to the devastation rate in all provinces.,Additive
global_navy_levy_size_modifier,global_trade_goods_size_modifier,medium,Match: global_trade_goods_size_modifier ↔ global_navy_levy_size_modifier,This impacts the size of a [navy_levy|e] that [pops|e] in a [country|e] will be.,country,multiplicative,"percent, good",Trade,Modifies the base trade good size of owned provinces.,Multiplicative
global_nobles_assimilation_blocked,,none,EU5-specific pop assimilation,This stops all [ShowPopTypeName('nobles')] from [assimilating|e] to the [primary_culture|e] in this [country|e].,country,boolean,bad,,,
global_nobles_city_desired_pop,,none,EU5-specific pop capacity,Impacts how many [ShowPopTypeName('nobles')] can live in [towns_and_cities|e] in this [country|e].,country,,good,,,
global_nobles_city_desired_pop_scaled,,none,EU5-specific pop capacity,Impacts how many [ShowPopTypeName('nobles')] can live in [towns_and_cities|e] in this [country|e].,country,scaled,"percent, good",,,
global_nobles_conversion_blocked,global_religious_conversion_resistance,medium,Match: global_religious_conversion_resistance ↔ global_nobles_conversion_blocked,This stops all [ShowPopTypeName('nobles')] from [converting|e] to the [state_religion|e] in this [country|e].,country,boolean,bad,Religion,Adds to conversion resistance from centres of reformation in all provinces.,Multiplicative
global_nobles_desired_pop,,none,EU5-specific pop capacity,Impacts how many [ShowPopTypeName('nobles')] can live in all [locations|e] in this [country|e].,country,,good,,,
global_nobles_desired_pop_scaled,,none,EU5-specific pop capacity,Impacts how many [ShowPopTypeName('nobles')] can live in all [locations|e] in this [country|e].,country,scaled,"percent, good",,,
global_nobles_estate_power,global_trade_power,medium,Match: global_trade_power ↔ global_nobles_estate_power,This impacts the [estate_power|e] of the $nobles_estate$ in the entire [country|e].,"country, estate",,"percent, bad",Trade,Modifies the trade power in all trade nodes for a country.,Multiplicative
global_nobles_food_consumption,,none,EU5-specific food system,This impacts how much [food|e] that [ShowPopTypeName('nobles')] [pops|e] will consume in the entire [country|e].,country,,"percent, bad",,,
global_nobles_max_literacy,,none,EU5-specific literacy system,This impacts the [literacy|e] for all [ShowPopTypeName('nobles')] in this [country|e].,country,,"raw percent, good",,,
global_nobles_migration_allowed,global_allowed_num_of_buildings,medium,Match: global_allowed_num_of_buildings ↔ global_nobles_migration_allowed,Determines if [pops|e] of the [ShowPopTypeName('nobles')] are allowed to [migrate|e] or not in a [country|e].,country,boolean,good,Economy,Adds to the number of allowed buildings in every owned province.,Additive
global_nobles_pop_growth,,none,EU5-specific pop growth,This impacts the [population_growth|e] of the [ShowPopTypeName('nobles')] in a [country|e].,country,,"percent, good",,,
global_nobles_rural_desired_pop,,none,EU5-specific pop capacity,Impacts how many [ShowPopTypeName('nobles')] can live in [rural_locations|e] in this [country|e].,country,,good,,,
global_nobles_rural_desired_pop_scaled,,none,EU5-specific pop capacity,Impacts how many [ShowPopTypeName('nobles')] can live in [rural_locations|e] in this [country|e].,country,scaled,"percent, good",,,
global_non_rural_monthly_development,global_monthly_devastation,medium,Match: global_monthly_devastation ↔ global_non_rural_monthly_development,This impacts how much [development|e] changes monthly in all non-rural [locations|e] in a [country|e].,country,,good,Economy,Adds to the devastation rate in all provinces.,Additive
global_non_rural_monthly_prosperity,global_prosperity_growth,medium,Related prosperity but EU5 scoped to urban only,This impacts how much [prosperity|e] changes monthly in all non-rural [locations|e] in a [country|e].,country,,"percent, good",Economy,Adds to the prosperity rate in all provinces.,Additive
global_peasant_enfranchisment,,none,EU5-specific pop mechanic,This determines how much of the [wealth_share|e] of a [location|e] belongs to the [ShowEstateTypeName('peasants_estate')]. The rest is transferred to the [ShowEstateTypeName('nobles_estate')].,country,,"percent, good",,,
global_peasants_assimilation_blocked,,none,EU5-specific pop assimilation,This stops all [ShowPopTypeName('peasants')] from [assimilating|e] to the [primary_culture|e] in this [country|e].,country,boolean,bad,,,
global_peasants_city_desired_pop,,none,EU5-specific pop capacity,Impacts how many [ShowPopTypeName('peasants')] can live in [towns_and_cities|e] in this [country|e].,country,,good,,,
global_peasants_city_desired_pop_scaled,,none,EU5-specific pop capacity,Impacts how many [ShowPopTypeName('peasants')] can live in [towns_and_cities|e] in this [country|e].,country,scaled,"percent, good",,,
global_peasants_conversion_blocked,global_religious_conversion_resistance,medium,Match: global_religious_conversion_resistance ↔ global_peasants_conversion_blocked,This stops all [ShowPopTypeName('peasants')] from [converting|e] to the [state_religion|e] in this [country|e].,country,boolean,bad,Religion,Adds to conversion resistance from centres of reformation in all provinces.,Multiplicative
global_peasants_desired_pop,,none,EU5-specific pop capacity,Impacts how many [ShowPopTypeName('peasants')] can live in all [locations|e] in this [country|e].,country,,good,,,
global_peasants_desired_pop_scaled,,none,EU5-specific pop capacity,Impacts how many [ShowPopTypeName('peasants')] can live in all [locations|e] in this [country|e].,country,scaled,"percent, good",,,
global_peasants_estate_power,global_trade_power,medium,Match: global_trade_power ↔ global_peasants_estate_power,This impacts the [estate_power|e] of the $peasants_estate$ in the entire [country|e].,"country, estate",,"percent, bad",Trade,Modifies the trade power in all trade nodes for a country.,Multiplicative
global_peasants_food_consumption,,none,EU5-specific food system,This impacts how much [food|e] that [ShowPopTypeName('peasants')] [pops|e] will consume in the entire [country|e].,country,,"percent, bad",,,
global_peasants_max_literacy,,none,EU5-specific literacy system,This impacts the [literacy|e] for all [ShowPopTypeName('peasants')] in this [country|e].,country,,"raw percent, good",,,
global_peasants_migration_allowed,global_allowed_num_of_buildings,medium,Match: global_allowed_num_of_buildings ↔ global_peasants_migration_allowed,Determines if [pops|e] of the [ShowPopTypeName('peasants')] are allowed to [migrate|e] or not in a [country|e].,country,boolean,good,Economy,Adds to the number of allowed buildings in every owned province.,Additive
global_peasants_pop_growth,,none,EU5-specific pop growth,This impacts the [population_growth|e] of the [ShowPopTypeName('peasants')] in a [country|e].,country,,"percent, good",,,
global_peasants_rural_desired_pop,,none,EU5-specific pop capacity,Impacts how many [ShowPopTypeName('peasants')] can live in [rural_locations|e] in this [country|e].,country,,good,,,
global_peasants_rural_desired_pop_scaled,,none,EU5-specific pop capacity,Impacts how many [ShowPopTypeName('peasants')] can live in [rural_locations|e] in this [country|e].,country,scaled,"percent, good",,,
global_pirate_spawn_chance,,none,EU5-specific pirate spawning,This impacts how likely it is for [pirates|e] to appear from any [location|e] in a [country|e].,country,,"raw percent, bad",,,
global_pop_assimilation_speed,culture_conversion_cost,high,Semantic match: culture_conversion_cost ↔ global_pop_assimilation_speed,This impacts how quickly [pops|e] [assimilate|e] in all [locations|e] of the country.,country,,good,Culture,Modifies the diplomatic power cost for culture conversion in provinces.,Multiplicative
global_pop_assimilation_speed_modifier,culture_conversion_cost,high,Semantic match: culture_conversion_cost ↔ global_pop_assimilation_speed_modifier,This impacts how quickly [pops|e] [assimilate|e] in all [locations|e] of the country.,country,multiplicative,"percent, good",Culture,Modifies the diplomatic power cost for culture conversion in provinces.,Multiplicative
global_pop_conversion_speed,global_missionary_strength;missionaries;missionary_maintenance_cost,medium,Semantic match: global_missionary_strength ↔ global_pop_conversion_speed; EU4 missionaries (count) and missionary maintenance cost both map to EU5 pop conversion speed; both govern religious conversion throughput,This impacts how quickly [pops|e] [convert|e] in all [locations|e] of the country.,country,,good,Religion,Adds to the base missionary strength against all religions.,Additive
global_pop_conversion_speed_modifier,global_missionary_strength,medium,Related religious conversion but EU5 is pop-based,This impacts how quickly [pops|e] [convert|e] in all [locations|e] of the country.,country,multiplicative,"percent, good",Religion,Adds to the base missionary strength against all religions.,Additive
global_pop_demotion_speed,,none,EU5-specific pop mobility,This impacts how quickly [pops|e] [demote|e] in all [locations|e] of the country.,country,,bad,,,
global_pop_demotion_speed_modifier,,none,EU5-specific pop mobility,This impacts how quickly [pops|e] [demote|e] in all [locations|e] of the country.,country,multiplicative,"percent, bad",,,
global_pop_food_consumption,,none,EU5-specific food system,This impacts how much [food|e] that [pops|e] will consume in the entire [country|e].,country,,"percent, bad",,,
global_pop_promotion_speed,,none,EU5-specific pop mobility,This impacts how quickly [pops|e] [promote|e] in all [locations|e] of the country.,country,,good,,,
global_pop_promotion_speed_modifier,,none,EU5-specific pop mobility,This impacts how quickly [pops|e] [promote|e] in all [locations|e] of the country.,country,multiplicative,"percent, good",,,
global_population_capacity_modifier,,none,EU5-specific population system,This impacts how many [pops|e] can live in all [locations|e] in this [country|e].,country,multiplicative,"percent, good",,,
global_population_growth,,none,EU5-specific population growth,This impacts the [population_growth|e] of all [locations|e] in a [country|e].,country,,"percent, good",,,
global_port_build_buildings_cost,can_not_build_buildings,medium,Match: can_not_build_buildings ↔ global_port_build_buildings_cost,Port Buildings Cost,country,,"percent, bad",Economy,Forbids a country to build buildings,Constant
global_production_efficiency,production_efficiency,high,Direct equivalent - production income modifier,This impacts the [production_efficiency|e] in the entire [country|e].,country,,"percent, good",Economy,Modifies the base production income by a percentage.,Multiplicative
global_prosperity_decay,,none,EU5-specific prosperity decay,This impacts how quickly [prosperity|e] dissapears in all [locations|e] in a [country|e].,country,,"percent, bad",,,
global_rgo_build_time,,none,EU5-specific RGO system,This impacts how much time it takes to expand the number of [pops|e] gathering [raw_materials|e] in all [locations|e] in a [country|e].,country,,"percent, bad",,,
global_road_building_time,,none,EU5-specific road system,This impacts how much time it will take to build [roads|e] in a [country|e].,country,,"percent, bad",,,
global_roman_culture_movement_growth_modifier,,none,EU5-specific Latin revival movement,How much the [ShowMovementDefinitionName('roman_culture_movement')] [movement|e] grows in all [locations|e].,movement,multiplicative,"percent, good",,,
global_roman_culture_movement_resistance_modifier,global_religious_conversion_resistance,medium,Match: global_religious_conversion_resistance ↔ global_roman_culture_movement_resistance_modifier,How much resistance everywhere has to the [ShowMovementDefinitionName('roman_culture_movement')] [movement|e].,movement,multiplicative,"percent, good",Religion,Adds to conversion resistance from centres of reformation in all provinces.,Multiplicative
global_rural_build_buildings_cost,can_not_build_buildings,medium,Match: can_not_build_buildings ↔ global_rural_build_buildings_cost,Rural Buildings Cost,country,,"percent, bad",Economy,Forbids a country to build buildings,Constant
global_sailors_modifier,global_sailors_modifier,high,Direct equivalent - sailor pool modifier,This impacts how many [sailors|e] a [country|e] will get monthly.,country,multiplicative,"percent, good",Navy,Modifies a country's maximum sailor pool.,Multiplicative
global_separatism,years_of_nationalism,medium,Related separatism/nationalism but different mechanism,This impacts [separatism|e] in all [locations|e] in a [country|e].,country,,"percent, bad",Stability,Adds to the base separatism value of provinces when conquered.,Additive
global_slave_pop_satisfaction,,none,EU5-specific pop satisfaction,This impacts the [pop_satisfaction|e] for [ShowPopTypeName('slaves')] in the [country|e].,country,,"percent, good",,,
global_slaves_assimilation_blocked,,none,EU5-specific pop assimilation,This stops all [ShowPopTypeName('slaves')] from [assimilating|e] to the [primary_culture|e] in this [country|e].,country,boolean,bad,,,
global_slaves_city_desired_pop,,none,EU5-specific pop capacity,Impacts how many [ShowPopTypeName('slaves')] can live in [towns_and_cities|e] in this [country|e].,country,,good,,,
global_slaves_city_desired_pop_scaled,,none,EU5-specific pop capacity,Impacts how many [ShowPopTypeName('slaves')] can live in [towns_and_cities|e] in this [country|e].,country,scaled,"percent, good",,,
global_slaves_conversion_blocked,global_religious_conversion_resistance,medium,Match: global_religious_conversion_resistance ↔ global_slaves_conversion_blocked,This stops all [ShowPopTypeName('slaves')] from [converting|e] to the [state_religion|e] in this [country|e].,country,boolean,bad,Religion,Adds to conversion resistance from centres of reformation in all provinces.,Multiplicative
global_slaves_desired_pop,,none,EU5-specific pop capacity,Impacts how many [ShowPopTypeName('slaves')] can live in all [locations|e] in this [country|e].,country,,good,,,
global_slaves_desired_pop_scaled,,none,EU5-specific pop capacity,Impacts how many [ShowPopTypeName('slaves')] can live in all [locations|e] in this [country|e].,country,scaled,"percent, good",,,
global_slaves_food_consumption,,none,EU5-specific food system,This impacts how much [food|e] that [ShowPopTypeName('slaves')] [pops|e] will consume in the entire [country|e].,country,,"percent, bad",,,
global_slaves_max_literacy,,none,EU5-specific literacy system,This impacts the [literacy|e] for all [ShowPopTypeName('slaves')] in this [country|e].,country,,"raw percent, good",,,
global_slaves_migration_allowed,global_allowed_num_of_buildings,medium,Match: global_allowed_num_of_buildings ↔ global_slaves_migration_allowed,Determines if [pops|e] of the [ShowPopTypeName('slaves')] are allowed to [migrate|e] or not in a [country|e].,country,boolean,good,Economy,Adds to the number of allowed buildings in every owned province.,Additive
global_slaves_pop_growth,,none,EU5-specific pop growth,This impacts the [population_growth|e] of the [ShowPopTypeName('slaves')] in a [country|e].,country,,"percent, good",,,
global_slaves_rural_desired_pop,,none,EU5-specific pop capacity,Impacts how many [ShowPopTypeName('slaves')] can live in [rural_locations|e] in this [country|e].,country,,good,,,
global_slaves_rural_desired_pop_scaled,,none,EU5-specific pop capacity,Impacts how many [ShowPopTypeName('slaves')] can live in [rural_locations|e] in this [country|e].,country,scaled,"percent, good",,,
global_soldiers_assimilation_blocked,,none,EU5-specific pop assimilation,This stops all [ShowPopTypeName('soldiers')] from [assimilating|e] to the [primary_culture|e] in this [country|e].,country,boolean,bad,,,
global_soldiers_city_desired_pop,,none,EU5-specific pop capacity,Impacts how many [ShowPopTypeName('soldiers')] can live in [towns_and_cities|e] in this [country|e].,country,,good,,,
global_soldiers_city_desired_pop_scaled,,none,EU5-specific pop capacity,Impacts how many [ShowPopTypeName('soldiers')] can live in [towns_and_cities|e] in this [country|e].,country,scaled,"percent, good",,,
global_soldiers_conversion_blocked,global_religious_conversion_resistance,medium,Match: global_religious_conversion_resistance ↔ global_soldiers_conversion_blocked,This stops all [ShowPopTypeName('soldiers')] from [converting|e] to the [state_religion|e] in this [country|e].,country,boolean,bad,Religion,Adds to conversion resistance from centres of reformation in all provinces.,Multiplicative
global_soldiers_desired_pop,,none,EU5-specific pop capacity,Impacts how many [ShowPopTypeName('soldiers')] can live in all [locations|e] in this [country|e].,country,,good,,,
global_soldiers_desired_pop_scaled,,none,EU5-specific pop capacity,Impacts how many [ShowPopTypeName('soldiers')] can live in all [locations|e] in this [country|e].,country,scaled,"percent, good",,,
global_soldiers_food_consumption,,none,EU5-specific food system,This impacts how much [food|e] that [ShowPopTypeName('soldiers')] [pops|e] will consume in the entire [country|e].,country,,"percent, bad",,,
global_soldiers_max_literacy,,none,EU5-specific literacy system,This impacts the [literacy|e] for all [ShowPopTypeName('soldiers')] in this [country|e].,country,,"raw percent, good",,,
global_soldiers_migration_allowed,global_allowed_num_of_buildings,medium,Match: global_allowed_num_of_buildings ↔ global_soldiers_migration_allowed,Determines if [pops|e] of the [ShowPopTypeName('soldiers')] are allowed to [migrate|e] or not in a [country|e].,country,boolean,good,Economy,Adds to the number of allowed buildings in every owned province.,Additive
global_soldiers_pop_growth,,none,EU5-specific pop growth,This impacts the [population_growth|e] of the [ShowPopTypeName('soldiers')] in a [country|e].,country,,"percent, good",,,
global_soldiers_rural_desired_pop,,none,EU5-specific pop capacity,Impacts how many [ShowPopTypeName('soldiers')] can live in [rural_locations|e] in this [country|e].,country,,good,,,
global_soldiers_rural_desired_pop_scaled,,none,EU5-specific pop capacity,Impacts how many [ShowPopTypeName('soldiers')] can live in [rural_locations|e] in this [country|e].,country,scaled,"percent, good",,,
global_supply_limit_modifier,global_supply_limit_modifier,high,Direct equivalent - supply limit,This impacts the [supply_limit|e] of all [locations|e] this [country|e] [owns|e].,country,multiplicative,"percent, good",Military,Modifies the supply limit of provinces,Additive
global_trade_center_power,global_prov_trade_power_modifier,medium,Semantic match: global_prov_trade_power_modifier ↔ global_trade_center_power,This impacts the [market_attraction|e] that our [markets|e] have on [locations|e].,country,,"percent, good",Trade,Modifies the base trade power of owned provinces.,Multiplicative
global_trade_protection_factor,global_own_trade_power,medium,Semantic match: global_own_trade_power ↔ global_trade_protection_factor,$MODIFIER_TYPE_DESC_local_trade_protection_factor$,country,,"percent, good",Trade,Modifies the trade power for a country in trade nodes that are domestic.,Multiplicative
global_trade_through_owned_territory_cost_modifier,global_trade_power,medium,Match: global_trade_power ↔ global_trade_through_owned_territory_cost_modifier,Trade Range over Owned Land,country,multiplicative,"percent, bad",Trade,Modifies the trade power in all trade nodes for a country.,Multiplicative
global_trades_per_burgher,,none,EU5-specific burgher trade capacity,This impacts how much [trade|e] per [population|e] the [ShowEstateTypeName('burghers_estate')] in the [country|e] can do on their own.,country,,"percent, good",,,
global_tribal_promotion,,none,EU5-specific pop tribal promotion,This impacts the [promotion|e] for [ShowPopTypeName('tribesmen')] to [ShowPopTypeName('peasants')] in this [country|e].,country,,"percent, good",,,
global_tribes_estate_power,global_trade_power,medium,Match: global_trade_power ↔ global_tribes_estate_power,This impacts the [estate_power|e] of the $tribes_estate$ in the entire [country|e].,"country, estate",,"percent, bad",Trade,Modifies the trade power in all trade nodes for a country.,Multiplicative
global_tribesmen_assimilation_blocked,,none,EU5-specific pop assimilation,This stops all [ShowPopTypeName('tribesmen')] from [assimilating|e] to the [primary_culture|e] in this [country|e].,country,boolean,bad,,,
global_tribesmen_city_desired_pop,,none,EU5-specific pop capacity,Impacts how many [ShowPopTypeName('tribesmen')] can live in [towns_and_cities|e] in this [country|e].,country,,good,,,
global_tribesmen_city_desired_pop_scaled,,none,EU5-specific pop capacity,Impacts how many [ShowPopTypeName('tribesmen')] can live in [towns_and_cities|e] in this [country|e].,country,scaled,"percent, good",,,
global_tribesmen_conversion_blocked,global_religious_conversion_resistance,medium,Match: global_religious_conversion_resistance ↔ global_tribesmen_conversion_blocked,This stops all [ShowPopTypeName('tribesmen')] from [converting|e] to the [state_religion|e] in this [country|e].,country,boolean,bad,Religion,Adds to conversion resistance from centres of reformation in all provinces.,Multiplicative
global_tribesmen_desired_pop,,none,EU5-specific pop capacity,Impacts how many [ShowPopTypeName('tribesmen')] can live in all [locations|e] in this [country|e].,country,,good,,,
global_tribesmen_desired_pop_scaled,,none,EU5-specific pop capacity,Impacts how many [ShowPopTypeName('tribesmen')] can live in all [locations|e] in this [country|e].,country,scaled,"percent, good",,,
global_tribesmen_food_consumption,,none,EU5-specific food system,This impacts how much [food|e] that [ShowPopTypeName('tribesmen')] [pops|e] will consume in the entire [country|e].,country,,"percent, bad",,,
global_tribesmen_max_literacy,,none,EU5-specific literacy system,This impacts the [literacy|e] for all [ShowPopTypeName('tribesmen')] in this [country|e].,country,,"raw percent, good",,,
global_tribesmen_migration_allowed,global_allowed_num_of_buildings,medium,Match: global_allowed_num_of_buildings ↔ global_tribesmen_migration_allowed,Determines if [pops|e] of the [ShowPopTypeName('tribesmen')] are allowed to [migrate|e] or not in a [country|e].,country,boolean,good,Economy,Adds to the number of allowed buildings in every owned province.,Additive
global_tribesmen_pop_growth,,none,EU5-specific pop growth,This impacts the [population_growth|e] of the [ShowPopTypeName('tribesmen')] in a [country|e].,country,,"percent, good",,,
global_tribesmen_rural_desired_pop,,none,EU5-specific pop capacity,Impacts how many [ShowPopTypeName('tribesmen')] can live in [rural_locations|e] in this [country|e].,country,,good,,,
global_tribesmen_rural_desired_pop_scaled,,none,EU5-specific pop capacity,Impacts how many [ShowPopTypeName('tribesmen')] can live in [rural_locations|e] in this [country|e].,country,scaled,"percent, good",,,
global_upper_class_capacity_modifier,,none,EU5-specific pop capacity,This impacts how many [upper_class|e] [pops|e] can live in all [locations|e] in this [country|e].,country,multiplicative,"percent, good",,,
global_urban_build_buildings_cost,can_not_build_buildings,medium,Match: can_not_build_buildings ↔ global_urban_build_buildings_cost,Urban Buildings Cost,country,,"percent, bad",Economy,Forbids a country to build buildings,Constant
global_war_score_efficiency,warscore_from_battles_modifier,medium,Related warscore but EU5 broader (all sources) vs EU4 (battles only),This impacts how much [war_score|e] it will cost for this [country|e] to take territory.,country,,"percent, good",Military,Modifiers the amount of war score a country gain from land and naval battles.,Multiplicative
gold_importance_modifier,,none,EU5-specific AI importance modifier,This modifiers how much the AI country values gold.,country,multiplicative,good,,,
government_reform_slots,possible_policy;free_adm_policy;free_dip_policy;free_mil_policy;free_policy,low,Match: possible_policy ↔ government_reform_slots; Direct match - EU4 free policy slots = EU5 government reform slots; both grant additional policy/reform capacity,This impacts how many [government_reforms|e] a [country|e] can have.,country,,good,Technology,Modifies the amount of all policy slots.,Additive
government_size,,none,EU5-specific cabinet seats system,This impacts how many [characters|e] that can be in [cabinet|e] at the same time.,country,,good,,,
grant_a_triumph_cost_modifier,,none,EU5-specific Byzantine/Roman action,Grant a Triumph,country,multiplicative,"percent, bad",,,
grant_cabinet_right_price_cost_modifier,,none,EU5-specific cabinet action,This impacts the [costs|e] for the [ShowCharacterInteractionName('grant_cabinet_right')] [character_interaction|e].,country,multiplicative,"percent, bad",,,
grant_privilege_cost_modifier,,none,EU5-specific estate privilege action (EU4 has estate privileges but no cost modifier),This impacts how much it [costs|e] to grant an [estate_privilege|e].,country,multiplicative,"percent, bad",,,
grant_shugo_office_cost_modifier,,none,EU5-specific Japanese office action,This impacts the [costs|e] of [ShowGenericActionName('grant_shugo_office')].,country,multiplicative,"percent, bad",,,
grant_town_rights_cost_modifier,,none,EU5-specific urban rights action,This determines the cost of granting [town_rights|e] to a [town_or_city|e].,country,multiplicative,"percent, bad",,,
great_power_score,,none,EU5-specific great power score,Great Power Score,country,,good,,,
great_power_score_exempt_from_forfeit,power_projection_from_insults,medium,Match: power_projection_from_insults ↔ great_power_score_exempt_from_forfeit,Great Power Score (Exempt from Forfeit),country,,good,Court,Modifies the amount of power projection gained when using the ‘Insult’ diplomatic action.,Multiplicative
great_power_score_modifier,,none,EU5-specific great power score,Great Power Score Modifier,country,multiplicative,"percent, good",,,
greek_festivals_cost_modifier,,none,EU5-specific Byzantine action,Revitalize an Ancient Greek Festival,country,multiplicative,"percent, bad",,,
hanseatic_member_cost_cost_modifier,,none,EU5-specific Hanseatic mechanic,This impacts how much a [ShowSubjectTypeName('hanseatic_member')] gives to its [overlord|e] each month.,country,multiplicative,"percent, bad",,,
hanseatic_shipwright_guild_max_level,,none,EU5-specific Hanseatic building,This impacts the maximum level that a [ShowBuildingTypeName('hanseatic_shipwright_guild')] can reach.,country,additive,good,,,
has_a_parliamentary_system,,none,EU5-specific parliament flag,This determines if a [country|e] has a [parliament|e] or not.,country,boolean,good,,,
has_appanages_subjects,,none,EU5-specific appanage subject type,Unlocks the Appanage [subject_type|e]. Appanages represent landed titles that have been bestowed to a member of the ruling dynasty.,country,boolean,good,,,
has_ashta_pradham_council_policies,,none,EU5-specific Indian policy system,Enables the [ShowLawName('ashta_pradhan_council_law')] [law|e].,country,boolean,good,,,
has_chivalric_order,prestige_per_development_from_conversion,medium,Semantic match: prestige_per_development_from_conversion ↔ has_chivalric_order,"This allows [characters|e] of our religion to join our #Y Chivalric Order#!. As part of the Order, the character in question gains the following bonuses:\n- Monthly Prestige: #G +0.03#!\n- Administrative / Diplomatic / Military Ability: #G +15#!\n- An Order specific modifier",country,boolean,good,Religion,Adds to the prestige bonus gained per development when successfully converting a province to a state religion.,Additive
has_codified_laws,,none,EU5-specific codified laws mechanic,Allowing a [country|e] to use [laws|e].,country,boolean,good,,,
has_complacency_effects,,none,EU5-specific complacency disaster,This determines if a [country|e] gets an impact from [complacency|e] or not.,country,boolean,bad,,,
has_cultural_maintenance,,none,EU5-specific culture investment,This allows a [country|e] to use [cultural_maintenance|e].,country,boolean,good,,,
has_panaqas,,none,EU5-specific Inca panaqa system,This enables the [ShowBuildingTypeName('panaqa_building')]. All owned [locations|e] gain a [ShowBuildingTypeNameWithNoTooltip('panaqa_building')] whenever the [ruler|e] dies.,country,boolean,bad,,,
has_road_building,,none,EU5-specific road building flag,Allowing a [country|e] to build [roads|e].,country,boolean,good,,,
has_stability_investment,,none,EU5-specific stability investment,This allows [stability_investment|e] for a [country|e].,country,boolean,good,,,
has_taluqdar_tax_collection,,none,EU5-specific Indian tax mechanic,This allows us to use the [ShowCabinetActionName('taluqdar_tax_collection')] [cabinet_action|e].,country,boolean,good,,,
head_of_cabinet_promotion_cost_modifier,,none,EU5-specific cabinet action,This modifies the cost of the [ShowCharacterInteractionName('promote_to_head_of_cabinet')] [character_interaction|e].,country,multiplicative,"percent, bad",,,
heir_of_any_religion,,none,EU5-specific heir religion rule,This determines that our [heir|e] can be of any [religion|e].,country,boolean,neutral,,,
heir_of_same_religion,may_perform_slave_raid_on_same_religion,medium,Match: may_perform_slave_raid_on_same_religion ↔ heir_of_same_religion,This determines that our [heir|e] must be of our [state_religion|e].,country,boolean,neutral,Navy,Grants the abiliy to conduct slave raids against nations that share the same religion.,Constant
heir_of_same_religion_group,may_perform_slave_raid_on_same_religion,medium,Match: may_perform_slave_raid_on_same_religion ↔ heir_of_same_religion_group,This determines that our [heir|e] must be of the [religion_group|e] of our [state_religion|e].,country,boolean,neutral,Navy,Grants the abiliy to conduct slave raids against nations that share the same religion.,Constant
hide_from_black_death_cost_modifier,,none,EU5-specific plague action,This impacts the [costs|e] of [ShowGenericActionName('hide_from_black_death')].,country,multiplicative,"percent, bad",,,
high_lakes_proximity_impact,,none,EU5-specific proximity system,This impacts the [proximity|e] cost when going through [ShowTopographyName('high_lakes')].,country,,"percent, bad",,,
hills_proximity_impact,,none,EU5-specific proximity system,This impacts the [proximity|e] cost when going through [ShowTopographyName('hills')].,country,,"percent, bad",,,
hills_wasteland_proximity_impact,global_regiment_cost,high,Semantic match: global_regiment_cost ↔ hills_wasteland_proximity_impact,This impacts the [proximity|e] cost when going through [ShowTopographyName('hills_wasteland')].,country,,"percent, bad",Military,Modifies the base unit cost for all land units.,Multiplicative
hire_advisor_cost_modifier,advisor_cost,high,Direct equivalent - advisor hiring cost,This impacts how much it [costs|e] to hire a new [character|e] to enter our court.,country,multiplicative,"percent, bad",Court,Modifies the base cost of advisors.,Multiplicative
hire_artist_cost_modifier,,none,EU5-specific artist system,This impacts how much it [costs|e] to hire a new [artist|e] to enter our court.,country,multiplicative,"percent, bad",,,
hire_mercenary_leader_cost_modifier,leader_cost,medium,Semantic match: leader_cost ↔ hire_mercenary_leader_cost_modifier,This impacts how much it [costs|e] to hire a [mercenary|e] leader.,country,multiplicative,"percent, bad",Military,Modifies the military power cost for hiring leaders.,Multiplicative
hire_mercenary_premium_cost_modifier,mercenary_cost,medium,Related mercenary hiring cost,This impacts how much it [costs|e] to hire a [mercenary|e].,country,multiplicative,"percent, bad",Mercenary,Modifies the base cost for mercenary units.,Multiplicative
hire_prisoners_cost_modifier,,none,EU5-specific prisoner recruitment,This impacts how much it [costs|e] to hire [prisoners|e] to fight for us.,country,multiplicative,"percent, bad",,,
hire_privateer_cost_modifier,,none,EU5-specific privateer action,This impacts how much it [costs|e] to hire [privateers|e].,country,multiplicative,"percent, bad",,,
hold_public_kirishitan_mass_cost_modifier,,none,EU5-specific Kirishitan action,This impacts the [costs|e] of [ShowGenericActionName('hold_public_kirishitan_mass')].,country,multiplicative,"percent, bad",,,
honorary_titles_bureaucracy_impact_modifier,,none,EU5-specific Chinese bureaucracy,How much the [bureaucracy|e] affects the [country|e].,country,multiplicative,"percent, good",,,
honoring_alliance_call_cost_modifier,,none,EU5-specific alliance call action,This impacts how much it [costs|e] to join a [war|e] when called in as an [ally|e].,country,multiplicative,"percent, bad",,,
horde_unity_hit_at_ruler_death,,none,EU5-specific horde unity mechanic,This is the amount of [horde_unity|e] the [country|e] gains or loses whenever their [ruler|e] dies.,country,,good,,,
host_olympiad_cost_modifier,,none,EU5-specific Olympiad action,Host Olympiad Cost Modifier,country,multiplicative,"percent, bad",,,
hostile_diplomatic_annexation_cost,diplomatic_annexation_cost,high,Related to diplomatic annexation but hostile-specific,Hostile Diplomatic Annexation Cost,country,,"percent, bad",Diplomacy,Modifies the diplomatic power cost for annexation.,Multiplicative
hre_army_building_cost_modifier,imperial_mercenary_cost,low,Related HRE military cost but different unit type,This impacts the [cost|e] of building a [ShowBuildingTypeName('hre_imperial_armory_foreign')].,country,multiplicative,"percent, bad",Holy Roman Empire,Modifies the cost of mercenary companies for nations within the Holy Roman Empire.,Multiplicative
hussite_wars_actions_price_cost_modifier,,none,EU5-specific Hussite Wars situation,This impacts the [cost|e] of the [actions|e] associated with the [ShowSituationName('hussite_wars')] [situation|e].,country,multiplicative,"percent, bad",,,
hyw_main_actions_price_cost_modifier,,none,EU5-specific Hundred Years War actions,This impacts the [cost|e] of the Main [actions|e] associated with the [ShowSituationName('hundred_years_war')] [situation|e].,country,multiplicative,"percent, bad",,,
ignore_doom,,none,EU5-specific doom mechanic,This determines if the [country|e] ignores the [doom|e] or not.,country,boolean,good,,,
ignore_same_religion_colonial_claim,may_perform_slave_raid_on_same_religion,medium,Match: may_perform_slave_raid_on_same_religion ↔ ignore_same_religion_colonial_claim,This impacts if the [country|e] can ignore the restriction of the [ShowSituationName('treaty_of_tordesillas')] or not.,country,boolean,good,Navy,Grants the abiliy to conduct slave raids against nations that share the same religion.,Constant
ignore_zone_of_control,can_bypass_forts,high,Both allow ignoring fort zone of control,This impacts if an [army|e] can ignore a [hostile|e] [zone_of_control|e].,country,boolean,good,Military,Allows units to ignore fort zones of control.,Constant
imperial_army_contribution_price_cost_modifier,global_regiment_cost,high,Semantic match: global_regiment_cost ↔ imperial_army_contribution_price_cost_modifier,This impacts the [costs|e] of [ShowPaymentName('imperial_army_contribution')] in the [GetUniqueInternationalOrganization('hre').GetName].,country,multiplicative,"percent, neutral",Military,Modifies the base unit cost for all land units.,Multiplicative
imperial_authority_modifier,imperial_authority,high,Both modify imperial authority impact,This modifies the impact of Imperial Authority for the [GetInternationalOrganizationType('hre').GetName] gains.\n#Y Has no effect if we are not the leader of the [GetInternationalOrganizationType('hre').GetNameWithNoTooltip].#!,all,multiplicative,"percent, good",Holy Roman Empire,Modifies the impact of imperial authority gains.,Multiplicative
imperial_contribution_price_cost_modifier,,none,EU5-specific HRE contribution,This impacts the [costs|e] of [ShowPaymentName('imperial_contribution')] in the [GetUniqueInternationalOrganization('hre').GetName].,country,multiplicative,"percent, neutral",,,
imperial_senate_bureaucracy_impact_modifier,,none,EU5-specific Byzantine bureaucracy,How much the [bureaucracy|e] affects the [country|e].,country,multiplicative,"percent, good",,,
imperial_treasury_contribution_price_cost_modifier,curia_treasury_contribution,medium,Match: curia_treasury_contribution ↔ imperial_treasury_contribution_price_cost_modifier,This impacts the [costs|e] of [ShowPaymentName('imperial_treasury_contribution')] in the [GetUniqueInternationalOrganization('hre').GetName].,country,multiplicative,"percent, neutral",Religion,Modifies the amount of treasury contribution to the Curia.,Multiplicative
implement_bureaucracy_price_cost_modifier,,none,EU5-specific bureaucracy action,Implement Bureaucracy Price Modifier,country,multiplicative,"percent, bad",,,
import_efficiency,trade_efficiency,medium,Match: trade_efficiency ↔ import_efficiency,$game_concept_import_efficiency_desc$,country,,"percent, good",Trade,Modifies a country's trade income. (Maximum is 200%),Multiplicative
improve_our_cultural_view_price_cost_modifier,,none,EU5-specific culture opinion action,This impacts the [costs|e] for [ShowGenericActionName('improve_our_cultural_view')].,country,multiplicative,"percent, bad",,,
improve_relation_impact,improve_relation_modifier,high,Direct equivalent - improve relations speed,This impacts how well a [country|e] can [improve_relations|e].,country,,"percent, good",Diplomacy,Modifies the speed of the ‘Improve Relations’ diplomatic action.,Multiplicative
increase_clergy_satisfaction_from_religious_sects_cost_modifier,,none,EU5-specific religious sect action,This impacts the [costs|e] of [ShowGenericActionName('increase_clergy_satisfaction_from_religious_sects')].,country,multiplicative,"percent, bad",,,
increase_levies_from_shogun_court_cost_modifier,,none,EU5-specific shogun court action,This impacts the [costs|e] of [ShowGenericActionName('increase_levies_from_shogun_court')].,country,multiplicative,"percent, bad",,,
increase_literacy_from_religious_sects_cost_modifier,,none,EU5-specific literacy action,This impacts the [costs|e] of [ShowGenericActionName('increase_literacy_from_religious_sects')].,country,multiplicative,"percent, bad",,,
increase_peasant_satisfaction_from_ikko_ikki_cost_modifier,,none,EU5-specific Ikko-ikki action,This impacts the [costs|e] of [ShowGenericActionName('increase_peasant_satisfaction_from_ikko_ikki')].,country,multiplicative,"percent, bad",,,
increase_tax_income_from_shogun_court_cost_modifier,war_taxes_cost_modifier,medium,Semantic match: war_taxes_cost_modifier ↔ increase_tax_income_from_shogun_court_cost_modifier,This impacts the [costs|e] of [ShowGenericActionName('increase_tax_income_from_shogun_court')].,country,multiplicative,"percent, bad",Military,Modifies the military power cost for raising war taxes.,Multiplicative
indulge_in_bloodbath_cost_modifier,,none,EU5-specific character action,This impacts the [costs|e] of [ShowGenericActionName('indulge_in_bloodbath')].,country,multiplicative,"percent, bad",,,
indulge_in_feasts_cost_modifier,,none,EU5-specific character action,This impacts the [costs|e] of [ShowGenericActionName('indulge_in_feasts')].,country,multiplicative,"percent, bad",,,
inland_sea_proximity_impact,global_regiment_cost,high,Semantic match: global_regiment_cost ↔ inland_sea_proximity_impact,This impacts the [proximity|e] cost when going through [ShowTopographyName('inland_sea')].,country,,"percent, bad",Military,Modifies the base unit cost for all land units.,Multiplicative
institution_growth,global_institution_spread,medium,Related institution spread but EU5 is generic growth,This impacts how quickly [institutions|e] spread into this [location|e].,country,,good,Technology,Modifies the rate of spread for institutions in all owned provinces.,Multiplicative
institution_importance_modifier,,none,EU5-specific AI importance modifier,This modifiers how much the AI country values institutions.,country,multiplicative,good,,,
intervene_in_italian_campaign_price_cost_modifier,,none,EU5-specific Italian Wars action,This impacts the [costs|e] of [ShowGenericActionName('iw_intervene_in_war')].,country,multiplicative,"percent, bad",,,
inti_ceremonial_festivals_cost_modifier,,none,EU5-specific Inca religious action,This impacts the [costs|e] of [ShowGenericActionName('inti_ceremonial_festivals')].,country,multiplicative,"percent, bad",,,
invade_neighbor_beylik_price_cost_modifier,,none,EU5-specific Ottoman action,This impacts the [costs|e] of [ShowGenericActionName('invade_neighbor_beylik')].,country,multiplicative,"percent, bad",,,
invite_artist_cost_modifier,,none,EU5-specific artist system,This impacts how much it [costs|e] to invite an [artist|e],country,multiplicative,"percent, bad",,,
invite_foreign_cleric_cost_modifier,,none,EU5-specific religious action,This impacts how much it [costs|e] to invite a new foreign cleric to our court.,country,multiplicative,"percent, bad",,,
invite_patriarch_delegation_cost_modifier,,none,EU5-specific Orthodox action,This impacts the [costs|e] of [ShowGenericActionName('invite_patriarch_delegation')].,country,multiplicative,"percent, bad",,,
invite_religious_figure_different_school_cost_modifier,,none,EU5-specific religious school action,This impacts how much it [costs|e] to [invite_religious_figures|e].,country,multiplicative,"percent, bad",,,
invite_religious_figure_same_school_cost_modifier,,none,EU5-specific religious school action,This impacts how much it [costs|e] to [invite_religious_figures|e].,country,multiplicative,"percent, bad",,,
irrigant_cap_level,,none,EU5-specific irrigation building,This modifies how many levels the [ShowBuildingTypeName('irrigation_systems')] can have.,country,,good,,,
is_battles_preordained,,none,EU5-specific mechanic,This will make a [country|e] never to re-roll the [d10|e] in [combat|e].,country,boolean,good,,,
is_excluded_from_electorship,,none,EU5-specific HRE elector exclusion,This forbids the country to become [elector|e] of the [GetInternationalOrganizationType('hre').GetName].,country,boolean,bad,,,
is_hre_elector,,none,EU5-specific HRE elector flag,This allows the country to act as an [elector|e] in the [GetInternationalOrganizationType('hre').GetName] and other special rights.,country,boolean,good,,,
is_pope,,none,EU5-specific pope flag,"This flags the [country|e] as the [pope|e], the head of the [ShowReligionAdjective('catholic')] faith and actor and recpient of many religious [country_interactions|e].",country,boolean,good,,,
is_senior_partner,,none,EU5-specific PU/union flag,This marks the country as the [senior_partner|e] of the [union|e].,country,boolean,good,,,
isolate_cities_black_death_cost_modifier,,none,EU5-specific plague action,This impacts the [costs|e] of [ShowGenericActionName('isolate_cities_black_death')].,country,multiplicative,"percent, bad",,,
iw_send_aid_price_cost_modifier,,none,EU5-specific Italian Wars action,This impacts the [costs|e] of [ShowGenericActionName('iw_send_aid')].,country,multiplicative,"percent, bad",,,
join_autocephalous_patriarchate_cost_modifier,,none,EU5-specific Orthodox action,This impacts the [costs|e] of [ShowGenericActionName('join_autocephalous_patriarchate')].,country,multiplicative,"percent, bad",,,
join_branch_cost_modifier,,none,EU5-specific religious branch action,This impacts the [costs|e] of [ShowGenericActionName('join_branch')].,country,multiplicative,"percent, bad",,,
join_italian_wars_price_cost_modifier,,none,EU5-specific Italian Wars action,This impacts the [costs|e] of [ShowGenericActionName('join_a_league')].,country,multiplicative,"percent, bad",,,
join_sect_cost_modifier,,none,EU5-specific religious sect action,This impacts the [costs|e] of [ShowGenericActionName('join_sect')].,country,multiplicative,bad,,,
jurchen_confederation_law_price_cost_modifier,,none,EU5-specific Jurchen action,This impacts the [costs|e] of passing a [law|e] in the [ShowInternationalOrganizationType('jurchen_confederation')].,country,multiplicative,"percent, bad",,,
keep_kami_and_buddha_balanced_from_religious_sects_cost_modifier,,none,EU5-specific Shinto/Buddhist action,This impacts the [costs|e] of [ShowGenericActionName('keep_kami_and_buddha_balanced_from_religious_sects')].,country,multiplicative,"percent, bad",,,
kephalai_bureaucracy_impact_modifier,,none,EU5-specific Byzantine bureaucracy,How much the [bureaucracy|e] affects the [country|e].,country,multiplicative,"percent, good",,,
lack_of_control_impact_on_warscore,,none,EU5-specific control-warscore mechanic,This impacts the effect that low [control|e] has on [war_score|e].,country,,"percent, good",,,
lakes_proximity_impact,,none,EU5-specific proximity system,This impacts the [proximity|e] cost when going through [ShowTopographyName('lakes')].,country,,"percent, bad",,,
land_cost_going_downstream,,none,EU5-specific proximity/river system,This impacts the [proximity|e] cost between [locations|e] when going through downstream along a [river|e].,country,,bad,,,
land_cost_going_upstream,,none,EU5-specific proximity/river system,This impacts the [proximity|e] cost between [locations|e] when going through upstream along a [river|e].,country,,bad,,,
land_cost_on_distance_from_capital,,none,EU5-specific proximity/distance system,This impacts the [proximity|e] cost between [locations|e] when going through a normal [location|e].,country,,bad,,,
land_cost_on_distance_from_capital_speed_propagation,,none,EU5-specific proximity system,This impacts the speed that [proximity|e] moves through [locations|e] when going through a normal [location|e].,country,,"percent, good",,,
land_cost_on_frozen_water,,none,EU5-specific proximity system,This impacts the [proximity|e] cost between [locations|e] when going over a [frozen|e] [seazone|e].,country,,bad,,,
land_morale,land_morale_constant,high,Both add to base land morale,This modifies the maximum [morale|e] that a [regiment|e] can have by a fixed amount.,unit,,good,Military,Adds to the land morale of land units.,Additive
land_morale_attrition_cost,morale_damage,medium,Semantic match: morale_damage ↔ land_morale_attrition_cost,This impacts how much [morale|e] that an [army|e] loses every day while taking attrition.,unit,,"percent, bad",Military,Modifies the morale damage done by land units.,Multiplicative
land_morale_modifier,land_morale;morale_damage_received,high,Direct equivalent - land morale modifier; Inverse match - EU4 morale_damage_received (morale damage taken) mapped to EU5 land_morale_modifier (morale capacity); higher morale means less damage relative to max,This modifies the maximum [morale|e] that a [regiment|e] can have by a percentage.,unit,multiplicative,"percent, good",Military,Modifies the land morale of land units.,Multiplicative
land_morale_movement_cost,morale_damage,high,Semantic match: morale_damage ↔ land_morale_movement_cost,This impacts how much [morale|e] that an [army|e] loses every hour while moving.,unit,,"percent, bad",Military,Modifies the morale damage done by land units.,Multiplicative
land_morale_recovery,recover_army_morale_speed,high,Direct equivalent - army morale recovery speed,This impacts how quickly the [morale|e] of a [regiment|e] recovers when it is less than its maximum.,unit,,"percent, good",Military,Modifies the army morale recovery speed.,Multiplicative
land_unit_attrition,land_attrition,high,Direct equivalent - land unit attrition,This impacts how much [attrition|e] that a [regiment|e] will take.,unit,,"percent, bad",Military,Modifies the attrition taken by land units.,Multiplicative
landfriede_cooldown,,none,EU5-specific HRE Landfriede mechanic,This is the time delay after [ShowCountryInteractionName('enforce_landfriede')] [country_interaction|e] has been used and before it can be used again.,country,,bad,,,
landfriede_flat_cost,global_regiment_cost,high,Semantic match: global_regiment_cost ↔ landfriede_flat_cost,This adds to the #Y Imperial Authority#! cost of the [ShowCountryInteractionName('enforce_landfriede')] [country_interaction|e].,country,,bad,Military,Modifies the base unit cost for all land units.,Multiplicative
language_change_threshold_modifier,culture_conversion_cost,low,Match: culture_conversion_cost ↔ language_change_threshold_modifier,This impacts how much more powerful a language needs to be before it is considered as a court or liturgical language candidate.,country,multiplicative,good,Culture,Modifies the diplomatic power cost for culture conversion in provinces.,Multiplicative
lat_access_to_latin_reintegration_cabinet,,none,EU5-specific cabinet action,Enables [ShowCabinetActionName('lat_reintegrate_province')] [cabinet_action|e].,country,boolean,good,,,
lat_access_to_reconquest_cb,,none,EU5-specific Latin reconquest CB,Can Create [ShowCasusBelliName('cb_lat_reconquest')] Casus Belli,country,boolean,good,,,
learn_from_foreigners_cost_modifier,,none,EU5-specific action,This impacts the [costs|e] of learning from foreigners.,country,multiplicative,"percent, good",,,
leave_sect_cost_modifier,,none,EU5-specific religious sect action,This impacts the [costs|e] of [ShowGenericActionName('leave_sect')].,country,multiplicative,bad,,,
legislative_efficiency,,none,EU5-specific parliament/legislative mechanic,$game_concept_legislative_efficiency_desc$,country,,"percent, good",,,
levy_combat_efficiency_modifier,,none,EU5-specific levy system,This impacts how effective will a [regiment|e] of [levies|e] perform in [combat|e].,unit,multiplicative,"percent, good",,,
levy_maintenance_modifier,free_leader_pool,medium,Semantic match: free_leader_pool ↔ levy_maintenance_modifier,This impacts the amount of [army_maintenance|e] or [navy_maintenance|e] a [levy|e] will pay.,country,multiplicative,"percent, bad",Military,Adds to the maximum amount of free leaders (both land leaders and navy leaders pool).,Additive
levy_recovery_modifier,,none,EU5-specific levy system,This impacts how quickly [levies|e] recovers in a [country|e].,unit,multiplicative,"percent, good",,,
lia_actions_price_cost_modifier,,none,EU5-specific Little Ice Age situation,This impacts the [cost|e] of the [actions|e] associated with the [ShowSituationName('little_ice_age')] [situation|e].,country,multiplicative,"percent, bad",,,
limit_movement_of_kirishitan_cost_modifier,,none,EU5-specific Kirishitan action,This impacts the [costs|e] of [ShowGenericActionName('limit_movement_of_kirishitan')].,country,multiplicative,"percent, bad",,,
loan_icon_price_cost_modifier,,none,EU5-specific religious icon action,Loan Icon Price Cost Modifier,country,multiplicative,"percent, bad",,,
lordship_of_ireland_casus_belli_cost_modifier,global_regiment_cost,medium,Semantic match: global_regiment_cost ↔ lordship_of_ireland_casus_belli_cost_modifier,This impacts the [costs|e] of [ShowGenericActionName('lordship_of_ireland_casus_belli')] in the [GetUniqueInternationalOrganization('lordship_of_ireland').GetNameWithNoTooltip].,country,multiplicative,"percent, bad",Military,Modifies the base unit cost for all land units.,Multiplicative
lordship_of_ireland_form_kingdom_cost_modifier,global_regiment_cost,medium,Semantic match: global_regiment_cost ↔ lordship_of_ireland_form_kingdom_cost_modifier,This impacts the [costs|e] of [ShowGenericActionName('lordship_of_ireland_form_kingdom')] in the [GetUniqueInternationalOrganization('lordship_of_ireland').GetNameWithNoTooltip].,country,multiplicative,"percent, bad",Military,Modifies the base unit cost for all land units.,Multiplicative
lordship_of_ireland_invite_planters_cost_modifier,global_regiment_cost,medium,Semantic match: global_regiment_cost ↔ lordship_of_ireland_invite_planters_cost_modifier,This impacts the [costs|e] of [ShowGenericActionName('lordship_of_ireland_invite_planters')] in the [GetUniqueInternationalOrganization('lordship_of_ireland').GetNameWithNoTooltip].,country,multiplicative,"percent, bad",Military,Modifies the base unit cost for all land units.,Multiplicative
losses_to_disease_cost_modifier,,none,EU5-specific disease/plague cost,This impacts the [costs|e] of losing [pops|e] and [armies|e] to [disease|e].,country,multiplicative,"percent, bad",,,
loyalty_to_overlord,liberty_desire,high,Inverse concept - EU5 loyalty is opposite of EU4 liberty desire,This impacts the [subject_loyalty|e] that a [country|e] shows its [overlord|e].,country,,good,Subject,Adds to subject liberty desire against their overlord.,Additive
magister_militum_bureaucracy_impact_modifier,,none,EU5-specific Byzantine bureaucracy,How much the [bureaucracy|e] affects the [country|e].,country,multiplicative,"percent, good",,,
maintain_bureaucracy_price_cost_modifier,,none,EU5-specific bureaucracy maintenance,Maintain Bureaucracy Price Modifier,country,multiplicative,"percent, bad",,,
make_tribals_peasants,,none,EU5-specific pop tribal promotion,This will make [ShowPopTypeName('tribesmen')] to [ShowPopTypeName('peasants')] when a [colonial_charter|e] flips a [location|e] to become [owned|e].,country,boolean,good,,,
male_spouses,,none,EU5-specific polygamy mechanic,A maximum number of male spouses that a [character|e] can be [married|e] with,country,,good,,,
manpower_importance_modifier,,none,EU5-specific AI importance modifier,This modifiers how much the AI country values manpower.,country,multiplicative,good,,,
market_building_levels,,none,EU5-specific trade building system,This impacts how many [ShowBuildingCategoryName('trade_category')] [buildings|e] a [country|e] can have in each [location|e].,country,,"percent, good",,,
max_diplomats,diplomats,high,Both add to diplomat count,This impacts how many [diplomats|e] a [country|e] can have in reserve.,country,,good,Diplomacy,Adds to a country's diplomat count.,Additive
max_manpower,global_manpower,high,Both add to max manpower pool,This increases the maximum amount of [manpower|e] a [country|e] can have at its disposal.,country,,good,Military,Adds to the country's total manpower pool. 1 equals 1000 men.,Additive
max_sailors,global_sailors,high,Both add to max sailors pool,This increases the maximum amount of [sailors|e] a [country|e] can have at its disposal.,country,,good,Navy,Adds to a country's maximum sailor pool.,Additive
max_war_exhaustion,war_exhaustion_cost,low,Semantic match: war_exhaustion_cost ↔ max_war_exhaustion,This changes how much [war_exhaustion|e] a [country|e] can get. Reaching the limit during a [war|e] will force the [country] to capitulate.,country,,good,Military,Modifies the diplomatic power cost for reducing war exhaustion.,Multiplicative
maximum_religious_influence,religious_unity,low,Match: religious_unity ↔ maximum_religious_influence,This impacts how much [religious_influence|e] a [country|e] can save for future needs.,country,,good,Religion,Adds to the base religious unity value for a country.,Additive
may_convert_vassals_to_celestial_governors,,none,EU5-specific Chinese celestial governor,This allows us to convert a member to a $celestial_governor$ within the [GetUniqueInternationalOrganization('middle_kingdom').GetName].,country,boolean,good,,,
may_explore,may_explore,high,Direct equivalent - exploration mission permission,This allows a [country|e] to start [explorations|e].,country,boolean,good,Colonisation,Allows the recruitment of explorers and conquisadors.,Constant
may_hire_eunuch_advisors,,none,EU5-specific eunuch advisor,This grants a small chance of a Eunuch character appearing via the [ShowGenericActionName('hire_advisor')] [action|e] in the Cabinet subtab. Eunuch characters have the [ShowTraitName('castrated')] [trait|e] and higher average [abilities|e].,country,boolean,good,,,
may_not_take_land_in_peace_treaties,,none,EU5-specific peace treaty restriction,This prevents a [country|e] from taking [locations|e] in peace treaties.,country,boolean,bad,,,
mayan_ceremonial_festivals_cost_modifier,,none,EU5-specific Mayan religious action,This impacts the [costs|e] of [ShowGenericActionName('mayan_ceremonial_festivals')].,country,multiplicative,"percent, bad",,,
megalopolis_upgrade_cost_modifier,,none,EU5-specific megalopolis building,This impacts the [costs|e] of creating a [ShowLocationRankName('megalopolis')].,country,multiplicative,"percent, bad",,,
mend_schism_price_cost_modifier,,none,EU5-specific religious schism action,Mend the Schism Price Cost Modifier,country,multiplicative,"percent, bad",,,
mercenary_maintenance_efficiency,merc_maintenance_modifier,high,Direct equivalent - mercenary maintenance cost,This impacts how much [gold|e] is paid for any [mercenaries|e].,country,,"percent, good",Mercenary,Modifies the maintenance cost of all mercenary units.,Multiplicative
mercenary_range,,none,EU5-specific mercenary range,This impacts how far away from the [country|e] we can hire [mercenaries|e].,country,,good,,,
mercenary_range_modifier,,none,EU5-specific mercenary range,This impacts how far away from the [country|e] we can hire [mercenaries|e].,country,multiplicative,"percent, good",,,
mercenary_units_preference_modifier,,none,EU5-specific AI mercenary preference,This modifies the preference of using mercenary units in wars opposed to levies and regulars.,country,multiplicative,good,,,
merchant_guild_chapel_price_cost_modifier,,none,EU5-specific merchant guild action,This impacts how much it costs to construct a [ShowBuildingTypeName('merchant_guild_chapel')].,country,multiplicative,"percent, bad",,,
merchant_maintenance_efficiency,,none,EU5-specific merchant maintenance,This impacts how much our [merchants|e] cost when doing [trades|e].,country,,"percent, good",,,
merchant_power_from_maritime,global_ship_trade_power;ship_trade_power,medium,Match: global_ship_trade_power ↔ merchant_power_from_maritime; Direct match - EU4 ship_trade_power (trade power from ships) = EU5 merchant_power_from_maritime (merchant power from maritime presence); both convert naval presence into trade advantage,This impacts how much [merchant_power|e] a [country|e] gets from [maritime_presence|e] in a [seazone|e].,country,,good,Trade,Modifies the trade power ships grant when protecting trade.,Multiplicative
merchant_power_from_maritime_modifier,global_ship_trade_power;ship_trade_power_modifier,medium,Match: global_ship_trade_power ↔ merchant_power_from_maritime_modifier; Direct match - EU4 ship_trade_power_modifier = EU5 merchant_power_from_maritime_modifier; both modify trade power gained from naval presence,This impacts how much [merchant_power|e] a [country|e] gets from [maritime_presence|e] in a [seazone|e].,country,multiplicative,"percent, good",Trade,Modifies the trade power ships grant when protecting trade.,Multiplicative
mercury_patio_max_level,,none,EU5-specific building max level,This modifies how many levels the [ShowBuildingTypeName('mercury_patio')] can have.,country,additive,good,,,
mesa_wasteland_proximity_impact,global_regiment_cost,high,Semantic match: global_regiment_cost ↔ mesa_wasteland_proximity_impact,This impacts the [proximity|e] cost when going through [ShowTopographyName('mesa_wasteland')].,country,,"percent, bad",Military,Modifies the base unit cost for all land units.,Multiplicative
miaphysite_monastery_building_cost_modifier,,none,EU5-specific Miaphysite building,This impacts how much it [costs|e] to build a [ShowBuildingTypeName('miaphysite_monastery')].,country,multiplicative,"percent, bad",,,
middle_kingdom_tribute_price_cost_modifier,,none,EU5-specific Chinese tribute action,This impacts the [costs|e] of tribute in the $middle_kingdom$.,country,multiplicative,"percent, bad",,,
migrate_pop_based_country_cost_modifier,,none,EU5-specific migration action,This impacts the [costs|e] of [ShowGenericActionName('migrate_pop_based_country')].,country,multiplicative,"percent, bad",,,
migrate_to_new_waters_cost_modifier,,none,EU5-specific naval migration action,This impacts the [costs|e] of migrating to new waters.,country,multiplicative,"percent, good",,,
military_tactics,military_tactics;shock_damage_received;fire_damage_received,high,Direct equivalent - military tactics; Loose match - EU4 phase-based damage received modifiers mapped to EU5 military_tactics; both reduce incoming damage,This impacts the [military_tactics|e] of a [regiment|e].,unit,,good,Military,"Modifies the amount of Military tactics your armies have. Military tactics reduces the amount of damage a country's troops take in combat. When set in ideas it shows up like a multiplicative % modifier, but it is treated like an additive one.",Additive
minting_income_factor,inflation_reduction,low,Match: inflation_reduction ↔ minting_income_factor,This impacts how much [gold|e] that a [country|e] will get from [minting|e].,country,,"percent, good",Economy,Adds to the base yearly inflation reduction rate.,Additive
minting_inflation_threshold,inflation_reduction,low,Match: inflation_reduction ↔ minting_inflation_threshold,This impacts how much [minting|e] can be done for a [country|e] before they get [inflation|e].,country,,"percent, good",Economy,Adds to the base yearly inflation reduction rate.,Additive
monthly_army_tradition,army_tradition,high,Both add to army tradition rate (EU5 monthly vs EU4 yearly),This impacts how much [army_tradition|e] we will get each month.,country,,good,Military,Adds to the rate of army tradition gained each year.,Additive
monthly_burghers_estate_rebel_growth,monthly_federation_favor_growth,medium,Match: monthly_federation_favor_growth ↔ monthly_burghers_estate_rebel_growth,This impacts how quickly [ShowEstateTypeName('burghers_estate')] [rebels|e] progress to a [civil_war|e].,"country, estate",,"percent, bad",Diplomacy,Adds to the monthly change of favors with other countries in the native federation.,Additive
monthly_celestial_authority,imperial_mandate,medium,Match: imperial_mandate ↔ monthly_celestial_authority,This impacts the monthly change of $celestial_authority$.,all,,good,Government,Adds to the rate of Mandate gained per month.,Additive
monthly_clergy_estate_rebel_growth,monthly_federation_favor_growth,medium,Match: monthly_federation_favor_growth ↔ monthly_clergy_estate_rebel_growth,This impacts how quickly [ShowEstateTypeName('clergy_estate')] [rebels|e] progress to a [civil_war|e].,"country, estate",,"percent, bad",Diplomacy,Adds to the monthly change of favors with other countries in the native federation.,Additive
monthly_complacency,,none,EU5-specific complacency disaster,This impacts how much [complacency|e] a [country|e] gets each month.,country,,bad,,,
monthly_cossacks_estate_rebel_growth,monthly_federation_favor_growth,medium,Match: monthly_federation_favor_growth ↔ monthly_cossacks_estate_rebel_growth,This impacts how quickly [ShowEstateTypeName('cossacks_estate')] [rebels|e] progress to a [civil_war|e].,"country, estate",,"percent, bad",Diplomacy,Adds to the monthly change of favors with other countries in the native federation.,Additive
monthly_crown_estate_rebel_growth,monthly_federation_favor_growth,medium,Match: monthly_federation_favor_growth ↔ monthly_crown_estate_rebel_growth,This impacts how quickly [ShowEstateTypeName('crown_estate')] [rebels|e] progress to a [civil_war|e].,"country, estate",,"percent, bad",Diplomacy,Adds to the monthly change of favors with other countries in the native federation.,Additive
monthly_devotion,devotion,high,Direct equivalent - devotion gain (EU5 monthly vs EU4 yearly),This impacts how much [devotion|e] a [country|e] gets each month.,country,,good,Government,Adds to the yearly rate of devotion.Does not appear or have an effect if a country's government does not use devotion.,Additive
monthly_dhimmi_estate_rebel_growth,monthly_federation_favor_growth,medium,Match: monthly_federation_favor_growth ↔ monthly_dhimmi_estate_rebel_growth,This impacts how quickly [ShowEstateTypeName('dhimmi_estate')] [rebels|e] progress to a [civil_war|e].,"country, estate",,"percent, bad",Diplomacy,Adds to the monthly change of favors with other countries in the native federation.,Additive
monthly_diplomats,,none,EU5-specific monthly diplomat generation,This impacts how many [diplomats|e] a [country|e] can get in a month.,country,,good,,,
monthly_doom,yearly_doom_reduction,medium,Match: yearly_doom_reduction ↔ monthly_doom,This impacts how much [doom|e] a [country|e] gets each month.,country,,bad,Religion,Adds to the yearly reduction rate of doom.,Additive
monthly_experience_gain,army_tradition,low,Match: army_tradition ↔ monthly_experience_gain,This is how much [experience|e] that a [regiment|e] or [ship|e] gains each month.,unit,,"percent, good",Military,Adds to the rate of army tradition gained each year.,Additive
monthly_gold_expense,monthly_gold_inflation_modifier,medium,Match: monthly_gold_inflation_modifier ↔ monthly_gold_expense,This will directly impact the [treasury|e] each month for a [country|e].,country,,bad,Economy,Modifies the amount of inflation generated by gold mines.,Multiplicative
monthly_gold_income,global_tax_income,medium,Related monthly gold income but EU4 is tax-specific,This will directly impact the [treasury|e] each month for a [country|e].,country,,good,Economy,Adds to the base tax income per year (i.e. 12 equals 1 extra per month).,Additive
monthly_harmony,yearly_harmony,high,Direct equivalent - harmony gain (EU5 monthly vs EU4 yearly),This impacts how much [harmony|e] a [country|e] gets each month.,country,,good,Religion,Adds to the rate of harmony gained per year.,Additive
monthly_honor,,none,EU5-specific honor mechanic,This impacts how much [honor|e] a [country|e] gets each month.,country,,good,,,
monthly_horde_unity,horde_unity,high,Direct equivalent - horde unity (EU5 monthly vs EU4 yearly),This impacts how much [horde_unity|e] a [country|e] gets each month.,country,,good,Government,Adds to the yearly rate of horde unity.Does not appear or have an effect if a country's government does not use horde unity.,Additive
monthly_imperial_authority,imperial_authority_value,high,Direct equivalent - imperial authority monthly rate,This impacts how much Imperial Authority the [GetInternationalOrganizationType('hre').GetName] will get each month.\n#Y Has no effect if we are not the leader of the [GetInternationalOrganizationType('hre').GetNameWithNoTooltip].#!,all,,good,Holy Roman Empire,Adds to the rate of imperial authority gained per month.,Additive
monthly_inflation,inflation_reduction,low,Semantic match: inflation_reduction ↔ monthly_inflation,This impacts how much [inflation|e] we will get each month.,country,,"percent, bad",Economy,Adds to the base yearly inflation reduction rate.,Additive
monthly_karma,monthly_karma,high,Direct equivalent - monthly karma,This impacts how much [karma|e] a [country|e] gets each month.,country,,neutral,Religion,Adds to the rate of karma gained per month.,Additive
monthly_karma_decay,yearly_karma_decay,high,Direct equivalent - karma decay (EU5 monthly vs EU4 yearly),"This impacts the decay towards #V 0#! [karma|e], where the decay is a percentage of the current karma.",country,,neutral,Religion,Modifies the yearly decay rate of Karma towards 0.,Multiplicative
monthly_legitimacy,legitimacy,high,Direct equivalent - legitimacy gain (EU5 monthly vs EU4 yearly),This impacts how much [legitimacy|e] a [country|e] gets each month.,country,,good,Government,Adds to the yearly rate of legitimacy.Does not appear or have an effect if a country's government does not use legitimacy.,Additive
monthly_loan_capacity_investment,,none,EU5-specific loan capacity mechanic,This impacts the monthly increase of the [loan_capacity|e] of a [country|e].,country,,good,,,
monthly_nahualt_reform_progress,reform_progress_growth,medium,Match: reform_progress_growth ↔ monthly_nahualt_reform_progress,This impacts the speed of religious reforms for a [country|e] that follows the [ShowReligionAdjective('nahuatl')] [religion|e].,country,,good,Government,Changes the rate of government reform progress gain from autonomy.,Multiplicative
monthly_monthly_navy_tradition,navy_tradition,high,Both add to navy tradition rate (typo in EU5 modifier name),Monthly Navy Tradition,country,,good,Navy,Adds to the yearly navy tradition rate.,Additive
monthly_nobles_estate_rebel_growth,monthly_federation_favor_growth,medium,Match: monthly_federation_favor_growth ↔ monthly_nobles_estate_rebel_growth,This impacts how quickly [ShowEstateTypeName('nobles_estate')] [rebels|e] progress to a [civil_war|e].,"country, estate",,"percent, bad",Diplomacy,Adds to the monthly change of favors with other countries in the native federation.,Additive
monthly_papal_authority,papal_influence,high,Related papal authority/influence gain,This impacts how much [papal_authority|e] we will get each month.,all,,good,Religion,Adds to the rate of papal influence gained per year.,Additive
monthly_peasants_estate_rebel_growth,monthly_federation_favor_growth,medium,Match: monthly_federation_favor_growth ↔ monthly_peasants_estate_rebel_growth,This impacts how quickly [ShowEstateTypeName('peasants_estate')] [rebels|e] progress to a [civil_war|e].,"country, estate",,"percent, bad",Diplomacy,Adds to the monthly change of favors with other countries in the native federation.,Additive
monthly_prestige,prestige,high,Direct equivalent - prestige gain (EU5 monthly vs EU4 yearly),This impacts how much [prestige|e] we will get each month.,country,,good,Court,Adds to the base yearly rate of prestige.,Additive
monthly_pretender_rebel_growth,global_unrest,medium,Match: global_unrest ↔ monthly_pretender_rebel_growth,This impacts how quickly Pretender [rebels|e] progress to a [civil_war|e].,country,,"percent, bad",Stability,Adds to the base unrest value.,Additive
monthly_purity,,none,EU5-specific purity mechanic,This impacts how much [purity|e] a [country|e] gets each month.,country,,neutral,,,
monthly_rebel_growth,global_unrest,medium,Match: global_unrest ↔ monthly_rebel_growth,This impacts how quickly [rebels|e] progress to a [revolt|e] or [civil_war|e].,country,,"percent, bad",Stability,Adds to the base unrest value.,Additive
monthly_reform_desire,monthly_reform_progress,medium,Match: monthly_reform_progress ↔ monthly_reform_desire,This impacts the monthly change of [reform_desire|e] for a [religion|e].,religion,,"percent, bad",Government,"Adds to the rate of government reform progress gain (this is modified by monthly_reform_progress_modifier, but not by reform_progress_growth).",Additive
monthly_religious_influence,religious_unity,low,Match: religious_unity ↔ monthly_religious_influence,This impacts how much [religious_influence|e] a [country|e] gets each month.,country,,good,Religion,Adds to the base religious unity value for a country.,Additive
monthly_religious_rebel_growth,global_unrest,medium,Match: global_unrest ↔ monthly_religious_rebel_growth,This impacts how quickly Religious [rebels|e] progress to a [revolt|e] or [civil_war|e].,country,,"percent, bad",Stability,Adds to the base unrest value.,Additive
monthly_republican_tradition,republican_tradition,high,Direct equivalent - republican tradition (EU5 monthly vs EU4 yearly),This impacts how much [republican_tradition|e] a [country|e] gets each month.,country,,good,Government,Adds to the yearly rate of republican tradition.Does not appear or have an effect if a country's government does not use republican tradition.,Additive
monthly_righteousness,,none,EU5-specific righteousness mechanic,This impacts how much [righteousness|e] a [country|e] gets each month.,country,,good,,,
monthly_rite_power,monthly_<government_power_type_id>,medium,Match: monthly_<government_power_type_id> ↔ monthly_rite_power,This impacts how much [rite_power|e] we will get each month.,country,,good,Government,Adds to the monthly rate of power for governments with the particular mechanic.,Additive
monthly_self_control,,none,EU5-specific self control mechanic,This impacts how much [self_control|e] a [country|e] gets each month.,country,,good,,,
monthly_slave_rebel_growth,global_unrest,medium,Match: global_unrest ↔ monthly_slave_rebel_growth,This impacts how quickly Slave [rebels|e] progress to a [revolt|e].,country,,"percent, bad",Stability,Adds to the base unrest value.,Additive
monthly_tribal_cohesion,,none,EU5-specific tribal cohesion,This impacts how much [tribal_cohesion|e] a [country|e] gets each month.,country,,good,,,
monthly_tribes_estate_rebel_growth,monthly_federation_favor_growth,medium,Match: monthly_federation_favor_growth ↔ monthly_tribes_estate_rebel_growth,This impacts how quickly [ShowEstateTypeName('tribes_estate')] [rebels|e] progress to a [civil_war|e].,"country, estate",,"percent, bad",Diplomacy,Adds to the monthly change of favors with other countries in the native federation.,Additive
monthly_war_exhaustion,war_exhaustion;war_exhaustion_cost,high,Direct equivalent - monthly war exhaustion rate; Inverse match - EU4 war_exhaustion_cost (cost to reduce WE) mapped to EU5 monthly_war_exhaustion (WE rate); both govern war exhaustion management,This impacts how much [war_exhaustion|e] we will get each month.,country,,bad,Military,Adds to the monthly war exhaustion rate.,Additive
monthly_yanantin,,none,EU5-specific Inca yanantin mechanic,This impacts how much [yanantin|e] a [country|e] gets each month.,country,,bad,,,
morale_recovery_in_friendly,recover_army_morale_speed,medium,Related morale recovery but EU5 is territory-specific,This impacts how quickly the [morale|e] of a [regiment|e] recovers in [friendly|e] [locations|e].,unit,,"percent, good",Military,Modifies the army morale recovery speed.,Multiplicative
mountain_wasteland_proximity_impact,global_regiment_cost,high,Semantic match: global_regiment_cost ↔ mountain_wasteland_proximity_impact,This impacts the [proximity|e] cost when going through [ShowTopographyName('mountain_wasteland')].,country,,"percent, bad",Military,Modifies the base unit cost for all land units.,Multiplicative
mountains_proximity_impact,,none,EU5-specific proximity system,This impacts the [proximity|e] cost when going through [ShowTopographyName('mountains')].,country,,"percent, bad",,,
move_good_to_new_location_cost_modifier,,none,EU5-specific trade goods relocation action,This impacts the [costs|e] of moving a good to a new location.,country,multiplicative,"percent, good",,,
move_to_assist_on_adjacent_combat,,none,EU5-specific battle assist mechanic,This impacts if the [unit|e] will automatically start moving to assist in a [battle|e] in an adjacent [location|e].,unit,boolean,good,,,
movement_speed_if_no_road,movement_speed_in_fleet_modifier,medium,Match: movement_speed_in_fleet_modifier ↔ movement_speed_if_no_road,This impacts how fast an [army|e] can move between [locations|e] where there is not a [road|e].,unit,,"percent, good",Navy,Modifies the movement speed for ships.,Additive
movement_speed_when_attached_to_another_unit,movement_speed_in_fleet_modifier,medium,Match: movement_speed_in_fleet_modifier ↔ movement_speed_when_attached_to_another_unit,This impacts how long it takes a [unit|e] to move through a [location|e] when it is attached to another unit.,unit,,"percent, bad",Navy,Modifies the movement speed for ships.,Additive
n_panokseon_build_cost_modifier,,none,EU5-specific Korean ship type,This impacts how much it costs to [recruit|e] a [ShowUnitDefinitionName('n_panokseon')].,country,multiplicative,"percent, bad",,,
n_panokseon_maintenance_cost_modifier,,none,EU5-specific Korean ship type,This impacts how much it costs to [maintain|e] a [ShowUnitDefinitionName('n_panokseon')].,country,multiplicative,"percent, bad",,,
n_panokseon_reinforce_cost_modifier,,none,EU5-specific Korean ship type,This impacts how much it costs to [repair|e] a [ShowUnitDefinitionName('n_panokseon')].,country,multiplicative,"percent, bad",,,
nahuatl_religious_actions_price_cost_modifier,same_religion_advisor_cost,medium,Semantic match: same_religion_advisor_cost ↔ nahuatl_religious_actions_price_cost_modifier,This impacts the [costs|e] of [actions|e] associated with the [ShowReligionName('nahuatl')] [religion|e].,country,multiplicative,"percent, bad",Court,Modifies the advisor cost for advisors that share the same religion as the country's court they're in.,Multiplicative
nanbokuchou_change_sides_cost_modifier,,none,EU5-specific Japanese Nanboku-cho action,This impacts the [costs|e] of [ShowGenericActionName('nanbokuchou_change_sides')].,country,multiplicative,"percent, bad",,,
narrows_proximity_impact,,none,EU5-specific proximity system,This impacts the [proximity|e] cost when going through [ShowTopographyName('narrows')].,country,,"percent, bad",,,
national_church_power_cost_modifier,monthly_church_power,medium,Match: monthly_church_power ↔ national_church_power_cost_modifier,This impacts the [costs|e] for Church Power actions.,country,multiplicative,"percent, bad",Religion,Adds to the monthly gained churchpower,Additive
naval_damage_done,,none,EU5-specific naval combat mechanic - no EU4 equivalent (EU4 shock_damage/fire_damage are land-only),This impacts how much damage a [ship|e] does in [combat|e].,unit,,"percent, good",,,
naval_damage_taken,ship_durability;hull_size_modifier,high,EU5-specific naval combat mechanic - no EU4 equivalent (EU4 shock_damage/fire_damage are land-only); Direct match - EU4 ship_durability/hull_size (damage absorption) = EU5 naval_damage_taken (damage received); both reduce incoming naval damage,This impacts the [damage_taken|e] of a [ship|e] in [combat|e].,unit,,"percent, bad",,,
naval_morale,naval_morale_constant,high,Both add to base naval morale,This modifies the maximum [morale|e] that a [ship|e] can have by a fixed amount.,unit,,good,Navy,Adds to the naval morale of all ships.,Additive
naval_morale_attrition_cost,naval_morale_damage,medium,Semantic match: naval_morale_damage ↔ naval_morale_attrition_cost,This impacts how much [morale|e] that a [navy|e] loses every day while taking attrition.,unit,,"percent, bad",Navy,Modifies the morale damage done by naval units.,Multiplicative
naval_morale_modifier,naval_morale;naval_morale_damage_received;sunk_ship_morale_hit_recieved,high,Direct equivalent - naval morale modifier; Inverse match - EU4 naval morale damage received mapped to EU5 naval_morale_modifier; higher morale means less damage relative to max; Also matches EU4 sunk_ship_morale_hit_recieved (morale hit from losing ships) — higher morale mitigates the hit,This modifies the maximum [morale|e] that a [ship|e] can have by a percentage.,unit,multiplicative,"percent, good",Navy,Modifies the naval morale of all ships.,Multiplicative
naval_morale_movement_cost,naval_morale_damage,high,Semantic match: naval_morale_damage ↔ naval_morale_movement_cost,This impacts how much [morale|e] that a [navy|e] loses every hour while moving.,unit,,"percent, bad",Navy,Modifies the morale damage done by naval units.,Multiplicative
naval_morale_recovery,recover_navy_morale_speed,high,Direct equivalent - navy morale recovery speed,This impacts how quickly the [morale|e] of a [ship|e] recovers when it is less than its maximum.,unit,,"percent, good",Navy,Modifies the morale recovery rate of ships.,Multiplicative
naval_range,,none,EU5-specific naval range concept,This impacts the [naval_range|e] of a [country|e].,country,,good,,,
naval_range_modifier,,none,EU5-specific naval range concept,This impacts the [naval_range|e] of a [country|e].,country,multiplicative,"percent, good",,,
naval_unit_attrition,naval_attrition,high,Direct equivalent - navy attrition,This impacts how much [attrition|e] that a [ship|e] will take.,unit,,"percent, bad",Navy,Modifies the naval attrition taken by ships.,Multiplicative
navy_galley_build_cost_modifier,galley_cost,high,Direct equivalent - galley build cost,This impacts how much it costs to [recruit|e] a [ShowUnitCategoryName('navy_galley')].,"country, navy",multiplicative,"percent, bad",Navy,Modifies the base cost of galley ships.,Multiplicative
navy_galley_maintenance_cost_modifier,naval_maintenance_modifier,medium,EU4 covers all naval maintenance not just galleys,This impacts how much it costs to [maintain|e] a [ShowUnitCategoryName('navy_galley')].,"country, navy",multiplicative,"percent, bad",Navy,Modifies the naval maintenance for all ships.,Multiplicative
navy_galley_power,galley_power;galley_hull_size_modifier,high,Direct equivalent - galley power from pips; Loose match - EU4 galley hull size mapped to EU5 galley_power; both increase galley combat effectiveness,This impacts the [combat|e] ability of [ShowUnitCategoryName('navy_galley')] [ships|e].,"unit, navy",,"percent, good",Navy,Modifies the power galley ships gain from unit pips.,Multiplicative
navy_galley_reinforce_cost_modifier,global_naval_barrage_cost,medium,Semantic match: global_naval_barrage_cost ↔ navy_galley_reinforce_cost_modifier,This impacts how much it costs to [repair|e] a [ShowUnitCategoryName('navy_galley')].,"country, navy",multiplicative,"percent, bad",Navy,Modifies the cost for using the ‘Naval Barrage’ action.,Multiplicative
navy_heavy_ship_build_cost_modifier,heavy_ship_cost,high,Direct equivalent - heavy ship build cost,This impacts how much it costs to [recruit|e] a [ShowUnitCategoryName('navy_heavy_ship')].,"country, navy",multiplicative,"percent, bad",Navy,Modifies the base cost of heavy ships.,Multiplicative
navy_heavy_ship_maintenance_cost_modifier,naval_maintenance_modifier,medium,EU4 covers all naval maintenance not just heavy ships,This impacts how much it costs to [maintain|e] a [ShowUnitCategoryName('navy_heavy_ship')].,"country, navy",multiplicative,"percent, bad",Navy,Modifies the naval maintenance for all ships.,Multiplicative
navy_heavy_ship_power,heavy_ship_power;heavy_ship_hull_size_modifier,high,Direct equivalent - heavy ship power from pips; Loose match - EU4 heavy ship hull size mapped to EU5 heavy_ship_power; both increase heavy ship combat effectiveness,This impacts the [combat|e] ability of [ShowUnitCategoryName('navy_heavy_ship')] [ships|e].,"unit, navy",,"percent, good",Navy,Modifies the power heavy ships gain from unit pips.,Multiplicative
navy_heavy_ship_reinforce_cost_modifier,global_naval_barrage_cost,medium,Semantic match: global_naval_barrage_cost ↔ navy_heavy_ship_reinforce_cost_modifier,This impacts how much it costs to [repair|e] a [ShowUnitCategoryName('navy_heavy_ship')].,"country, navy",multiplicative,"percent, bad",Navy,Modifies the cost for using the ‘Naval Barrage’ action.,Multiplicative
navy_initiative,,none,EU5-specific naval combat mechanic - no EU4 equivalent (EU4 shock_damage/fire_damage are land-only),This impacts the [initiative|e] of a [ship|e] in [battle|e].,"unit, navy",,"percent, good",,,
navy_light_ship_build_cost_modifier,light_ship_cost,high,Direct equivalent - light ship build cost,This impacts how much it costs to [recruit|e] a [ShowUnitCategoryName('navy_light_ship')].,"country, navy",multiplicative,"percent, bad",Navy,Modifies the base cost of light ships.,Multiplicative
navy_light_ship_maintenance_cost_modifier,naval_maintenance_modifier,medium,EU4 covers all naval maintenance not just light ships,This impacts how much it costs to [maintain|e] a [ShowUnitCategoryName('navy_light_ship')].,"country, navy",multiplicative,"percent, bad",Navy,Modifies the naval maintenance for all ships.,Multiplicative
navy_light_ship_power,light_ship_power;light_ship_hull_size_modifier,high,Direct equivalent - light ship power from pips; Loose match - EU4 light ship hull size mapped to EU5 light_ship_power; both increase light ship combat effectiveness,This impacts the [combat|e] ability of [ShowUnitCategoryName('navy_light_ship')] [ships|e].,"unit, navy",,"percent, good",Navy,Modifies the power light ships gain from unit pips.,Multiplicative
navy_light_ship_reinforce_cost_modifier,global_naval_barrage_cost,medium,Semantic match: global_naval_barrage_cost ↔ navy_light_ship_reinforce_cost_modifier,This impacts how much it costs to [repair|e] a [ShowUnitCategoryName('navy_light_ship')].,"country, navy",multiplicative,"percent, bad",Navy,Modifies the cost for using the ‘Naval Barrage’ action.,Multiplicative
navy_maintenance_efficiency,naval_maintenance_modifier,high,Direct equivalent - naval maintenance efficiency,This changes how much [gold|e] and [sailors|e] is required to maintain a [ship|e].,"unit, navy",,"percent, good",Navy,Modifies the naval maintenance for all ships.,Multiplicative
navy_movement_speed,movement_speed_in_fleet_modifier,medium,Match: movement_speed_in_fleet_modifier ↔ navy_movement_speed,This impacts how fast an [navy|e] can move between [seazones|e].,"unit, navy",,"percent, good",Navy,Modifies the movement speed for ships.,Additive
navy_repair_cost,global_ship_repair,medium,Related to ship repair,Navy Repair Cost,"unit, navy",,"percent, bad",Navy,Modifies the base repair speed (in port) of all ships.,Multiplicative
navy_tradition_decay,navy_tradition_decay,high,Direct equivalent - navy tradition decay,This modifies the percentage of the current [navy_tradition|e] of a [ship|e] that decays each month.,"country, navy",,"percent, bad",Navy,Adds to the decay rate of navy tradition.,Additive
navy_tradition_from_battle,naval_tradition_from_battle,high,Direct equivalent - navy tradition from battles,This impacts the amount of [navy_tradition|e] a [country|e] get from their [navies|e] participating in a [battle|e].,"country, navy",,"percent, good",Navy,Modifies the base navy tradition gained from battles.,Multiplicative
navy_transport_build_cost_modifier,transport_cost,high,Direct equivalent - transport ship build cost,This impacts how much it costs to [recruit|e] a [ShowUnitCategoryName('navy_transport')].,"country, navy",multiplicative,"percent, bad",Navy,Modifies the base cost of transport ships.,Multiplicative
navy_transport_maintenance_cost_modifier,naval_maintenance_modifier,medium,EU4 covers all naval maintenance not just transports,This impacts how much it costs to [maintain|e] a [ShowUnitCategoryName('navy_transport')].,"country, navy",multiplicative,"percent, bad",Navy,Modifies the naval maintenance for all ships.,Multiplicative
navy_transport_power,transport_power;transport_hull_size_modifier,high,Direct equivalent - transport power from pips; Loose match - EU4 transport hull size mapped to EU5 transport_power; both increase transport combat effectiveness,This impacts the [combat|e] ability of [ShowUnitCategoryName('navy_transport')] [ships|e].,"unit, navy",,"percent, good",Navy,Modifies the power transport ships gain from unit pips.,Multiplicative
navy_transport_reinforce_cost_modifier,global_naval_barrage_cost,medium,Semantic match: global_naval_barrage_cost ↔ navy_transport_reinforce_cost_modifier,This impacts how much it costs to [repair|e] a [ShowUnitCategoryName('navy_transport')].,"country, navy",multiplicative,"percent, bad",Navy,Modifies the cost for using the ‘Naval Barrage’ action.,Multiplicative
navy_weight_modifier,transport_attrition,high,Semantic match: transport_attrition ↔ navy_weight_modifier,"This impacts the [unit_weight|e] of a [ship|e], which can have an effect on the [attrition|e] it will take.","unit, navy",multiplicative,"percent, bad",Navy,Modifies the attrition units takes while being on ships.,Multiplicative
no_beards,,none,EU5-specific character/culture rule,This determines if [characters|e] in a [country|e] will shun the wearing of beards.,country,boolean,good,,,
no_contact_with_outsiders_cost_modifier,,none,EU5-specific isolation action,This impacts the [costs|e] of [ShowGenericActionName('no_contact_with_outsiders')].,country,multiplicative,"percent, bad",,,
no_lowborn_leaders,,none,EU5-specific commander class restriction,This will block any [character|e] who is [lowborn|e] from becoming a [general|e] or [admiral|e].,country,boolean,bad,,,
nobles_estate_agenda_impact,,none,EU5-specific estate agenda,This modifies the support that the [parliament_agendas|e] that proposes from the $nobles_estate$ has.,"country, estate",,"percent, good",,,
nobles_estate_levy_size,free_leader_pool,high,Semantic match: free_leader_pool ↔ nobles_estate_levy_size,This impacts the size of [army_levies|e] and [navy_levies|e] from the $nobles_estate$.,"country, estate",,"percent, good",Military,Adds to the maximum amount of free leaders (both land leaders and navy leaders pool).,Additive
nobles_estate_max_tax,,none,EU5-specific estate tax range,This impacts the [maximum_tax|e] that can be collected from the $nobles_estate$.,"country, estate",,"percent, good",,,
nobles_estate_min_tax,,none,EU5-specific estate tax range,This impacts the [minimum_tax|e] that can be collected from the $nobles_estate$.,"country, estate",,"percent, good",,,
nobles_estate_satisfaction_decay,,none,EU5-specific estate satisfaction,This impacts how quickly the [estate_satisfaction|e] decays down to the [estate_satisfaction_equilibrium|e] for the $nobles_estate$ in this [country|e].,"country, estate",,"percent, neutral",,,
nobles_estate_satisfaction_recovery,,none,EU5-specific estate satisfaction,This impacts how quickly the [estate_satisfaction|e] recovers to the [estate_satisfaction_equilibrium|e] for the $nobles_estate$ in this [country|e].,"country, estate",,"percent, neutral",,,
nobles_estate_target_satisfaction,,none,EU5-specific estate satisfaction equilibrium,This impacts the [estate_satisfaction_equilibrium|e] of the $nobles_estate$ in this [country|e].,"country, estate",,"percent, good",,,
nomos_empsychos_bureaucracy_impact_modifier,,none,EU5-specific Byzantine bureaucracy,How much the [bureaucracy|e] affects the [country|e].,country,multiplicative,"percent, good",,,
non_rural_migration_attraction,,none,EU5-specific urban migration attraction,This impacts if [pops|e] want [migrate|e] to or away from [towns_and_cities|e] in a [country|e].,country,,good,,,
num_bailiffs,,none,EU5-specific bailiff mechanic,This determines how many [ShowBuildingTypeName('bailiff')] a country can build.,country,,good,,,
num_local_governors,,none,EU5-specific governor mechanic,This determines how many [ShowBuildingTypeName('local_governor')] a country can build.,country,,good,,,
num_naval_governors,,none,EU5-specific naval governor mechanic,This determines how many [ShowBuildingTypeName('naval_governor')] a country can build.,country,,good,,,
num_of_banner_cavalry,amount_of_banners,high,Semantic match: amount_of_banners ↔ num_of_banner_cavalry,This impacts how many [ShowUnitDefinitionName('a_banner_cavalry')] [units|e] we can have at the same time.,country,,good,Special Regiments,Modifies the maximum amount of banners available.,Multiplicative
num_of_cataphracts_modifier,special_unit_forcelimit,medium,Match: special_unit_forcelimit ↔ num_of_cataphracts_modifier,This impacts how many Cataphract [regiments|e] we can have at the same time.,country,multiplicative,"percent, good",Special Regiments,Modifies the allowed forcelimit of special units.,Multiplicative
num_of_legionaries_modifier,special_unit_forcelimit,medium,Match: special_unit_forcelimit ↔ num_of_legionaries_modifier,This impacts how many Legionary [regiments|e] we can have at the same time.,country,multiplicative,"percent, good",Special Regiments,Modifies the allowed forcelimit of special units.,Multiplicative
num_of_varangian_units,special_unit_forcelimit,medium,Match: special_unit_forcelimit ↔ num_of_varangian_units,This impacts how many [ShowUnitDefinitionName('a_varangians')] [units|e] we can have at the same time.,country,,good,Special Regiments,Modifies the allowed forcelimit of special units.,Multiplicative
num_possible_artists,,none,EU5-specific artist limit,This impacts how many [artists|e] a [country|e] can support.,country,,good,,,
num_possible_rivals,,none,EU5-specific rivals limit (EU4 has 3 rivals hard-coded),This impacts how many [rivals|e] a [country|e] is expected to have.,country,,good,,,
number_of_allowed_avatars,,none,EU5-specific avatar mechanic,This enables the [avatars|e] mechanic and sets the number we are allowed to follow.,country,,good,,,
number_of_allowed_religious_figures,,none,EU5-specific religious figure mechanic,This enables the [religious_figures|e] mechanic and sets the number we are allowed to invite.,country,,good,,,
number_of_satellite_trade_buildings,,none,EU5-specific satellite trade buildings,This modifies how many #Y $satellite_trade_building$#! a [ShowSubjectTypeName('trade_company')] can have.,country,,good,,,
ocean_proximity_impact,,none,EU5-specific proximity system,This impacts the [proximity|e] cost when going through [ShowTopographyName('ocean')].,country,,"percent, bad",,,
ocean_wasteland_proximity_impact,global_regiment_cost,high,Semantic match: global_regiment_cost ↔ ocean_wasteland_proximity_impact,This impacts the [proximity|e] cost when going through [ShowTopographyName('ocean_wasteland')].,country,,"percent, bad",Military,Modifies the base unit cost for all land units.,Multiplicative
offer_diplomatic_protection_price_cost_modifier,,none,EU5-specific diplomatic protection action,This impacts the [costs|e] of [ShowGenericActionName('offer_diplomatic_protection')].,country,multiplicative,"percent, bad",,,
omen_strength_modifier,,none,EU5-specific omen system,This impacts the power of all invoked [omens|e].,country,multiplicative,"percent, good",,,
omen_time_modifier,,none,EU5-specific omen system,This impacts the lifetime of all invoked [omens|e].,country,multiplicative,"percent, good",,,
omens_offered,,none,EU5-specific omen system,This impacts how many [omens|e] a [country|e] gets offered by the [gods|e] when they use [ShowGenericActionName('select_omen_god')].,country,,good,,,
organize_spiritual_retreat_cost_modifier,,none,EU5-specific religious action,This impacts the [costs|e] of [ShowGenericActionName('organize_spiritual_retreat')].,country,multiplicative,bad,,,
orthodox_monastery_building_cost_modifier,,none,EU5-specific Orthodox building action,This impacts how much it [costs|e] to build a [ShowBuildingTypeName('orthodox_monastery')].,country,multiplicative,"percent, bad",,,
orthodox_synod_cost_modifier,,none,EU5-specific Orthodox synod action,This impacts the [costs|e] of [ShowGenericActionName('orthodox_synod')].,country,multiplicative,"percent, bad",,,
overlord_blocked_from_building_buildings,,none,EU5-specific overlord restriction,This disallows the [overlord|e] from [building|e] [buildings|e],country,boolean,neutral,,,
overlord_blocked_from_building_rgos,,none,EU5-specific overlord restriction,This disallows the [overlord|e] from [building|e] [rgo|e].,country,boolean,neutral,,,
overlord_blocked_from_building_roads,,none,EU5-specific overlord restriction,This disallows the [overlord|e] from [building|e] [roads|e],country,boolean,neutral,,,
overlord_blocked_from_building_ships,,none,EU5-specific overlord restriction,This disallows the [overlord|e] from [building|e] [ships|e].,country,boolean,neutral,,,
overlord_blocked_from_recruiting_regiments,,none,EU5-specific overlord restriction,This disallows the [overlord|e] from [recruiting|e] [regiments|e].,country,boolean,neutral,,,
own_coast_naval_combat_bonus,own_coast_naval_combat_bonus,high,Direct equivalent - naval combat bonus in own coastal waters,This gives a bonus or penalty to [navies|e] fighting in [seazones|e] adjacent to their [owned|e] [locations|e].,unit,,"percent, good",Navy,Modifies the combat bonus navies gain when sailing in coastal tiles that border their home nation.,Multiplicative
papacy_blocked,,none,EU5-specific papacy block flag,"This disables the [curia|e], [papal_bulls|e], [excommunications|e] and other [ShowReligionAdjective('catholic')] actions.",religion,boolean,bad,,,
papal_authority_modifier,,none,EU5-specific papal authority modifier,This modifies the impact of [papal_authority|e] we gain.,all,multiplicative,"percent, good",,,
papal_relations,,none,EU5-specific papal relations (EU4 has papal_influence but different),An additional bonus or penalty of the [opinion|e] [GetCountry('PAP').GetName] has towards a country.,country,,good,,,
pardon_price_cost_modifier,,none,EU5-specific character pardon action,This impacts the [costs|e] for the [ShowCharacterInteractionName('pardon')] [character_interaction|e].,country,multiplicative,"percent, bad",,,
parliament_abolished,,none,EU5-specific parliament abolition flag,This will block the [parliament|e] in a [country|e].,country,boolean,good,,,
parliament_base_support,parliament_backing_chance,medium,Related parliament support/backing mechanic,This impacts how much support there is for issues when a [parliament|e] is called.,country,,"percent, good",Government,Modifies how many seats will back an issue in general.,Multiplicative
parliament_duration_modifier,parliament_effect_duration,medium,Related parliament duration but different phase,This impacts how long a [parliament|e] is in session for.,country,multiplicative,"percent, neutral",Government,Adds to the years for the effect duration of passed issue.,Additive
parliament_request_issue_support_needed,,none,EU5-specific parliament support threshold,This modifies the amount of [parliament_support|e] needed to request and lost when a specific [parliament_issue|e] is requested.,country,,"percent, bad",,,
payment_to_overlord_modifier,,none,EU5-specific overlord payment,This impacts how much a [subject|e] will pay to their [overlord|e] each month.,country,multiplicative,"percent, bad",,,
peace_offer_fairness,,none,EU5-specific peace AI mechanic,This increases the importance of War Participation when giving treaties to allies in a war.,country,,good,,,
peace_offer_negotiation_power,,none,EU5-specific peace AI mechanic,This increases the War Score percentage received by a nation in a peace deal compared to other nations.,country,,good,,,
peasants_allowed_weapons,,none,EU5-specific peasant rights,Peasants Allowed Weapons,country,boolean,good,,,
peasants_estate_agenda_impact,,none,EU5-specific estate agenda,This modifies the support that the [parliament_agendas|e] that proposes from the $peasants_estate$ has.,"country, estate",,"percent, good",,,
peasants_estate_levy_size,free_leader_pool,high,Semantic match: free_leader_pool ↔ peasants_estate_levy_size,This impacts the size of [army_levies|e] and [navy_levies|e] from the $peasants_estate$.,"country, estate",,"percent, good",Military,Adds to the maximum amount of free leaders (both land leaders and navy leaders pool).,Additive
peasants_estate_max_tax,,none,EU5-specific estate tax range,This impacts the [maximum_tax|e] that can be collected from the $peasants_estate$.,"country, estate",,"percent, good",,,
peasants_estate_min_tax,,none,EU5-specific estate tax range,This impacts the [minimum_tax|e] that can be collected from the $peasants_estate$.,"country, estate",,"percent, good",,,
peasants_estate_satisfaction_decay,,none,EU5-specific estate satisfaction,This impacts how quickly the [estate_satisfaction|e] decays down to the [estate_satisfaction_equilibrium|e] for the $peasants_estate$ in this [country|e].,"country, estate",,"percent, neutral",,,
peasants_estate_satisfaction_recovery,,none,EU5-specific estate satisfaction,This impacts how quickly the [estate_satisfaction|e] recovers to the [estate_satisfaction_equilibrium|e] for the $peasants_estate$ in this [country|e].,"country, estate",,"percent, neutral",,,
peasants_estate_target_satisfaction,,none,EU5-specific estate satisfaction equilibrium,This impacts the [estate_satisfaction_equilibrium|e] of the $peasants_estate$ in this [country|e].,"country, estate",,"percent, good",,,
peasants_war_actions_price_cost_modifier,,none,EU5-specific Peasants' War situation,This impacts the [costs|e] of [actions|e] in the [ShowDisasterName('peasants_war')] [disaster|e].,country,multiplicative,"percent, bad",,,
perform_tantric_ritual_cost_modifier,,none,EU5-specific tantric ritual action,This impacts the [costs|e] of [ShowGenericActionName('perform_tantric_ritual')].,country,multiplicative,bad,,,
perform_yoga_cost_modifier,,none,EU5-specific yoga action,This impacts the [costs|e] of [ShowGenericActionName('perform_yoga')].,country,multiplicative,"percent, bad",,,
periphora_cost_modifier,,none,EU5-specific Byzantine action,This impacts the [costs|e] of [ShowGenericActionName('periphora')].,country,multiplicative,"percent, bad",,,
permanent_parliament_location,,none,EU5-specific parliament location flag,This determines if the [parliament|e] will always be held in the same [location|e] or not.,country,boolean,good,,,
pilgrimage_action_cost_modifier,,none,EU5-specific pilgrimage religious action,This impacts the [costs|e] of [ShowGenericActionName('pilgrimage_action')].,country,multiplicative,"percent, bad",,,
plan_italian_campaign_wars_price_cost_modifier,,none,EU5-specific Italian Wars action,This impacts the [costs|e] of [ShowGenericActionName('plan_campaign_in_italy')].,country,multiplicative,"percent, bad",,,
plateau_proximity_impact,,none,EU5-specific proximity system,This impacts the [proximity|e] cost when going through [ShowTopographyName('plateau')].,country,,"percent, bad",,,
plateau_wasteland_proximity_impact,global_regiment_cost,high,Semantic match: global_regiment_cost ↔ plateau_wasteland_proximity_impact,This impacts the [proximity|e] cost when going through [ShowTopographyName('plateau_wasteland')].,country,,"percent, bad",Military,Modifies the base unit cost for all land units.,Multiplicative
policy_vote_cost_modifier,,none,EU5-specific policy vote action,This impacts how much it [costs|e] to propose a [policy|e] in any [international_organization|e].,country,multiplicative,"percent, bad",,,
pop_countries_opinions,,none,EU5-specific pop opinion system,This impacts the [opinion|e] that all [society_of_pops|e] have of a [country|e].,country,,good,,,
pop_join_rebel_threshold,global_unrest,low,Match: global_unrest ↔ pop_join_rebel_threshold,"This impact the level of [pop_satisfaction|e] a [pop|e] has to be below to join [rebels|e]. It can never be lower than [GetDefine('NPop','REBEL_JOIN_MIN_THRESHOLD')|%V].",country,,"percent, bad",Stability,Adds to the base unrest value.,Additive
pop_leave_rebels_threshold,global_unrest,low,Match: global_unrest ↔ pop_leave_rebels_threshold,This impact the level of [pop_satisfaction|e] a [pop|e] has to be above to leave [rebels|e].,country,,"percent, bad",Stability,Adds to the base unrest value.,Additive
port_cost_distance_from_capital,,none,EU5-specific port proximity system,This impacts the [proximity|e] cost between [locations|e] when going from a [port|e] to a [seazone|e] or reverse.,country,,bad,,,
possible_frontage_modifier,global_naval_engagement_modifier;global_naval_engagement,medium,Match: global_naval_engagement_modifier ↔ possible_frontage_modifier; Loose match - EU4 naval engagement width mapped to EU5 possible_frontage_modifier; both govern how many units can fight simultaneously,This impacts the [frontage|e] that a [unit|e] can use in a [battle|e].,unit,multiplicative,"percent, good",Navy,Modifies the maximum naval engagement width.,Multiplicative
power_projection,power_projection_from_insults,low,Semantic match: power_projection_from_insults ↔ power_projection,This impacts how much [power_projection|e] a [country|e] has.,country,,good,Court,Modifies the amount of power projection gained when using the ‘Insult’ diplomatic action.,Multiplicative
prestige_decay,prestige_decay,high,Direct equivalent - prestige decay,"This impacts the decay towards #V 0#! [prestige|e], where the decay is a percentage of the current prestige.",country,,"percent, bad",Court,Adds to the base rate of prestige decay.,Additive
prestige_from_land_battle,prestige_from_land,high,Direct equivalent - prestige from land battles,This impacts the amount of [prestige|e] a [country|e] get from their [armies|e] participating in a [battle|e].,country,,"percent, good",Military,Modifies the prestige bonus from combat.,Multiplicative
prestige_from_naval_battle,prestige_from_naval,high,Direct equivalent - prestige from naval battles,This impacts the amount of [prestige|e] a [country|e] get from their [navies|e] participating in a [battle|e].,country,,"percent, good",Navy,Modifies the prestige gained through naval battles.,Multiplicative
prevented_from_changing_court_language_by_overlord,,none,EU5-specific overlord restriction,A recent imposition prevents the [court_language|e] from being changed again for a time.,country,boolean,good,,,
privateer_durability,privateer_efficiency,medium,Match: privateer_efficiency ↔ privateer_durability,This impacts the [privateer_durability|e] of the [privateers|e] that a [country|e] sponsors.,country,,"percent, good",Trade,Modifies the effectiveness of privateers in a trade node.,Multiplicative
privateer_maintenance_cost_modifier,,none,EU5-specific privateer maintenance,This impacts how much it [costs|e] to maintain [privateers|e].,country,multiplicative,"percent, bad",,,
proclaim_decree_cost_modifier,,none,EU5-specific decree action,This impacts the [costs|e] of [ShowGenericActionName('proclaim_decree')].,country,multiplicative,"percent, bad",,,
procure_remedies_cost_modifier,,none,EU5-specific plague/disease action,This impacts the [costs|e] of [ShowGenericActionName('procure_remedies')].,country,multiplicative,"percent, bad",,,
promote_sect_cost_modifier,,none,EU5-specific religious sect action,This impacts the [costs|e] of [ShowGenericActionName('promote_sect')].,country,multiplicative,bad,,,
propose_curia_action_cost_modifier,curia_powers_cost,high,Both modify curia action costs,This impacts how much it [costs|e] to propose a [curia_action|e].,country,multiplicative,"percent, bad",Religion,Modifies the papal influence cost of the curia actions.,Multiplicative
province_integration_speed,global_integration_speed_modifier,high,Related to integration/annexation speed of provinces,This impacts how quickly a [location|e] can become [integrated|e].,province,,good,,,
provoke_rebels_price_cost_modifier,,none,EU5-specific rebel provocation action,This impacts the [costs|e] of [ShowGenericActionName('provoke_rebels')].,country,multiplicative,"percent, bad",,,
rank_duchy_upgrade_cost_modifier,,none,EU5-specific rank upgrade cost,This impacts how much it [costs|e] to change [country_rank|e] to [ShowCountryRankName('rank_duchy')].,country,multiplicative,"percent, bad",,,
rank_empire_upgrade_cost_modifier,,none,EU5-specific rank upgrade cost,This impacts how much it [costs|e] to change [country_rank|e] to [ShowCountryRankName('rank_empire')].,country,multiplicative,"percent, bad",,,
rank_kingdom_upgrade_cost_modifier,,none,EU5-specific rank upgrade cost,This impacts how much it [costs|e] to change [country_rank|e] to [ShowCountryRankName('rank_kingdom')].,country,multiplicative,"percent, bad",,,
ransom_units_cost_modifier,,none,EU5-specific ransom action,This impacts how much it [costs|e] to ransom [prisoners|e].,country,multiplicative,"percent, bad",,,
raw_material_in_province_impact,,none,EU5-specific raw materials system,This impacts the [production_efficiency|e] for a [building|e] if the required [raw_material|e] are made in the same [province|e].,country,,"percent, good",,,
reach_compromise_with_huguenots_price_cost_modifier,,none,EU5-specific Huguenots situation action,This impacts the [costs|e] of [ShowGenericActionName('reach_compromise_with_huguenots')].,country,multiplicative,"percent, bad",,,
reasons_to_elect,reasons_to_elect,high,Direct equivalent - reasons for HRE electors to vote,This modifies the willingness of [electors|e] to [vote|e] for the country to become the next [hre_emperor|E] of the [GetInternationalOrganizationType('hre').GetName].,country,,good,Holy Roman Empire,Adds to the reasons a country should elect you as emperor,Additive
reasons_to_vote,,none,EU5-specific voting reasons (EU4 has legitimate_subject_elector but different),This modifies the willingness of other member states to assume the same position for a [resolution|e] in the [GetInternationalOrganizationType('hre').GetName] as the [hre_emperor|e].,country,,good,,,
rebel_monthly_progress,global_unrest,low,Match: global_unrest ↔ rebel_monthly_progress,This affects how close [rebels|e] get to making a full on rebellion each month.,rebel,,"percent, bad",Stability,Adds to the base unrest value.,Additive
recruit_conquistador_cost_modifier,,none,EU5-specific conquistador recruitment cost,This impacts how much it [costs|e] to create a [ShowSubjectTypeName('conquistador')],country,multiplicative,"percent, bad",,,
recruit_explorer_cost_modifier,,none,EU5-specific explorer recruitment cost,This impacts how much it [costs|e] to recruit an [explorer|e].,country,multiplicative,"percent, bad",,,
reduce_rebels_from_ikko_ikki_cost_modifier,,none,EU5-specific Ikko-ikki action,This impacts the [costs|e] of [ShowGenericActionName('reduce_rebels_from_ikko_ikki')].,country,multiplicative,"percent, bad",,,
reestablish_hellenism_price_cost_modifier,,none,EU5-specific Hellenism action,Reestablish Hellenism Price Cost Modifier,country,multiplicative,"percent, bad",,,
regiment_recruit_speed,global_regiment_recruit_speed,high,Direct equivalent - regiment recruitment speed,This impacts how quickly a [regiment|e] can be recruited in a [country|e].,country,,"percent, good",Military,Modifies the base speed at which land units are recruited.,Multiplicative
regiment_reinforcement_speed,reinforce_speed,high,Direct equivalent - regiment reinforcement speed,This impacts how quickly a [regiment|e] can [reinforce|e].,unit,,"percent, good",Military,Modifies the rate at which units are reinforced with new men.,Multiplicative
reject_subjugation_reasons,accept_vassalization_reasons,low,Match: accept_vassalization_reasons ↔ reject_subjugation_reasons,This determines how much more difficult it becomes to diplomatically [subjugate|e] this country.,country,,neutral,Diplomacy,Gives reasons to accept vassalization.,Additive
religious_icon_power_modifier,,none,EU5-specific religious icon system,This impacts the power of every [ShowWorkOfArtTypeName('icon')] in a [religion|e].,country,multiplicative,"percent, good",,,
religious_offering_cost_modifier,,none,EU5-specific religious offering action,This impacts the [costs|e] of [ShowGenericActionName('religious_offering')].,country,multiplicative,"percent, bad",,,
religious_turmoil_actions_price_cost_modifier,,none,EU5-specific religious turmoil situation,This impacts the [costs|e] of [actions|e] in the [ShowDisasterName('religious_turmoil')] [disaster|e].,country,multiplicative,"percent, bad",,,
religious_unity_importance_modifier,religious_unity,medium,Semantic match: religious_unity ↔ religious_unity_importance_modifier,This modifiers how much the AI country values religious unity.,country,multiplicative,good,Religion,Adds to the base religious unity value for a country.,Additive
relocate_ecumenical_patriarchate_cost_modifier,,none,EU5-specific Orthodox patriarchate action,This impacts the [costs|e] of [ShowGenericActionName('relocate_ecumenical_patriarchate')].,country,multiplicative,"percent, bad",,,
relocate_market_cost_modifier,,none,EU5-specific market relocation action,This impacts how much it [costs|e] to relocate a [market|e] to a new [location|e].,country,multiplicative,"percent, bad",,,
remove_accepted_culture_cost_modifier,development_cost_in_primary_culture,medium,Semantic match: development_cost_in_primary_culture ↔ remove_accepted_culture_cost_modifier,This impacts how much it [costs|e] to remove an [accepted_culture|e].,country,multiplicative,"percent, bad",Economy,Modifies the development cost for provinces of primary culture.,Multiplicative
remove_bureaucracy_price_cost_modifier,,none,EU5-specific bureaucracy removal,Remove Bureaucracy Price Modifier,country,multiplicative,"percent, bad",,,
remove_government_reform_cost_modifier,,none,EU5-specific reform removal action,This impacts how much it [costs|e] to remove a [government_reform|e].,country,multiplicative,"percent, bad",,,
remove_location_from_international_organization_cost_modifier,,none,EU5-specific international organization action,This impacts the [costs|e] of removing a [location|e] from an [international_organization|e].,country,multiplicative,"percent, bad",,,
remove_lutheran_preacher_cost_modifier,,none,EU5-specific Lutheran preacher action,This impacts how much it costs to remove [ShowBuildingTypeName('lutheran_preachers')].,country,multiplicative,"percent, bad",,,
remove_panaqa_early_cost_modifier,,none,EU5-specific Inca panaqa action,This impacts how much it costs to remove [ShowBuildingTypeName('panaqa_building')].,country,multiplicative,"percent, bad",,,
remove_religious_aspect_christian_cost_modifier,,none,EU5-specific religious aspect action,This impacts the [costs|e] of removing a [religious_aspect|e].,country,multiplicative,"percent, bad",,,
remove_religious_aspect_hellenism_cost_modifier,,none,EU5-specific religious aspect action,This impacts the [costs|e] of removing a [religious_aspect|e].,country,multiplicative,"percent, bad",,,
remove_religious_aspect_inti_cost_modifier,flagship_cost,high,Semantic match: flagship_cost ↔ remove_religious_aspect_inti_cost_modifier,This impacts the [costs|e] of ceasing worshipping a [god|e].,country,multiplicative,"percent, bad",Navy,Modifies the cost of building a flagship.,Multiplicative
remove_tolerated_culture_cost_modifier,development_cost_in_primary_culture,medium,Semantic match: development_cost_in_primary_culture ↔ remove_tolerated_culture_cost_modifier,This impacts how much it [costs|e] to remove a [tolerated_culture|e].,country,multiplicative,"percent, bad",Economy,Modifies the development cost for provinces of primary culture.,Multiplicative
replace_cabinet_member_cost_modifier,,none,EU5-specific cabinet action,This impacts how much it [costs|e] to replace a [cabinet_member|e].,country,multiplicative,"percent, bad",,,
replace_rival_cost_modifier,rival_change_cost,high,Direct equivalent - cost to replace rival,This impacts how much it [costs|e] to replace a [rival|e].,country,multiplicative,"percent, bad",Diplomacy,Modifies the diplomatic power cost to change rivals.,Multiplicative
request_aid_price_cost_modifier,,none,EU5-specific aid request action,This modifies the cost of using the [ShowGenericActionName('request_aid')] by a percentage.,country,multiplicative,"percent, bad",,,
reroll_avatar_cost_modifier,,none,EU5-specific avatar action,This impacts the [costs|e] of [ShowGenericActionName('reroll_avatar')].,country,multiplicative,"percent, bad",,,
research_speed,technology_cost,high,Match: technology_cost ↔ research_speed; Also loosely corresponds to EU4 per-category <tech>_cost_modifier (adm/dip/mil),This impacts the generation of [research_progress|e] of a [country|e].,country,,good,Technology,Modifies the monarch power cost of all technologies.,Multiplicative
research_speed_modifier,technology_cost,medium,Related tech progress but different mechanic (cost vs speed),This impacts the generation of [research_progress|e] of a [country|e].,country,multiplicative,"percent, good",Technology,Modifies the monarch power cost of all technologies.,Multiplicative
reshape_bureaucracy_cost_modifier,,none,EU5-specific bureaucracy reshape action,This impacts the [costs|e] of [ShowGenericActionName('reshape_bureaucracy')].,country,multiplicative,"percent, bad",,,
restore_rome_primacy_price_cost_modifier,,none,EU5-specific Roman primacy action,Restore Rome Primacy Price Cost Modifier,country,multiplicative,"percent, bad",,,
restrict_peranakan_trading_rights_price_cost_modifier,,none,EU5-specific Peranakan action,This impacts the [costs|e] of [ShowGenericActionName('restrict_peranakan_trading_rights')].,country,multiplicative,"percent, bad",,,
retreat_delay,,none,EU5-specific retreat mechanic,This impacts how many hours a [unit|e] is locked in [combat|e] before it is allowed to [retreat|e].,country,,bad,,,
revoke_privilege_cost_modifier,,none,EU5-specific estate privilege action,This impacts how much it [costs|e] to revoke an [estate_privilege|e].,country,multiplicative,"percent, bad",,,
revoke_privileges_importance_modifier,,none,EU5-specific AI importance modifier,Makes AI more likely to revoke privileges,country,multiplicative,good,,,
revoke_privileges_stability_tolerance,,none,EU5-specific stability tolerance,Makes AI revoke privileges even if it puts them at lower stability,country,,good,,,
revoke_shugo_office_cost_modifier,,none,EU5-specific shugo office action,This impacts the [costs|e] of [ShowGenericActionName('revoke_shugo_office')].,country,multiplicative,"percent, bad",,,
revoke_town_rights_cost_modifier,,none,EU5-specific urban rights action,This determines the cost of revoking [town_rights|e] from a [town_or_city|e].,country,multiplicative,"percent, bad",,,
revolution_actions_price_cost_modifier,,none,EU5-specific revolution situation,This impacts the [cost|e] of the Main [actions|e] associated with the [ShowSituationName('the_revolution')] [situation|e].,country,multiplicative,"percent, bad",,,
rise_of_the_szlachta_actions_price_cost_modifier,,none,EU5-specific Szlachta situation,This impacts the [cost|e] of the [actions|e] associated with the [ShowDisasterName('rise_of_the_szlachta')] [disaster|e].,country,multiplicative,"percent, bad",,,
ritualistic_court_bureaucracy_impact_modifier,,none,EU5-specific Chinese bureaucracy,How much the [bureaucracy|e] affects the [country|e].,country,multiplicative,"percent, good",,,
road_cost_on_distance_from_capital,,none,EU5-specific road proximity system,This impacts the [proximity|e] cost between [locations|e] when going through a [road|e].,country,,bad,,,
roman_festivals_cost_modifier,,none,EU5-specific Roman festival action,Organize a Roman Festival,country,multiplicative,"percent, bad",,,
romanitas_bureaucracy_impact_modifier,,none,EU5-specific Byzantine bureaucracy,How much the [bureaucracy|e] affects the [country|e].,country,multiplicative,"percent, good",,,
rot_reform_into_monarchy_price_cost_modifier,,none,EU5-specific Rise of Turks action,This impacts the [costs|e] of [ShowGenericActionName('rot_reform_into_monarchy')].,country,multiplicative,"percent, bad",,,
rot_select_core_region_price_cost_modifier,,none,EU5-specific Rise of Turks action,This impacts the [costs|e] of [ShowGenericActionName('rot_select_core_region')].,country,multiplicative,"percent, bad",,,
rto_create_uc_bey_cost_modifier,,none,EU5-specific Ottoman Uc bey action,This impacts the [costs|e] of [ShowGenericActionName('create_uc_bey')].,country,multiplicative,"percent, bad",,,
rto_press_claims_price_cost_modifier,,none,EU5-specific Rise of Turks Ottoman action,This impacts the [costs|e] of [ShowGenericActionName('press_claims')].,country,multiplicative,"percent, bad",,,
rtr_appease_the_court_price_cost_modifier,,none,EU5-specific rebel/turmoil action,This impacts the [costs|e] of [ShowGenericActionName('rtr_appease_the_court')].,country,multiplicative,"percent, bad",,,
rtr_demand_annexation_price_cost_modifier,,none,EU5-specific rebel/turmoil action,This impacts the [costs|e] of [ShowCountryInteractionName('rtr_demand_annexation')].,country,multiplicative,"percent, bad",,,
rtr_grant_titles_price_cost_modifier,,none,EU5-specific rebel/turmoil action,This impacts the [costs|e] of [ShowGenericActionName('rtr_grant_titles')].,country,multiplicative,"percent, bad",,,
rtr_negotiate_with_rebels_price_cost_modifier,,none,EU5-specific rebel/turmoil action,This impacts the [costs|e] of [ShowGenericActionName('rtr_negotiate_with_rebels')].,country,multiplicative,"percent, bad",,,
rtr_rein_in_area_price_cost_modifier,,none,EU5-specific rebel/turmoil action,This impacts the [costs|e] of [ShowGenericActionName('rtr_rein_in_area')].,country,multiplicative,"percent, bad",,,
ruler_must_be_commander_during_war,free_leader_pool,high,Semantic match: free_leader_pool ↔ ruler_must_be_commander_during_war,This demands that our [ruler|e] is a [commander|e] of the biggest [army|e] or [navy|e] during [war|e]. Following penalties are applied if they are not in active service:\n[ShowAutoModifierEffect('ruler_is_not_a_commander_during_war')],country,boolean,bad,Military,Adds to the maximum amount of free leaders (both land leaders and navy leaders pool).,Additive
ruler_name_in_court_language,,none,EU5-specific court language mechanic,The [ruler|e] will be named in the [court_language|e] of this [country|e].,country,boolean,good,,,
rural_disease_resistance,,none,EU5-specific rural disease resistance,This impacts the [disease_resistance|e] in all [rural_locations|e] in a [country|e].,country,,"percent, good",,,
rural_migration_attraction,,none,EU5-specific rural migration,This impacts if [pops|e] want [migrate|e] to or away from [rural_locations|e] in a [country|e].,country,,good,,,
rural_settlement_downgrade_cost_modifier,,none,EU5-specific settlement downgrade,This impacts the [costs|e] of downgrading a [ShowLocationRankName('town')] or [ShowLocationRankName('city')] to a [ShowLocationRankName('rural_settlement')].,country,multiplicative,"percent, bad",,,
rural_settlement_upgrade_cost_modifier,,none,EU5-specific settlement upgrade (marked NOT USED),NOT USED,country,multiplicative,"percent, bad",,,
sacrifice_noble_blood_cost_modifier,,none,EU5-specific Nahua religious action,This impacts the [costs|e] of [ShowGenericActionName('sacrifice_noble_blood')].,country,multiplicative,"percent, bad",,,
salt_pans_proximity_impact,,none,EU5-specific proximity system,This impacts the [proximity|e] cost when going through [ShowTopographyName('salt_pans')].,country,,"percent, bad",,,
scaled_lost_war_cost_modifier,,none,EU5-specific war loss impact,This impacts the [costs|e] of losing a [war|e].,country,multiplicative,"percent, good",,,
sea_cost_on_distance_from_capital,global_regiment_cost,high,Semantic match: global_regiment_cost ↔ sea_cost_on_distance_from_capital,This impacts the [proximity|e] cost between [locations|e] when going through a [seazone|e] that is not adjacent to any land.,country,,bad,Military,Modifies the base unit cost for all land units.,Multiplicative
sea_cost_on_distance_from_capital_when_maritime,,none,EU5-specific sea proximity system,This impacts the [proximity|e] cost between [locations|e] when going through a [seazone|e] with [maritime_presence|e].,country,,bad,,,
seek_alliance_with_overlord_rival_cost_modifier,,none,EU5-specific subject diplomatic action,This impacts the [costs|e] of [ShowGenericActionName('seek_alliance_with_overlord_rival')].,country,multiplicative,"percent, bad",,,
seek_relations_with_the_byzantines_price_cost_modifier,,none,EU5-specific Byzantine relations action,This impacts the [costs|e] of [ShowGenericActionName('seek_relations_with_the_byzantines')].,country,multiplicative,"percent, bad",,,
segregate_the_infected_cost_modifier,,none,EU5-specific plague/disease action,This impacts the [costs|e] of [ShowGenericActionName('segregate_the_infected')].,country,multiplicative,"percent, bad",,,
select_expensive_child_education_cost_modifier,,none,EU5-specific education action,This impacts how much it [costs|e] to start an expensive [child_education|e].,country,multiplicative,"percent, bad",,,
select_omen_god_cost_modifier,,none,EU5-specific omen action,This impacts the [costs|e] of [ShowGenericActionName('select_omen_god')].,country,multiplicative,"percent, bad",,,
select_orthodox_education_cost_modifier,,none,EU5-specific Orthodox education action,Selecting Patriarch Education,country,multiplicative,"percent, bad",,,
sell_icon_cost_modifier,,none,EU5-specific Orthodox icon action,This impacts the [costs|e] of [ShowCountryInteractionName('sell_icon')].,country,multiplicative,"percent, bad",,,
selling_efficiency,trade_efficiency,medium,Match: trade_efficiency ↔ selling_efficiency,$game_concept_selling_efficiency_desc$,country,,"percent, good",Trade,Modifies a country's trade income. (Maximum is 200%),Multiplicative
send_diplomat_cost_modifier,,none,EU5-specific diplomat sending (EU4 has envoy_travel_time but different),This impacts the [costs|e] of sending a diplomat.,country,multiplicative,"percent, good",,,
send_gift_cost_modifier,,none,EU5-specific diplomatic gift action,This impacts how much it [costs|e] to send a gift.,country,multiplicative,"percent, bad",,,
set_cabine_action_cost_modifier,,none,EU5-specific cabinet action (typo in EU5 modifier name),This impacts how much it [costs|e] to assign a [cabinet_action|e] to a [cabinet|e].,country,multiplicative,"percent, bad",,,
set_cabinet_member_cost_modifier,adm_advisor_cost;dip_advisor_cost;mil_advisor_cost,medium,EU5-specific cabinet action; EU4 per-category advisor costs (ADM/DIP/MIL) map to EU5 cabinet member cost; both represent the cost of staffing government positions,This impacts how much it [costs|e] to assign a [cabinet_member|e] to an empty position.,country,multiplicative,"percent, bad",,,
set_policy_cost_modifier,,none,EU5-specific policy action,This impacts how much it [costs|e] to set a [policy|e] to a [law|e] the first time.,country,multiplicative,"percent, bad",,,
settle_country_cost_modifier,settle_cost,medium,Related settle cost but EU4 is province tribal settle,This impacts the [costs|e] of becoming a [settled_country|e].,country,multiplicative,"percent, bad",Economy,Modifies the cost for settling tribal development into a province.,Multiplicative
shameless_privateering_modifier,,none,EU5-specific privateering flag,This country has embarked on an ignominious campaign of sponsoring pirates to harm their opponent's trade.,country,boolean,neutral,,,
shared_border_impact,,none,EU5-specific opinion mechanic,This impacts how large the negative [opinion|e] that other [countries|e] get from sharing borders.,country,,"percent, bad",,,
ship_build_speed,global_ship_recruit_speed,high,Direct equivalent - ship building/recruit speed,This impacts how quickly a [ship|e] can be built in a [country|e].,country,,"percent, good",Navy,Modifies the base recruitment speed of all ships.,Multiplicative
ship_capture_chance,capture_ship_chance,high,Direct equivalent - chance to capture ships in battle,This impacts how likely [ships|e] are to capture other [ships|e] in a [battle|e].,country,,"percent, good",Navy,Adds to the chance for ship capture during naval battles.,Additive
ship_repair_at_sea,sea_repair,medium,Semantic match: sea_repair ↔ ship_repair_at_sea,This impacts how quickly a [ship|e] can [repair|e] when adjacent to land.,unit,,"percent, good",Navy,Allows ships to repair in coastal sea zones adjacent to owned provinces.,Constant
ship_repair_at_sea_to_max_strength,sea_repair,high,Semantic match: sea_repair ↔ ship_repair_at_sea_to_max_strength,This impacts to which level a [ship|e] can [repair|e] when not in a [port|e].,unit,,"percent, good",Navy,Allows ships to repair in coastal sea zones adjacent to owned provinces.,Constant
siege_ability,siege_ability,high,Direct equivalent - siege ability,This impacts how quickly that [armies|e] can [siege|e].,unit,,"percent, good",Military,Modifies the siege ability that affects siege phase length. Reverse concept of defensiveness.,Multiplicative
sixty_books_of_the_basilika_bureaucracy_impact_modifier,,none,EU5-specific Byzantine bureaucracy,How much the [bureaucracy|e] affects the [country|e].,country,multiplicative,"percent, good",,,
skill_of_new_artists,,none,EU5-specific artist system,This impacts the [artistic_skill|e] of new [artists|e].,country,,"percent, good",,,
slave_market_max_level,,none,EU5-specific slave market building,This modifies how many levels the [ShowBuildingTypeName('slave_market')] can have.,country,additive,good,,,
slave_raid_efficiency,may_perform_slave_raid,medium,Match: may_perform_slave_raid ↔ slave_raid_efficiency,This impacts how many [pops|e] an [army|e] can make into [ShowPopTypeName('slaves')].,country,,"percent, good",Navy,Allows ships to perform slave raids.,Constant
slavery_blocked,,none,EU5-specific slavery block,This impacts if a country can have [ShowPopTypeName('slaves')] or not.,country,boolean,good,,,
small_estate_building_cost_modifier,,none,EU5-specific estate building cost,This impacts how much it [costs|e] to build small [estate_buildings|e].,"country, estate",multiplicative,"percent, bad",,,
societal_value_importance_modifier,,none,EU5-specific AI importance modifier,This modifiers how much the AI country values societal value change.,country,multiplicative,good,,,
sow_discontent_monthly_cost_cost_modifier,,none,EU5-specific espionage action,This impacts the monthly [costs|e] for the [ShowRelationTypeName('sow_discontent')] [diplomatic_action|e].,country,multiplicative,"percent, bad",,,
sponsor_sin_forgiveness_cost_modifier,,none,EU5-specific religious action,This impacts the [costs|e] of [ShowGenericActionName('sponsor_sin_forgiveness')].,country,multiplicative,"percent, bad",,,
sponsor_troop_feast_cost_modifier,,none,EU5-specific troop feast action,Sponsor a Feast for the Troops,country,multiplicative,"percent, bad",,,
spy_network_construction,spy_offence,high,Both modify spy network construction/effectiveness,This impacts how good a [country|e] is at building up [spy_networks|e].,country,,"percent, good",Espionage,Modifies the base effectiveness of spies against enemies.,Multiplicative
stability_cost,stability_cost_modifier,high,Direct equivalent - stability investment/cost,Stability Investment Cost,country,,"percent, bad",Stability,Modifies the administrative power cost of raising stability.,Multiplicative
stability_decay,,none,EU5-specific stability decay,"This impacts the decay towards #V 0#! [stability|e], where the decay is a percentage of the current stability.",country,,"percent, bad",,,
stability_importance_modifier,,none,EU5-specific AI importance modifier,This modifiers how much the AI country values stability.,country,multiplicative,good,,,
stability_investment,,none,EU5-specific stability investment resource,This will either give a bonus or penalty to the [stability_investment|e] we get from [budget|e].,country,,good,,,
start_exploration_land_cost_modifier,,none,EU5-specific land exploration action,This impacts how much it [costs|e] to start an [exploration|e] mission.,country,multiplicative,"percent, bad",,,
start_exploration_sea_cost_modifier,,none,EU5-specific sea exploration action,This impacts how much it [costs|e] to start an [exploration|e] mission.,country,multiplicative,"percent, bad",,,
stop_blame_the_minorities_cost_modifier,,none,EU5-specific plague/disaster action,This impacts the [costs|e] of [ShowGenericActionName('stop_blame_the_minorities')].,country,multiplicative,"percent, bad",,,
stop_disfavoring_sect_cost_modifier,,none,EU5-specific religious sect action,This impacts the [costs|e] of [ShowGenericActionName('stop_disfavoring_sect')].,country,multiplicative,bad,,,
stop_procure_remedies_cost_modifier,,none,EU5-specific plague action,This impacts the [costs|e] of stopping to [ShowGenericActionName('stop_procure_remedies')].,country,multiplicative,"percent, bad",,,
stop_promoting_sect_cost_modifier,,none,EU5-specific religious sect action,This impacts the [costs|e] of [ShowGenericActionName('stop_promoting_sect')].,country,multiplicative,bad,,,
stop_sponsor_sin_forgiveness_cost_modifier,,none,EU5-specific religious action,This impacts the [costs|e] of [ShowGenericActionName('stop_sponsor_sin_forgiveness')].,country,multiplicative,"percent, bad",,,
strengthen_ministry_cost_modifier,,none,EU5-specific ministry action,This impacts the [costs|e] of [ShowGenericActionName('strengthen_ministry')].,country,multiplicative,"percent, bad",,,
strict_quarantines_cost_modifier,,none,EU5-specific plague/quarantine action,This impacts the [costs|e] of [ShowGenericActionName('strict_quarantines')].,country,multiplicative,"percent, bad",,,
subject_income_modifier,vassal_income,high,Direct equivalent - income from subjects/vassals,This increases how much the [subjects|e] will pay to a [country|e] each month.,country,multiplicative,"percent, good",Subject,Modifies the bonus to a country's income from their subjects.,Multiplicative
subject_loyalty,liberty_desire,medium,Match: liberty_desire ↔ subject_loyalty,This impacts the [subject_loyalty|e] that the [subjects|e] of a [country|e] gets.,country,,good,Subject,Adds to subject liberty desire against their overlord.,Additive
subject_not_obligated_to_join_war,,none,EU5-specific subject war exemption,This allows a [subject|e] to avoid joining any [war|e] the [overlord|e] #I starts#!.,country,boolean,bad,,,
subject_opinions,reduced_liberty_desire,medium,Match: reduced_liberty_desire ↔ subject_opinions,This impacts the [opinion|e] that [subjects|e] have of a [country|e].,country,,good,Subject,Adds to the liberty desire subjects have against their overlord. Applied to the overlord.,Additive
subject_pays_colonial_cost_modifier,global_tariffs,medium,Related colonial income but EU4 is tariff-specific,This impacts how much a [ShowSubjectTypeName('colonial_nation')] gives to its [overlord|e] each month.,country,multiplicative,"percent, good",Colonisation,Modifies the tariff income from colonial nations.,Multiplicative
subject_pays_maha_samanta_cost_modifier,,none,EU5-specific Indian Maha-samanta subject type,This impacts how much a [ShowSubjectTypeName('maha_samanta')] gives to its [overlord|e] each month.,country,multiplicative,"percent, good",,,
subject_pays_march_cost_modifier,,none,EU5-specific march subject income,This impacts how much a [ShowSubjectTypeName('march')] gives to its [overlord|e] each month.,country,multiplicative,"percent, good",,,
subject_pays_pradhana_maha_samanta_cost_modifier,,none,EU5-specific Indian subject type,This impacts how much a [ShowSubjectTypeName('pradhana_maha_samanta')] gives to its [overlord|e] each month.,country,multiplicative,"percent, good",,,
subject_pays_pronoia_cost_modifier,,none,EU5-specific Byzantine Pronoia subject type,Income from Prónoia Subjects,country,multiplicative,"percent, good",,,
subject_pays_samanta_cost_modifier,,none,EU5-specific Indian Samanta subject type,This impacts how much a [ShowSubjectTypeName('samanta')] gives to its [overlord|e] each month.,country,multiplicative,"percent, good",,,
subject_pays_trade_company_cost_modifier,trade_company_governing_cost,medium,Match: trade_company_governing_cost ↔ subject_pays_trade_company_cost_modifier,This impacts how much a [ShowSubjectTypeName('trade_company')] gives to its [overlord|e] each month.,country,multiplicative,"percent, good",Government,Modifies the governing capacity usage of trade companies.,Multiplicative
subject_pays_tributary_cost_modifier,,none,EU5-specific tributary subject income,This impacts how much a [ShowSubjectTypeName('tributary')] gives to its [overlord|e] each month.,country,multiplicative,"percent, good",,,
subject_pays_vassal_cost_modifier,vassal_income,high,Direct equivalent - vassal income to overlord,This impacts how much a [ShowSubjectTypeName('vassal')] gives to its [overlord|e] each month.,country,multiplicative,"percent, good",Subject,Modifies the bonus to a country's income from their subjects.,Multiplicative
subjugation_preference_modifier,,none,EU5-specific AI subjugation preference,This modifies how likely an AI [country|e] to subjugate [countries|e] via diplomacy instead of declaring [war|e].,country,multiplicative,good,,,
succession_crisis_price_cost_modifier,,none,EU5-specific succession crisis action,This impacts the [costs|e] of [actions|e] in the [ShowDisasterName('succession_crisis')] [disaster|e].,country,multiplicative,"percent, bad",,,
supply_depot_capacity,may_build_supply_depot,medium,Match: may_build_supply_depot ↔ supply_depot_capacity,This impacts how much [food|e] a [supply_depot|e] can store.,country,,good,Military,Allows a country to build supply depots,Constant
take_on_debt_cost_modifier,,none,EU5-specific debt action,Impacts the cost of taking on debts from other countries,country,multiplicative,"percent, bad",,,
target_of_military_sponsorships,,none,EU5-specific military sponsorship flag,This allows the [country|e] to be target of the [ShowRelationTypeName('military_sponsorship')] [relation_type|e] with [ShowReligionName('catholic')] countries.,country,boolean,good,,,
tatar_yoke_contribution_price_cost_modifier,,none,EU5-specific Tatar Yoke situation,This impacts the [cost|e] of the payments associated with the [GetInternationalOrganization('tatar_yoke').GetName] members.,country,multiplicative,"percent, bad",,,
tatar_yoke_leader_payments_price_cost_modifier,war_taxes_cost_modifier,medium,Semantic match: war_taxes_cost_modifier ↔ tatar_yoke_leader_payments_price_cost_modifier,This impacts the [cost|e] of the payments associated with the [GetInternationalOrganization('tatar_yoke').GetName] and the [ShowSpecialStatusName('tatar_tax_collector')].,country,multiplicative,"percent, bad",Military,Modifies the military power cost for raising war taxes.,Multiplicative
tax_income_efficiency,global_tax_modifier,high,Direct equivalent - tax income modifier,This impacts the [tax_efficiency|e] of a [country|e].,country,,"percent, good",Economy,Modifies the base tax income by a percentage.,Multiplicative
themata_bureaucracy_impact_modifier,,none,EU5-specific Byzantine bureaucracy,How much the [bureaucracy|e] affects the [country|e].,country,multiplicative,"percent, good",,,
third_rome_cost_modifier,third_rome_cost_modifier,high,Direct name match - third rome action cost,This impacts the [costs|e] of [ShowGenericActionName('third_rome')].,country,multiplicative,"percent, bad",,,
tithe_cost_modifier,,none,EU5-specific tithe action,This impacts how much it [costs|e] our [estates|e] to pay the [tithe|e].,country,multiplicative,"percent, bad",,,
tithe_price_cost_modifier,,none,EU5-specific tithe action (duplicate concept),This impacts the [costs|e] of payment in the [GetUniqueInternationalOrganization('catholic_church').GetName].,country,multiplicative,"percent, bad",,,
tolerance_heathen,tolerance_heathen,high,Direct equivalent - tolerance of heathens,This impacts the [tolerance|e] of [religions|e] of a different [religion_group|e] than the [state_religion|e].,country,,good,Religion,Adds to the base tolerance for heathens within a country.,Additive
tolerance_heretic,tolerance_heretic,high,Direct equivalent - tolerance of heretics,This impacts the [tolerance|e] of [religions|e] of the same [religion_group|e] as the [state_religion|e].,country,,good,Religion,Adds to the base tolerance for heretics within a country.,Additive
tolerance_own,tolerance_own,high,Direct equivalent - tolerance of true faith,This impacts the [tolerance|e] of the [state_religion|e].,country,,good,Religion,Adds to the base tolerance for the true faith within a country.,Additive
total_loan_capacity_modifier,,none,EU5-specific loan capacity mechanic,This impacts the total amount of the [loan_capacity|e] a [country|e] can have.,country,multiplicative,"percent, good",,,
town_upgrade_cost_modifier,,none,EU5-specific town founding action,This impacts the [costs|e] of creating a [ShowLocationRankName('town')].,country,multiplicative,"percent, bad",,,
trade_company_headquarters_level,trade_company_governing_cost,medium,Match: trade_company_governing_cost ↔ trade_company_headquarters_level,This modifies how many levels a [ShowBuildingTypeName('trade_company_headquarters')] can have.,country,,good,Government,Modifies the governing capacity usage of trade companies.,Multiplicative
trade_importance_modifier,,none,EU5-specific AI importance modifier,This modifiers how much the AI country values trade.,country,multiplicative,good,,,
trade_income,trade_efficiency,high,Direct equivalent - trade income modifier,$game_concept_trade_income_desc$,country,,"percent, good",Trade,Modifies a country's trade income. (Maximum is 200%),Multiplicative
trade_isolation,,none,EU5-specific trade isolation flag,This impacts if [foreign|e] [countries|e] can [export|e] or [import|e] [goods|e] from our [markets|e].,country,boolean,good,,,
trade_land_efficiency,trade_efficiency,medium,Match: trade_efficiency ↔ trade_land_efficiency,This impacts the reach of the [trade_range|e] of a [country|e] when traveling over a [location|e].,country,,"percent, good",Trade,Modifies a country's trade income. (Maximum is 200%),Multiplicative
trade_range,trade_range_modifier,high,Both modify trade range,This impacts the [trade_range|e] of a [country|e].,country,,good,Trade,Modifies the trade range used to determine if a country can place a merchant in a trade node.,Multiplicative
trade_range_modifier,trade_range_modifier,high,Direct name match - trade range modifier,This impacts the [trade_range|e] of a [country|e].,country,multiplicative,"percent, good",Trade,Modifies the trade range used to determine if a country can place a merchant in a trade node.,Multiplicative
trade_sea_efficiency,trade_efficiency,medium,Match: trade_efficiency ↔ trade_sea_efficiency,This impacts the reach of the [trade_range|e] of a [country|e] when traveling over a [seazone|e].,country,,"percent, good",Trade,Modifies a country's trade income. (Maximum is 200%),Multiplicative
train_admiral_ability,max_admiral_fire;max_admiral_maneuver;max_admiral_shock;max_admiral_siege;leader_naval_fire;leader_naval_manuever;leader_naval_shock,medium,EU5-specific admiral training; Loose match - EU4 max admiral pip caps mapped to EU5 train_admiral_ability; both improve admiral quality ceiling; Loose match - EU4 naval leader pip minimums mapped to EU5 train_admiral_ability; both improve admiral quality floor,This [modifier|e] increased each [ability|e] of the [admiral|e] we gain via the [ShowGenericActionName('train_admiral')] [action|e],country,,good,,,
train_admiral_cost_modifier,admiral_cost;free_navy_leader_pool,high,Direct equivalent - cost to hire/train admiral; Loose match - EU4 free_navy_leader_pool (free admiral slots) mapped to EU5 train_admiral_cost_modifier (cost to recruit admirals); both make admirals more accessible,This impacts how much it [costs|e] to train a new [admiral|e].,country,multiplicative,"percent, bad",Navy,Modifies the cost of hiring an admiral.,Multiplicative
train_general_ability,leader_land_fire;leader_land_manuever;leader_land_shock;leader_siege;max_general_fire;max_general_maneuver;max_general_shock;max_general_siege,high,EU5-specific general training; Direct match - EU4 leader land pip modifiers = EU5 train_general_ability; both improve general combat skills; Loose match - EU4 max general pip caps mapped to EU5 train_general_ability; both improve general quality ceiling,This [modifier|e] increased each [ability|e] of the [general|e] we gain via the [ShowGenericActionName('train_general')] [action|e],country,,good,,,
train_general_cost_modifier,general_cost;free_land_leader_pool,high,Direct equivalent - cost to hire/train general; Loose match - EU4 free_land_leader_pool (free general slots) mapped to EU5 train_general_cost_modifier (cost to recruit generals); both make generals more accessible,This impacts how much it [costs|e] to train a new [general|e].,country,multiplicative,"percent, bad",Military,Modifies the base military power cost for recruiting Generals.,Multiplicative
transfer_subject_price_cost_modifier,,none,EU5-specific subject transfer action,This impacts the [costs|e] for the [ShowCountryInteractionName('transfer_subject')] [country_interaction|e].,country,multiplicative,"percent, bad",,,
treasure_voyage_cargo_size_modifier,treasure_fleet_income,medium,Related colonial treasure but EU4 is income-side,This modifies the amount of [gold|e] that can be sent via the [ShowGenericActionName('start_a_treasure_voyage')] [action|e].,country,multiplicative,"percent, good",Colonisation,Modifies the income from treasure fleets sent by colonial nations.,Multiplicative
tribes_estate_agenda_impact,,none,EU5-specific estate agenda,This modifies the support that the [parliament_agendas|e] that proposes from the $tribes_estate$ has.,"country, estate",,"percent, good",,,
tribes_estate_levy_size,free_leader_pool,high,Semantic match: free_leader_pool ↔ tribes_estate_levy_size,This impacts the size of [army_levies|e] and [navy_levies|e] from the $tribes_estate$.,"country, estate",,"percent, good",Military,Adds to the maximum amount of free leaders (both land leaders and navy leaders pool).,Additive
tribes_estate_max_tax,,none,EU5-specific estate tax range,This impacts the [maximum_tax|e] that can be collected from the $tribes_estate$.,"country, estate",,"percent, good",,,
tribes_estate_min_tax,,none,EU5-specific estate tax range,This impacts the [minimum_tax|e] that can be collected from the $tribes_estate$.,"country, estate",,"percent, good",,,
tribes_estate_satisfaction_decay,,none,EU5-specific estate satisfaction,This impacts how quickly the [estate_satisfaction|e] decays down to the [estate_satisfaction_equilibrium|e] for the $tribes_estate$ in this [country|e].,"country, estate",,"percent, neutral",,,
tribes_estate_satisfaction_recovery,,none,EU5-specific estate satisfaction,This impacts how quickly the [estate_satisfaction|e] recovers to the [estate_satisfaction_equilibrium|e] for the $tribes_estate$ in this [country|e].,"country, estate",,"percent, neutral",,,
tribes_estate_target_satisfaction,,none,EU5-specific estate satisfaction equilibrium,This impacts the [estate_satisfaction_equilibrium|e] of the $tribes_estate$ in this [country|e].,"country, estate",,"percent, good",,,
tribute_payment_received_modifier,,none,EU5-specific Chinese Middle Kingdom tribute,This impacts the amount we receive from tribute in the $middle_kingdom$.,country,multiplicative,"percent, good",,,
trust_decay,,none,EU5-specific trust mechanic,This impacts how fast [trust|e] decays when it's above the equilibrium.,country,,bad,,,
trust_recovery,,none,EU5-specific trust mechanic,This impacts how fast [trust|e] recovers when it's below the equilibrium.,country,,good,,,
uc_bey_pays_cost_modifier,,none,EU5-specific Ottoman Uc bey income,This impacts how much a [ShowSubjectTypeName('uc_bey')] gives to its [overlord|e] each month.,country,multiplicative,"percent, good",,,
unemployed_slave_promotion,,none,EU5-specific pop mechanic,This is the percentage of unemployed [ShowPopTypeName('slaves')] that [promotes|e] to [ShowPopTypeName('peasants')] every month.,country,,"percent, good",,,
union_blocked_from_declaring_war,,none,EU5-specific union restriction,This prevents the [country|e] from declaring any [war|e] unless the one against the [ShowSpecialStatusName('senior_partner')] of the [union|e].,country,boolean,bad,,,
union_contribution_price_cost_modifier,,none,EU5-specific union contribution,This impacts the [costs|e] of payment in a [GetInternationalOrganizationType('union').GetName] to the [ShowSpecialStatusName('senior_partner')].,country,multiplicative,"percent, bad",,,
university_construction_blocked,,none,EU5-specific university block,This determines if a [country|e] is blocked from constructing a new [ShowBuildingTypeName('university')].,country,boolean,bad,,,
unlock_prikazi_reform_cabinet_actions,,none,EU5-specific Russian Prikazi reform,"Unlocks the [ShowCabinetActionName('aptekarsky')], [ShowCabinetActionName('bolshogo_dvortsa')], [ShowCabinetActionName('ispolneniya_zakonov')], [ShowCabinetActionName('kazenny')], [ShowCabinetActionName('posolsky')], [ShowCabinetActionName('razryadny')], and [ShowCabinetActionName('streltsy')] [cabinet_actions|e], although some of them may have additional requirements",country,boolean,good,,,
violate_treaty_of_tordesillas_cost_modifier,,none,EU5-specific Tordesillas action,This impacts the [costs|e] of [ShowGenericActionName('violate_treaty_of_tordesillas')].,country,multiplicative,"percent, good",,,
war_breaking_truce_cost_modifier,,none,EU5-specific truce breaking cost,This impacts how much it [costs|e] to declare a [war|e] while breaking a [truce|e].,country,multiplicative,"percent, bad",,,
war_breaking_truce_with_guarantor_cost_modifier,,none,EU5-specific truce/guarantor cost,This impacts how much it [costs|e] to declare a [war|e] while breaking a [truce|e] with a [guarantee|e].,country,multiplicative,"percent, bad",,,
war_declaration_stab_hit_tolerance,stability_cost_to_declare_war,medium,Related war declaration stability tolerance,How much [stability|e] a leader is prepared to lose to start a [war|e].,country,,good,Diplomacy,Modifies the stability cost to declare war. Default is 0 with a casus belli and no truce.,Additive
war_declaration_war_exhaustion_tolerance,,none,EU5-specific war exhaustion tolerance,How much extra [war_exhaustion|e] a leader is prepared to tolerate when starting a [war|e].,country,,good,,,
war_good_relations_cost_modifier,,none,EU5-specific war cost based on relations,This impacts how much it [costs|e] to declare a [war|e] when having a good [opinion|e] of the other [country|e].,country,multiplicative,"percent, bad",,,
war_great_relations_cost_modifier,,none,EU5-specific war cost based on relations,This impacts how much it [costs|e] to declare a [war|e] when having a great [opinion|e] of the other [country|e].,country,multiplicative,"percent, bad",,,
war_no_cb_cost_modifier,unjustified_demands,medium,Related unjustified war cost (EU4 is peace deal specific),This impacts how much it [costs|e] to declare a [war|e] without a [casus_belli|e].,country,multiplicative,"percent, bad",Diplomacy,Modifies the cost in diplomatic power of making unjustified demands in a peace deal.,Multiplicative
war_on_different_religion_cost_modifier,,none,EU5-specific war cost modifier,This impacts the penalty given for declaring [war|e] on someone with a different [religion|e].,country,multiplicative,"percent, bad",,,
war_on_same_religion_cb_cost_modifier,may_perform_slave_raid_on_same_religion,medium,Match: may_perform_slave_raid_on_same_religion ↔ war_on_same_religion_cb_cost_modifier,This impacts the penalty given for declaring [war|e] on someone with the same [religion|e].,country,multiplicative,"percent, bad",Navy,Grants the abiliy to conduct slave raids against nations that share the same religion.,Constant
war_on_same_religion_no_cb_cost_modifier,may_perform_slave_raid_on_same_religion,medium,Match: may_perform_slave_raid_on_same_religion ↔ war_on_same_religion_no_cb_cost_modifier,This impacts the penalty given for declaring [war|e] on someone with the same [religion|e] without a [casus_belli|e].,country,multiplicative,"percent, bad",Navy,Grants the abiliy to conduct slave raids against nations that share the same religion.,Constant
war_on_subject_cost_modifier,,none,EU5-specific war on subject cost,This impacts the penalty given for declaring [war|e] on our own [subject|e].,country,multiplicative,"percent, bad",,,
war_score_vs_other_religion_efficiency,warscore_cost_vs_other_religion,high,Direct equivalent - warscore cost vs other religion wars,This impacts how much [war_score|e] it will cost for this [country|e] to take territory from an enemy which follows a different [religion|e].,country,,"percent, good",Religion,Modifies the war score costs for peace terms while in war against countries of a different religion.,Multiplicative
war_when_military_acces_cost_modifier,war_taxes_cost_modifier,medium,Semantic match: war_taxes_cost_modifier ↔ war_when_military_acces_cost_modifier,This impacts how much it [costs|e] to declare a [war|e] when having [military_access|e] in the other [country|e].,country,multiplicative,"percent, bad",Military,Modifies the military power cost for raising war taxes.,Multiplicative
western_schism_gold_actions_price_cost_modifier,,none,EU5-specific Western Schism situation action,This impacts the [cost|e] of the [actions|e] associated with the [ShowSituationName('western_schism')] [disaster|e] which cost [gold|e].,country,multiplicative,"percent, bad",,,
western_schism_ri_actions_price_cost_modifier,,none,EU5-specific Western Schism situation action,This impacts the [cost|e] of the [actions|e] associated with the [ShowSituationName('western_schism')] [disaster|e] which cost [religious_influence|e].,country,multiplicative,"percent, bad",,,
wetlands_proximity_impact,global_regiment_cost,high,Semantic match: global_regiment_cost ↔ wetlands_proximity_impact,This impacts the [proximity|e] cost when going through [ShowTopographyName('wetlands')].,country,,"percent, bad",Military,Modifies the base unit cost for all land units.,Multiplicative
wetlands_wasteland_proximity_impact,global_regiment_cost,high,Semantic match: global_regiment_cost ↔ wetlands_wasteland_proximity_impact,This impacts the [proximity|e] cost when going through [ShowTopographyName('wetlands_wasteland')].,country,,"percent, bad",Military,Modifies the base unit cost for all land units.,Multiplicative
win_war_chance_threshold,,none,EU5-specific AI war chance threshold,Leaders will not attempt to start wars unless they think they have at least this percentage chance of winning.,country,,"percent, good",,,
wrong_culture_levy_size,free_leader_pool,medium,Semantic match: free_leader_pool ↔ wrong_culture_levy_size,This impacts how big [army_levies|e] and [navy_levies|e] can be from [pops|e] of [non_accepted_cultures|e].,country,,"percent, good",Military,Adds to the maximum amount of free leaders (both land leaders and navy leaders pool).,Additive
,army_professionalism,none,EU4 army professionalism concept - no direct EU5 equivalent,,,,,,,
,drill_gain_modifier,none,EU4 army drill mechanic - no EU5 equivalent,,,,,Military,Modifies the army drill gains while drilling,Multiplicative
,drill_decay_modifier,none,EU4 army drill mechanic - no EU5 equivalent,,,,,Military,Modifies the army drill decay rate per year.,Multiplicative
,no_cost_for_reinforcing,none,EU4 free reinforcement flag - no EU5 equivalent,,,,,Military,Allows free reinforcement for units.,Constant
,artillery_barrage_cost,none,EU4 artillery barrage action cost - no EU5 equivalent,,,,,Military,Modifies the cost for using 'Artillery Barrage' action during sieges.,Multiplicative
,raze_power_gain,none,EU4 monarch power from razing - EU5 removed monarch power,,,,,Military,Modifies the amount of monarch power gained from razing.,Multiplicative
,regiment_manpower_usage,none,EU4 regiment manpower usage - no EU5 equivalent,,,,,Military,Modifies the manpower usage for reinforcement by regiments.,Multiplicative
,capped_by_forcelimit,none,EU4 forcelimit cap flag - no EU5 equivalent,,,,,Military,Forbids countries to go over their forcelimit,Constant
,global_attacker_dice_roll_bonus,none,EU4 attacker dice bonus - no EU5 equivalent,,,,,Military,Adds to the global attacker dice roll bonus,Additive
,global_defender_dice_roll_bonus,none,EU4 defender dice bonus - no EU5 equivalent,,,,,Military,Adds to the global defender dice roll bonus,Additive
,own_territory_dice_roll_bonus,none,EU4 own territory dice bonus - no EU5 equivalent,,,,,Military,Adds to the dice roll bonus for the territory owner,Additive
,may_refill_garrison,none,EU4 refill garrison from armies - no EU5 equivalent,,,,,Military,Allows a country to refill garrisons from armies,Constant
,may_return_manpower_on_disband,none,EU4 manpower return on disband - no EU5 equivalent,,,,,Military,Allows a country to regain the manpower of units they are disbanding,Constant
,attack_bonus_in_capital_terrain,none,EU4 capital terrain attack bonus - no EU5 equivalent,,,,,Military,Grants attack bonus in provinces with the same terrain as capital province.,Additive
,force_march_free,none,EU4 free force march - no EU5 equivalent,,,,,Military,Allows usage of the ‘Force March’ action for free.,Constant
,enable_forced_march,none,EU4 forced march enable - no EU5 equivalent,,,,,Military,Allows to use Force March regardless of current tech level.,Constant
,mercenary_discipline,none,EU4 mercenary discipline - no EU5 equivalent (EU5 has general discipline),,,,,Mercenary,Modifies the discipline of mercenary units.,Multiplicative
,mercenary_manpower,none,EU4 mercenary manpower - no EU5 equivalent,,,,,Mercenary,Modifies the amount of manpower mercenary companies have.,Multiplicative
,merc_leader_army_tradition,none,EU4 merc leader tradition - no EU5 equivalent,,,,,Mercenary,Modifies the army tradition a leader of a merc company is spawned with.,Multiplicative
,merc_independent_from_trade_range,none,EU4 merc trade range - no EU5 equivalent,,,,,Mercenary,Allows a country to recruit merc companies which have their home in provinces which are outside your trade range.,Constant
,allow_mercenaries_to_split,none,EU4 mercenary splitting flag - no EU5 equivalent,,,,,Mercenary,"Allow mercenaries to split (as of 1.37, only works using split hotkey). They are supposed to be able to merge with regiments of their own company, but as of 1.37, this functionality is broken. Using the hotkey to create a new unit also creates empty 0-stacks that cannot be readjusted.",Constant
,special_unit_cost_modifier,none,EU4 special unit cost - no EU5 equivalent,,,,,Special Regiments,Modifies the recruitment cost of special units.,Multiplicative
,special_unit_manpower_cost_modifier,none,EU4 special unit manpower cost - no EU5 equivalent,,,,,Special Regiments,"Modifies the manpower/sailors cost for recruitment of special units. As of 1.37, does not work on marines.",Multiplicative
,has_marines,none,EU4 marines flag - no EU5 equivalent,,,,,Special Regiments,Allows the usage of Marine units. Basically it's always yes.,Constant
,allowed_marine_fraction,none,EU4 marines fraction - no EU5 equivalent,,,,,Special Regiments,Modifies the amount of marines allowed to be recruited.,Multiplicative
,has_banners,none,EU4 Manchu banners - no EU5 equivalent,,,,,Special Regiments,"Allows the usage of Manchu banner units. It also requires the province to have the ""local_has_banners = yes"" modifier.",Constant
,can_recruit_cawa,none,EU4 Cawa units - no EU5 equivalent,,,,,Special Regiments,Allows the usage of Cawa units. Doesn't work properly in 1.35.3,Constant
,amount_of_cawa,none,EU4 Cawa amount - no EU5 equivalent,,,,,Special Regiments,Modifies the maximum amount of Cawa units available.,Multiplicative
,cawa_cost_modifier,none,EU4 Cawa cost - no EU5 equivalent,,,,,Special Regiments,Modifies the military power cost for recruiting Cawa units.,Multiplicative
,has_carolean,none,EU4 Carolean units - no EU5 equivalent,,,,,Special Regiments,"Allows the usage of Carolean units. It also requires the province to have the ""local_has_carolean = yes"" modifier.",Constant
,amount_of_carolean,none,EU4 Carolean amount - no EU5 equivalent,,,,,Special Regiments,Modifies the maximum amount of Carolean units available.,Multiplicative
,can_recruit_hussars,none,EU4 Winged Hussars - no EU5 equivalent,,,,,Special Regiments,Allows the usage of Winged Hussar units. (Winged Hussars can only be recruited in provinces where the culture is either part of the primary group or accepted.),Constant
,amount_of_hussars,none,EU4 Hussars amount - no EU5 equivalent,,,,,Special Regiments,Adds to the maximum amount of Winged Hussar units available.,Additive
,hussars_cost_modifier,none,EU4 Hussars cost - no EU5 equivalent,,,,,Special Regiments,"(Recruiting Winged Hussars costs nothing, so this modifier seems to be practically non-functional)",Multiplicative
,can_recruit_janissaries,none,EU4 Janissaries - no EU5 equivalent,,,,,Special Regiments,Allows the usage of Janissary units.,Constant
,janissary_cost_modifier,none,EU4 Janissary cost - no EU5 equivalent,,,,,Special Regiments,Modifies the military power cost for recruiting Janissary units.,Multiplicative
,allow_janissaries_from_own_faith,none,EU4 Janissary faith rule - no EU5 equivalent,,,,,Special Regiments,Allows to recruit Janissary units in true faith provinces as well as heathen provinces.,Constant
,can_recruit_cossacks,none,EU4 Cossack units - no EU5 equivalent (EU5 has cossacks estate instead),,,,,Special Regiments,Allows the usage of Cossack units.,Constant
,allowed_cossack_fraction,none,EU4 Cossack fraction - no EU5 equivalent,,,,,Special Regiments,Modifies the amount of cossacks that can be recruited.,Multiplicative
,can_recruit_rajputs,none,EU4 Rajput units - no EU5 equivalent,,,,,Special Regiments,Allows the usage of Rajput units.,Constant
,allowed_rajput_fraction,none,EU4 Rajput fraction - no EU5 equivalent,,,,,Special Regiments,Modifies the amount of rajputs that can be recruited.,Multiplicative
,can_recruit_revolutionary_guards,none,EU4 Revolutionary Guards - no EU5 equivalent,,,,,Special Regiments,Allows the usage of Revolutionary Guard units.,Constant
,allowed_rev_guard_fraction,none,EU4 Revolutionary Guards fraction - no EU5 equivalent,,,,,Special Regiments,Modifies the amount of revolutionary guards that can be recruited.,Multiplicative
,has_streltsy,none,EU4 Streltsy - no EU5 equivalent,,,,,Special Regiments,"Allows the usage of Streltsy units. It also requires the province to have the ""local_has_streltsy = yes"" modifier.",Constant
,allowed_streltsy_fraction,none,EU4 Streltsy fraction - no EU5 equivalent,,,,,Special Regiments,Modifies the amount of streltsy that can be recruited.,Multiplicative
,amount_of_streltsy,none,EU4 Streltsy amount - no EU5 equivalent,,,,,Special Regiments,Adds to the maximum amount of Streltsy units available.,Additive
,has_tercio,none,EU4 Tercio units - no EU5 equivalent,,,,,Special Regiments,"Allows the usage of Tercio units. It also requires the province to have the ""local_has_tercio = yes"" modifier.",Constant
,allowed_tercio_fraction,none,EU4 Tercio fraction - no EU5 equivalent,,,,,Special Regiments,Modifies the amount of tercios that can be recruited.,Multiplicative
,amount_of_tercio,none,EU4 Tercio amount - no EU5 equivalent,,,,,Special Regiments,Adds to the maximum amount of Tercio units available.,Additive
,has_samurai,none,EU4 Samurai units - no EU5 equivalent,,,,,Special Regiments,"Allows the usage of Samurai units. It also requires the province to have the ""local_has_samurai = yes"" modifier.",Constant
,allowed_samurai_fraction,none,EU4 Samurai fraction - no EU5 equivalent,,,,,Special Regiments,Modifies the amount of samurai that can be recruited.,Multiplicative
,amount_of_samurai,none,EU4 Samurai amount - no EU5 equivalent,,,,,Special Regiments,Adds to the maximum amount of Samurai units available.,Additive
,has_musketeer,none,EU4 Musketeer units - no EU5 equivalent,,,,,Special Regiments,"Allows the usage of Musketeer units. It also requires the province to have the ""local_has_musketeers = yes"" modifier.",Constant
,allowed_musketeer_fraction,none,EU4 Musketeer fraction - no EU5 equivalent,,,,,Special Regiments,Modifies the amount of musketeers that can be recruited.,Multiplicative
,amount_of_musketeers,none,EU4 Musketeer amount - no EU5 equivalent,,,,,Special Regiments,Adds to the maximum amount of Musketeer units available.,Additive
,has_mamluks,none,EU4 Mamluk units - no EU5 equivalent,,,,,Special Regiments,"Allows the usage of Mamluk units. It also requires the province to have the ""local_has_mamluks = yes"" modifier.",Constant
,allowed_mamluks_fraction,none,EU4 Mamluk fraction - no EU5 equivalent,,,,,Special Regiments,Modifies the amount of mamluks that can be recruited.,Multiplicative
,amount_of_mamluks,none,EU4 Mamluk amount - no EU5 equivalent,,,,,Special Regiments,Adds to the maximum amount of Mamluk units available.,Additive
,has_qizilbash,none,EU4 Qizilbash units - no EU5 equivalent,,,,,Special Regiments,"Allows the usage of Qizilbash units. It also requires the province to have the ""local_has_qizilbash = yes"" modifier.",Constant
,allowed_qizilbash_fraction,none,EU4 Qizilbash fraction - no EU5 equivalent,,,,,Special Regiments,Modifies the amount of qizilbash that can be recruited.,Multiplicative
,amount_of_qizilbash,none,EU4 Qizilbash amount - no EU5 equivalent,,,,,Special Regiments,Adds to the maximum amount of Qizilbash units available.,Additive
,siege_blockade_progress,none,EU4 blockade siege progress bonus - no EU5 equivalent,,,,,Navy,Modifies the bonus siege status by blockaded.,Additive
,disengagement_chance,none,EU4 disengagement chance - no EU5 equivalent,,,,,Navy,Modifies the chance of disengagement for ships during battle.,Multiplicative
,landing_penalty,none,EU4 landing combat penalty - no EU5 equivalent,,,,,Navy,Adds to the combat penalty when landing.,Additive
,coast_raid_range,none,EU4 coast raid range - no EU5 equivalent,,,,,Navy,Adds to the amounts of sea tiles a country can raid in.,Additive
,max_flagships,none,EU4 max flagships - no EU5 equivalent,,,,,Navy,Adds to the number of flagships a country can have at the same time.,Additive
,number_of_cannons,none,EU4 ship cannons - no EU5 equivalent,,,,,Navy,Adds to the number of cannons for all ships.,Additive
,number_of_cannons_modifier,none,EU4 ship cannons modifier - no EU5 equivalent,,,,,Navy,Modifies the number of cannons for all ships.,Multiplicative
,heavy_ship_number_of_cannons_modifier,none,EU4 heavy ship cannons - no EU5 equivalent,,,,,Navy,Modifies the number of cannons for heavy ships.,Multiplicative
,light_ship_number_of_cannons_modifier,none,EU4 light ship cannons - no EU5 equivalent,,,,,Navy,Modifies the number of cannons for light ships.,Multiplicative
,transport_number_of_cannons_modifier,none,EU4 transport cannons - no EU5 equivalent,,,,,Navy,Modifies the number of cannons for transport ships.,Multiplicative
,hull_size,none,EU4 ship hull size - no EU5 equivalent,,,,,Navy,Adds to the hull size of all ships.,Additive
,engagement_cost,none,EU4 engagement width per ship - no EU5 equivalent,,,,,Navy,Adds to the engagement width occupied by a ship.,Additive
,engagement_cost_modifier,none,EU4 engagement width modifier - no EU5 equivalent,,,,,Navy,Modifies the engagement width occupied by a ship.,Multiplicative
,admiral_skill_gain_modifier,none,EU4 flagship-related admiral skill - no EU5 equivalent,,,,,Flagships,The monthly chance that an admiral gains a pip while he is assigned to a fleet that is on a mission and contains a flagship with this modifier,Additive
,flagship_durability,none,EU4 flagship modifier - no EU5 equivalent,,,,,Flagships,Modifies the ship durability for the flagship.,Multiplicative
,flagship_morale,none,EU4 flagship modifier - no EU5 equivalent,,,,,Flagships,Modifies the naval morale for the flagship.,Multiplicative
,flagship_naval_engagement_modifier,none,EU4 flagship modifier - no EU5 equivalent,,,,,Flagships,Modifies the fleet engagement width of the flagship's fleet.,Additive
,movement_speed_onto_off_boat_modifier,none,EU4 flagship disembark modifier - partially matches army_disembark_speed,,,,,Flagships,Modifies the speed at which troops disembark off ships into provinces.,Multiplicative
,flagship_landing_penalty,none,EU4 flagship landing - no EU5 equivalent,,,,,Flagships,Modifies the disembarkment penalty for the flagship.,Multiplicative
,number_of_cannons_flagship_modifier,none,EU4 flagship cannons - no EU5 equivalent,,,,,Flagships,Modifies the number of cannons for the flagship.,Multiplicative
,number_of_cannons_flagship,none,EU4 flagship cannons - no EU5 equivalent,,,,,Flagships,Modifies the number of cannons for the flagship.,Additive
,naval_maintenance_flagship_modifier,none,EU4 flagship maintenance - no EU5 equivalent,,,,,Flagships,Modifies the naval maintenance for the flagship.,Multiplicative
,trade_power_in_fleet_modifier,none,EU4 flagship fleet trade - no EU5 equivalent,,,,,Flagships,Modifies the trade power conferred by the flagship and all other ships within its fleet.,Multiplicative
,morale_in_fleet_modifier,none,EU4 flagship fleet morale - no EU5 equivalent,,,,,Flagships,Modifies the naval morale for the flagship and all other ships within its fleet.,Multiplicative
,blockade_impact_on_siege_in_fleet_modifier,none,EU4 flagship blockade impact - no EU5 equivalent,,,,,Flagships,Modifies the blockade impact of the flagship and all other ships within its fleet.,Multiplicative
,exploration_mission_range_in_fleet_modifier,none,EU4 flagship exploration range - no EU5 equivalent,,,,,Flagships,Modifies the exploration mission range for the flagship and all other ships within its fleet.,Additive
,barrage_cost_in_fleet_modifier,none,EU4 flagship barrage cost - no EU5 equivalent,,,,,Flagships,Modifies the ‘Naval Barrage’ action cost for the flagship and all other ships within its fleet.,Multiplicative
,naval_attrition_in_fleet_modifier,none,EU4 flagship attrition - no EU5 equivalent,,,,,Flagships,Modifies the naval attrition suffered by the flagship and all other ships within its fleet.,Multiplicative
,privateering_efficiency_in_fleet_modifier,none,EU4 flagship privateer efficiency - no EU5 equivalent,,,,,Flagships,Modifies the privateering efficiency of the flagship and all other ships within its fleet.,Multiplicative
,prestige_from_battles_in_fleet_modifier,none,EU4 flagship prestige - no EU5 equivalent,,,,,Flagships,Modifies the amount of prestige gained from battles for the flagship and all other ships within its fleet.,Multiplicative
,naval_tradition_in_fleet_modifier,none,EU4 flagship tradition - no EU5 equivalent,,,,,Flagships,Modifies the amount of Naval Tradition gained from battles for the flagship and all other ships within its fleet.,Multiplicative
,cannons_for_hunting_pirates_in_fleet,none,EU4 flagship pirate hunting - no EU5 equivalent,,,,,Flagships,Modifies the amount of cannons for the flagship and all other ships within its fleet while on the Hunting Pirates mission.,Multiplicative
,has_geobukseon,none,EU4 Geobukseon ships - no EU5 equivalent,,,,,Special Ships,"Allows the usage of Geobukseon ships. It also requires the province to have the ""local_has_geobukseon = yes"" modifier.",Constant
,allowed_geobukseon_fraction,none,EU4 Geobukseon fraction - no EU5 equivalent,,,,,Special Ships,Modifies the amount of geobukseon that can be recruited.,Multiplicative
,amount_of_geobukseon,none,EU4 Geobukseon amount - no EU5 equivalent,,,,,Special Ships,Adds to the maximum amount of Geobukseon ships available.,Additive
,has_galleass,none,EU4 Galleass ships - no EU5 equivalent,,,,,Special Ships,"Allows the usage of Galleass ships. It also requires the province to have the ""local_has_galleass = yes"" modifier.",Constant
,allowed_galleass_fraction,none,EU4 Galleass fraction - no EU5 equivalent,,,,,Special Ships,Modifies the amount of galleasses that can be recruited.,Multiplicative
,amount_of_galleass,none,EU4 Galleass amount - no EU5 equivalent,,,,,Special Ships,Adds to the maximum amount of Galleas ships available.,Additive
,has_voc_indiamen,none,EU4 VOC Indiamen ships - no EU5 equivalent,,,,,Special Ships,"Allows the usage of VOC Indiaman ships. It also requires the province to have the ""local_has_voc_indiamen = yes"" modifier.",Constant
,allowed_voc_indiamen_fraction,none,EU4 VOC Indiamen fraction - no EU5 equivalent,,,,,Special Ships,Modifies the amount of VOC indiamen that can be recruited.,Multiplicative
,amount_of_voc_indiamen,none,EU4 VOC Indiamen amount - no EU5 equivalent,,,,,Special Ships,Adds to the maximum amount of VOC Indiaman ships available.,Additive
,has_man_of_war,none,EU4 Man of War ships - no EU5 equivalent,,,,,Special Ships,"Allows the usage of Man of War ships. It also requires the province to have the ""local_has_man_of_war = yes"" modifier.",Constant
,allowed_man_of_war_fraction,none,EU4 Man of War fraction - no EU5 equivalent,,,,,Special Ships,Modifies the amount of men of war that can be recruited.,Multiplicative
,amount_of_man_of_war,none,EU4 Man of War amount - no EU5 equivalent,,,,,Special Ships,Adds to the maximum amount of Man of War ships available.,Additive
,has_galleon,none,EU4 Galleon ships - no EU5 equivalent,,,,,Special Ships,"Allows the usage of Galleon ships. It also requires the province to have the ""local_has_galleon = yes"" modifier.",Constant
,allowed_galleon_fraction,none,EU4 Galleon fraction - no EU5 equivalent,,,,,Special Ships,Modifies the amount of galleons that can be recruited.,Multiplicative
,amount_of_galleon,none,EU4 Galleon amount - no EU5 equivalent,,,,,Special Ships,Adds to the maximum amount of Galleon ships available.,Additive
,has_caravel,none,EU4 Caravel ships - no EU5 equivalent,,,,,Special Ships,"Allows the usage of Caravel ships. It also requires the province to have the ""local_has_caravel = yes"" modifier.",Constant
,allowed_caravel_fraction,none,EU4 Caravel fraction - no EU5 equivalent,,,,,Special Ships,Modifies the amount of caravels that can be recruited.,Multiplicative
,amount_of_caravel,none,EU4 Caravel amount - no EU5 equivalent,,,,,Special Ships,Adds to the maximum amount of Caravel ships available.,Additive
,envoy_travel_time,none,EU4 diplomat/merchant/colonist travel time - no EU5 equivalent,,,,,Diplomacy,"Modifies diplomat, merchant, and colonist travel time during actions.",Multiplicative
,province_warscore_cost,none,EU4 province warscore cost - no EU5 equivalent,,,,,Diplomacy,Modifies the warscore cost for taking provinces.,Multiplicative
,transfer_trade_power_reasons,none,EU4 transfer trade reasons - no EU5 equivalent,,,,,Diplomacy,Gives reasons to transfer trade.,Additive
,monthly_favor_modifier,none,EU4 favors gained modifier - no EU5 equivalent,,,,,Diplomacy,Modifies the amount of favour gained by the country.,Multiplicative
,cb_on_overseas,none,EU4 overseas CB - no EU5 equivalent,,,,,Diplomacy,Allows claims to be fabricated on overseas provinces in trade company regions.,Constant
,idea_claim_colonies,none,EU4 colonial claim CB - no EU5 equivalent,,,,,Diplomacy,Allows claims to be fabricated on overseas provinces in colonial regions that are owned by another nation that is also overseas.,Constant
,cb_on_government_enemies,none,EU4 government enemies CB flag - no EU5 equivalent,,,,,Diplomacy,Acts a visible script flag. Can be checked in triggers with cb_on_government_enemies = yes,Constant
,cb_on_religious_enemies,none,EU4 religious enemies CB flag - no EU5 equivalent,,,,,Diplomacy,Acts a visible script flag. Can be checked in triggers with cb_on_religious_enemies = yes,Constant
,reduced_stab_impacts,none,EU4 stab hit reduction on diplo - no EU5 equivalent,,,,,Diplomacy,Reduces the stability hits when taking diplomatic actions that cause them (i.e. 'Break Marriage').,Constant
,can_fabricate_for_vassals,none,EU4 fabricate for vassals - no EU5 equivalent,,,,,Diplomacy,Grants the ability to fabricate claims for vassals.,Constant
,state_maintenance_modifier,none,EU4 state maintenance - no EU5 equivalent (EU5 removed states),,,,,Economy,Modifies the maintenance cost for states.,Multiplicative
,inflation_action_cost,none,EU4 reduce inflation cost - no EU5 equivalent,,,,,Economy,Modifies the administrative power cost for reducing inflation.,Multiplicative
,may_not_reduce_inflation,none,EU4 inflation reduction block - no EU5 equivalent,,,,,Economy,Forbids a country to use the 'Reduce Inflation' button.,Constant
,inflation_reduction,none,EU4 yearly inflation reduction - no EU5 equivalent,,,,,Economy,Adds to the base yearly inflation reduction rate.,Additive
,gold_depletion_chance_modifier,none,EU4 gold mine depletion - no EU5 equivalent,,,,,Economy,Modifies the depletation chance of a gold mine.,Multiplicative
,tribal_development_growth,none,EU4 tribal dev growth - no EU5 equivalent,,,,,Economy,Adds to the growth of tribal development,Additive
,add_tribal_land_cost,none,EU4 add tribal land - no EU5 equivalent,,,,,Economy,Modifies the cost of adding tribal land.,Multiplicative
,global_allowed_num_of_manufactories,none,EU4 manufactory slots - no EU5 equivalent,,,,,Economy,Adds to the number of allowed manufactories in every owned province.,Additive
,great_project_upgrade_cost,none,EU4 great project upgrade - no EU5 equivalent,,,,,Economy,Modifies all great project upgrade costs.,Multiplicative
,great_project_upgrade_time,none,EU4 great project time - no EU5 equivalent,,,,,Economy,Modifies the time needed to upgrade a great project.,Multiplicative
,free_concentrate_development,none,EU4 free develop concentration - no EU5 equivalent,,,,,Economy,Allows a country to concentrate development without the cost.,Constant
,expand_infrastructure_cost_modifier,none,EU4 expand infrastructure - no EU5 equivalent,,,,,Economy,Modifies the adm and government reform progress cost for expanding infrastructure.,Multiplicative
,centralize_state_cost,none,EU4 centralize state - no EU5 equivalent,,,,,Economy,Modifies the adm and government reform progress cost for centralizing a state.,Multiplicative
,idea_cost,none,EU4 idea cost - no EU5 equivalent (EU5 removed ideas),,,,,Technology,Modifies the monarch power cost of purchasable ideas.,Multiplicative
,institution_spread_from_true_faith,none,EU4 institution spread from faith - no EU5 equivalent,,,,,Technology,Modifies the rate of spread for institutions in owned provinces following the owner's religion.,Multiplicative
,native_advancement_cost,none,EU4 native advancement - no EU5 equivalent,,,,,Technology,Modifies the monarch power cost of native advancements.,Multiplicative
,all_power_cost,none,EU4 all monarch power cost - no EU5 equivalent (EU5 removed monarch power),,,,,Technology,Modifies the monarch power cost of every action that costs monarch power.,Multiplicative
,innovativeness_gain,none,EU4 innovativeness gain - no EU5 equivalent,,,,,Technology,Modifies the amount of innovativeness gained.,Multiplicative
,yearly_innovativeness,none,EU4 yearly innovativeness - no EU5 equivalent,,,,,Technology,Adds to the yearly rate of innovativeness.,Additive
,possible_policy,none,EU4 all policy slots - no EU5 equivalent,,,,,Technology,Modifies the amount of all policy slots.,Additive
,country_admin_power,none,EU4 monthly admin power - no EU5 equivalent (EU5 removed monarch power),,,,,Technology,Modifies the monthly administrative power a country generates.,Additive
,country_diplomatic_power,none,EU4 monthly dip power - no EU5 equivalent,,,,,Technology,Modifies the monthly diplomatic power a country generates.,Additive
,country_military_power,none,EU4 monthly mil power - no EU5 equivalent,,,,,Technology,Modifies the monthly military power a country generates.,Additive
,yearly_corruption,none,EU4 yearly corruption - no EU5 equivalent,,,,,Court,Adds to the yearly rate of corruption.,Additive
,same_culture_advisor_cost,none,EU4 same culture advisor cost - no EU5 equivalent,,,,,Court,Modifies the advisor cost for advisors that share the same culture as the country's court they're in.,Multiplicative
,advisor_pool,none,EU4 advisor pool size - no EU5 equivalent,,,,,Court,Adds to the pool size for advisors.,Additive
,female_advisor_chance,none,EU4 female advisor chance - no EU5 equivalent,,,,,Court,Modifies the base chance rate for female advisors.,Multiplicative
,heir_chance,none,EU4 heir generation chance - no EU5 equivalent,,,,,Court,Modifies the base chance for an heir during the heir generation tick.,Multiplicative
,monthly_heir_claim_increase,none,EU4 heir claim increase - no EU5 equivalent,,,,,Court,Adds to the monthly change of heir claim.,Additive
,monthly_heir_claim_increase_modifier,none,EU4 heir claim modifier - no EU5 equivalent,,,,,Court,Modifies the monthly change of heir claim.,Multiplicative
,block_introduce_heir,none,EU4 introduce heir block - no EU5 equivalent,,,,,Court,Disallows the country to use the 'Introduce New Heir' interaction.,Constant
,monarch_admin_power,none,EU4 monarch ADM skill - no EU5 equivalent,,,,,Court,"Adds to the base ADM skill a ruler, heir and consort can be generated with. Does not affect rulers created with fixed = yes.",Additive
,monarch_diplomatic_power,none,EU4 monarch DIP skill - no EU5 equivalent,,,,,Court,"Adds to the base DIP skill a ruler, heir and consort can be generated with. Does not affect rulers created with fixed = yes.",Additive
,monarch_military_power,none,EU4 monarch MIL skill - no EU5 equivalent,,,,,Court,"Adds to the base MIL skill a ruler, heir and consort can be generated with. Does not affect rulers created with fixed = yes.",Additive
,monthly_support_heir_gain,none,EU4 elective monarchy heir support - no EU5 equivalent,,,,,Court,Modifies the monthly gain in support for the heir of a country in a country that uses the ‘Elective Monarchy’ mechanics.,Multiplicative
,local_heir_adm,none,EU4 elective heir ADM - no EU5 equivalent,,,,,Court,Adds to the base ADM skill that non-foreign heirs for Elective Monarchy can be generated with.,Additive
,local_heir_dip,none,EU4 elective heir DIP - no EU5 equivalent,,,,,Court,Adds to the base DIP skill that non-foreign heirs for Elective Monarchy can be generated with.,Additive
,local_heir_mil,none,EU4 elective heir MIL - no EU5 equivalent,,,,,Court,Adds to the base MIL skill that non-foreign heirs for Elective Monarchy can be generated with.,Additive
,national_focus_years,none,EU4 national focus cooldown - no EU5 equivalent,,,,,Court,Adds to the cooldown of setting the national focus,Additive
,yearly_absolutism,none,EU4 absolutism - no EU5 equivalent,,,,,Government,Adds to the yearly base rate of absolutism.,Additive
,max_absolutism,none,EU4 max absolutism - no EU5 equivalent,,,,,Government,Adds to the maximum value of absolutism. Internally absolutism bonuses do not scale above 100.,Additive
,max_absolutism_effect,none,EU4 max absolutism effect - no EU5 equivalent,,,,,Government,Modifies the maximum effect of absolutism on modifiers.,Multiplicative
,<government_power_type_id>_gain_modifier,none,EU4 gov power gain - no EU5 equivalent,,,,,Government,Modifies the gain of power from the add_government_power effect for governments with the particular mechanic.,Multiplicative
,yearly_government_power,none,EU4 gov power yearly - no EU5 equivalent,,,,,Government,Adds to the yearly rate of power for governments with mechanics.,Additive
,<faction>_influence,none,EU4 faction influence - no EU5 equivalent,,,,,Government,Adds to the monthly rate of faction influence. Generated automatically for all factions in /Europa Universalis IV/common/factions.,Additive
,candidate_random_bonus,none,EU4 republic candidate bonus - no EU5 equivalent,,,,,Government,Adds to the randomized stats a republican candidate may receive during elections.,Additive
,reelection_cost,none,EU4 reelection cost - no EU5 equivalent,,,,,Government,Modifies the cost in Republican Tradition when re-electing candidates.,Multiplicative
,max_terms,none,EU4 max terms - no EU5 equivalent,,,,,Government,,Additive
,state_governing_cost,none,EU4 state governing cost - no EU5 equivalent,,,,,Government,Modifies the governing capacity usage of states.,Multiplicative
,territories_governing_cost,none,EU4 territories governing cost - no EU5 equivalent,,,,,Government,Modifies the governing capacity usage of territories.,Multiplicative
,state_governing_cost_increase,none,EU4 state gov cost increase - no EU5 equivalent,,,,,Government,Adds to the governing capacity usage of states.,Additive
,expand_administration_cost,none,EU4 expand admin cost - no EU5 equivalent,,,,,Government,Modifies the cost of the ‘Expand Administration’ action.,Multiplicative
,yearly_revolutionary_zeal,none,EU4 revolutionary zeal - no EU5 equivalent,,,,,Government,Adds to the yearly base rate of revolutionary zeal.,Additive
,max_revolutionary_zeal,none,EU4 max revolutionary zeal - no EU5 equivalent,,,,,Government,Adds to the maximum value of revolutionary zeal. Internally revolutionary zeal bonuses do not scale above 100.,Additive
,monthly_reform_progress_modifier,none,EU4 reform progress modifier - no EU5 equivalent,,,,,Government,Changes the rate of government reform progress gain (both from monthly_reform_progress as well as the progress from autonomy).,Multiplicative
,can_revoke_parliament_seats,none,EU4 revoke parliament seats - no EU5 equivalent,,,,,Government,Allows a country to remove seats from a province.,Constant
,parliament_chance_of_decision,none,EU4 parliament decision chance - no EU5 equivalent,,,,,Government,Adds to the chance for the debate to be ended after debate duration.,Multiplicative
,num_of_parliament_issues,none,EU4 parliament issues count - no EU5 equivalent,,,,,Government,Adds to the maximum number of issues a country can pick from.,Additive
,max_possible_parliament_seats,none,EU4 max parliament seats - no EU5 equivalent,,,,,Government,Defines the minimum amount of seats needed,Additive
,<estate>_influence_modifier,none,EU4 estate influence - EU5 uses different estate system,,,,,Estates,Modifies to the influence of the specified estate. These modifiers are defined in /Europa Universalis IV/common/estates_preload.,Multiplicative
,<estate>_loyalty_modifier,none,EU4 estate loyalty - EU5 uses estate satisfaction instead,,,,,Estates,Modifies to the loyalty equilibrium of the specified estate. These modifiers are defined in /Europa Universalis IV/common/estates_preload.,Multiplicative
,<estate>_privilege_slots,none,EU4 estate privilege slots - no EU5 equivalent,,,,,Estates,Adds to the number of possible privilege slots on the specified estate. These modifiers are defined in /Europa Universalis IV/common/estates_preload.,Additive
,all_estate_possible_privileges,none,EU4 all estate privileges - no EU5 equivalent,,,,,Estates,Adds to the number of possible privilege slots on all estates in the country.,Additive
,loyalty_change_on_revoked,none,EU4 revoke loyalty hit - no EU5 equivalent,,,,,Estates,Modifies the estate loyalty hit when a privilege is revoked.,Multiplicative
,estate_interaction_cooldown_modifier,none,EU4 estate interaction cooldown - no EU5 equivalent,,,,,Estates,Modifies the cooldown of the estate interactions like Seizing Land.,Multiplicative
,free_city_imperial_authority,none,EU4 free city IA - no EU5 equivalent,,,,,Holy Roman Empire,Adds to the rate of imperial authority gained per month from Free Cities.,Additive
,max_free_cities,none,EU4 max free cities - no EU5 equivalent,,,,,Holy Roman Empire,Adds to the maximum number of free cities allowed.,Additive
,max_electors,none,EU4 max electors - no EU5 equivalent,,,,,Holy Roman Empire,Adds to the maximum number of electors allowed.,Additive
,legitimate_subject_elector,none,EU4 elector desire - no EU5 equivalent,,,,,Holy Roman Empire,Adds to the elector desire for the current country to become Emperor (if they are a valid choice).,Additive
,manpower_against_imperial_enemies,none,EU4 manpower vs imperial enemies - no EU5 equivalent,,,,,Holy Roman Empire,Adds to the total manpower pool when at war (doesn't matter if you are rivals),Additive
,imperial_reform_catholic_approval,none,EU4 HRE reform approval - no EU5 equivalent,,,,,Holy Roman Empire,"Adds reasons for the country its applied to to vote for a reform of the Holy Roman Empire. This only has an effect on AI members of the HRE. The name of the modifier is confusing, because the modifier has nothing to do with religion at all and is also not a global modifier applied to the Emperor.",Additive
,relation_with_same_culture,none,EU4 relation same culture - no EU5 equivalent,,,,,Culture,Modifiers this countries opinion of countries whose primary culture is the same.,Additive
,relation_with_same_culture_group,none,EU4 relation culture group - no EU5 equivalent,,,,,Culture,Modifies this countries opinion of countries whose primary culture is in the same culture group but do not share the same primary culture.,Additive
,relation_with_accepted_culture,none,EU4 relation accepted culture - no EU5 equivalent,,,,,Culture,Modifies this countries opinion of countries whose primary culture is an accepted culture.,Additive
,relation_with_other_culture,none,EU4 relation other culture - no EU5 equivalent,,,,,Culture,Modifies this countries opinion of countries that are not within the same culture group and whose culture they do not accept.,Additive
,min_autonomy,none,EU4 min autonomy - no EU5 equivalent,,,,,Stability,Sets the minimum autonomy level allowed in all owned provinces.,Constant
,harsh_treatment_cost,none,EU4 harsh treatment - no EU5 equivalent,,,,,Stability,Modifies the military power cost for using harsh treatment.,Multiplicative
,global_rebel_suppression_efficiency,none,EU4 rebel suppression - no EU5 equivalent,,,,,Stability,Modifies the efficiency of unrest reduction by units stationed in provinces or deployed for autonomous rebel suppression.,Multiplicative
,min_autonomy_in_territories,none,EU4 territory autonomy - no EU5 equivalent,,,,,Stability,Modifies the minimum autonomy experienced in territories.,Additive
,unrest_catholic_provinces,none,EU4 Catholic unrest - no EU5 equivalent,,,,,Stability,Modifies the local unrest in all provinces of the catholic religion,Additive
,no_stability_loss_on_monarch_death,none,EU4 no stab loss on death - no EU5 equivalent,,,,,Stability,Removes the stability penalty that occurs when ruler dies.,Constant
,overextension_impact_modifier,none,EU4 overextension - no EU5 equivalent,,,,,Stability,Modifies the impact of conquered provinces in regards to the overextension.,Multiplicative
,vassal_forcelimit_bonus,none,EU4 vassal FL bonus - partially matched via subject types,,,,,Subject,Modifies the bonus to a country's forcelimit from their subjects.,Multiplicative
,vassal_naval_forcelimit_bonus,none,EU4 vassal naval FL - no EU5 equivalent,,,,,Subject,Modifies the bonus to a country's naval forcelimit from their subjects.,Multiplicative
,vassal_manpower_bonus,none,EU4 vassal manpower - no EU5 equivalent,,,,,Subject,Modifies the bonus to a country's manpower from their subjects.,Multiplicative
,vassal_sailors_bonus,none,EU4 vassal sailors - no EU5 equivalent,,,,,Subject,Modifies the bonus to a country's sailors from their subjects.,Multiplicative
,overlord_naval_forcelimit,none,EU4 overlord naval FL - no EU5 equivalent,,,,,Subject,Adds to the bonus to a country's naval forcelimit to their overlord. Applied to the subject.,Additive
,overlord_naval_forcelimit_modifier,none,EU4 overlord naval FL modifier - no EU5 equivalent,,,,,Subject,Modifies the bonus to a country's naval forcelimit to their overlord. Applied to the subject.,Multiplicative
,can_transfer_vassal_wargoal,none,EU4 transfer vassal wargoal - no EU5 equivalent,,,,,Subject,Allows usage of the ‘Transfer Subject’ peace term at half cost.,Constant
,liberty_desire_from_subject_development,none,EU4 liberty from dev - no EU5 equivalent,,,,,Subject,"Modifies the subject liberty desire from development against their overlord (Note: Tooltip is bugged as of 1.29. A modifier of -0.2 shows as ""-0.20%"" when it reduces it by 20%).",Multiplicative
,reduced_liberty_desire_on_same_continent,none,EU4 reduced LD same continent - no EU5 equivalent,,,,,Subject,Adds to the liberty desire subjects have against their overlord if on the same continent. Applied to the overlord.,Additive
,reduced_liberty_desire_on_other_continent,none,EU4 reduced LD other continent - no EU5 equivalent,,,,,Subject,Adds to the liberty desire subjects have against their overlord if on the other continent. Applied to the overlord.,Additive
,colonial_subject_type_upgrade_cost_modifier,none,EU4 colonial upgrade - no EU5 equivalent,,,,,Subject,Modifies the cost of upgrading colonial subject type.,Multiplicative
,chance_to_inherit,none,EU4 PU inheritance chance - no EU5 equivalent,,,,,Subject,Modifies the chance to inherit a personal union when ruler dies.,Multiplicative
,monarch_power_tribute,none,EU4 tributary monarch power - no EU5 equivalent,,,,,Subject,Adds to the yearly monarch power tribute a tributary pays to its overlord.,Additive
,tributary_conversion_cost_modifier,none,EU4 tributary conversion - no EU5 equivalent,,,,,Subject,"Modifies the cost of the mandate that is required to turn a tributary into a vassal, which is unlocked via the final reform of the mandate.",Multiplicative
,claim_duration,none,EU4 claim duration - no EU5 equivalent,,,,,Espionage,Modifies the duration of claims. (not used in vanilla),Multiplicative
,can_chain_claim,none,EU4 chain claim - no EU5 equivalent,,,,,Espionage,Allows to chain claims,Constant
,discovered_relations_impact,none,EU4 discovered espionage relations - no EU5 equivalent,,,,,Espionage,Modifies the relations impact applied to a country when discovered committing an espionage action.,Multiplicative
,rebel_support_efficiency,none,EU4 rebel support - no EU5 equivalent,,,,,Espionage,Modifies the effectiveness of supported rebels in other countries.,Multiplicative
,can_claim_states,none,EU4 claim states - no EU5 equivalent,,,,,Espionage,Allows to fabricate claims on areas instead of provinces.,Constant
,no_claim_cost_increasement,none,EU4 no claim cost increase - no EU5 equivalent,,,,,Espionage,Removes the additional cost for fabricating a claim if a country already have a claim on the target country.,Constant
,spy_action_cost_modifier,none,EU4 spy action cost - no EU5 equivalent,,,,,Espionage,Modifies the spy network costs of all spy actions.,Multiplicative
,may_not_convert_territories,none,EU4 no territory conversion - no EU5 equivalent,,,,,Religion,Forbids a country to convert territory provinces with missionaries.,Constant
,tolerance_of_heretics_capacity,none,EU4 max heretic tolerance - no EU5 equivalent,,,,,Religion,Adds to the maximum tolerance for heretics within a country.,Additive
,tolerance_of_heathens_capacity,none,EU4 max heathen tolerance - no EU5 equivalent,,,,,Religion,Adds to the maximum tolerance for heathens within a country.,Additive
,papal_influence_from_cardinals,none,EU4 papal influence from cardinals - no EU5 equivalent,,,,,Religion,Modifiers the papal influence gain from holding cardinals.,Multiplicative
,church_power_modifier,none,EU4 church power modifier - no EU5 equivalent,,,,,Religion,Modifies the effectiveness of church power gains.,Multiplicative
,monthly_fervor_increase,none,EU4 Reformed fervor - no EU5 equivalent,,,,,Religion,Adds to the rate of fervor gained per month.,Additive
,yearly_patriarch_authority,none,EU4 Orthodox patriarch authority - no EU5 equivalent,,,,,Religion,Adds to the amount of yearly patriarch authority gained.,Additive
,monthly_piety,none,EU4 Muslim piety - no EU5 equivalent (EU5 has monthly_purity but different),,,,,Religion,Adds to the rate of piety gained per month.,Additive
,monthly_piety_accelerator,none,EU4 piety accelerator - no EU5 equivalent,,,,,Religion,Increases the rate of piety gained per month when piety is above zero. Reduces the rate of piety gained per month when piety is below zero.,Additive
,harmonization_speed,none,EU4 Confucian harmonization - no EU5 equivalent (EU5 has monthly_harmony),,,,,Religion,Modifies the rate at which harmonization occurs.,Multiplicative
,monthly_karma_accelerator,none,EU4 karma accelerator - no EU5 equivalent,,,,,Religion,Increases the rate of karma gained per month when karma is above zero. Reduces the rate of karma gained per month when karma is below zero.,Additive
,yearly_authority,none,EU4 Inti authority - no EU5 equivalent,,,,,Religion,Adds to the rate of Inti authority gained per year.,Additive
,enforce_religion_cost,none,EU4 enforce religion cost - no EU5 equivalent,,,,,Religion,Modifies the war score cost for the Enforce Religion peace term.,Multiplicative
,establish_order_cost,none,EU4 establish order - no EU5 equivalent,,,,,Religion,Modifies the cost for using the ‘Establish Order’ action.,Multiplicative
,relation_with_same_religion,none,EU4 relation same religion - no EU5 equivalent,,,,,Religion,Adds to this countries opinion towards other countries with the same religion.,Additive
,relation_with_heretics,none,EU4 relation heretics - no EU5 equivalent,,,,,Religion,Adds to this countries opinion towards other countries with heretic religions.,Additive
,relation_with_heathens,none,EU4 relation heathens - no EU5 equivalent,,,,,Religion,Adds to this countries opinion towards other countries with heathen religions.,Additive
,reverse_relation_with_same_religion,none,EU4 reverse relation same religion - no EU5 equivalent,,,,,Religion,Adds to the opinion of OTHER countries with the same religion towards this country.,Additive
,reverse_relation_with_heretic_religion,none,EU4 reverse relation heretic - no EU5 equivalent,,,,,Religion,Adds to the opinion of OTHER countries with heretic religions towards this country.,Additive
,reverse_relation_with_heathen_religion,none,EU4 reverse relation heathen - no EU5 equivalent,,,,,Religion,Adds to the opinion of OTHER countries with heathen religions towards this country.,Additive
,no_religion_penalty,none,EU4 no religion penalty - no EU5 equivalent,,,,,Religion,Removes the penalties associated with negative religious tolerance.,Constant
,extra_manpower_at_religious_war,none,EU4 religious war manpower - no EU5 equivalent,,,,,Religion,Grants an increase in manpower recovery by a factor of 3 during religious wars.,Constant
,native_uprising_chance,none,EU4 native uprising - no EU5 equivalent,,,,,Colonisation,Adds to the chance of native uprisings in a colony province.,Multiplicative
,migration_cost,none,EU4 primitive migration - no EU5 equivalent,,,,,Colonisation,Modifies the cost for the migration action for primitive nations that can migrate.,Multiplicative
,expel_minorities_cost,none,EU4 expel minorities - no EU5 equivalent,,,,,Colonisation,Modifies the cost of using the ‘Expel Minorities’ action.,Multiplicative
,auto_explore_adjacent_to_colony,none,EU4 auto-explore near colony - no EU5 equivalent,,,,,Colonisation,Grants the abiliy to automatically discover undiscovered provinces adjacent to colonies.,Constant
,may_establish_frontier,none,EU4 Siberian frontier - no EU5 equivalent,,,,,Colonisation,Allows the usage of the Siberian frontier mechanic.,Constant
,free_maintenance_on_expl_conq,none,EU4 free explorer maintenance - no EU5 equivalent,,,,,Colonisation,Removes maintenance cost for explorers and conquisadors.,Constant
,caravan_power,none,EU4 caravan power (inland nodes) - no EU5 equivalent,,,,,Trade,Modifies the bonus trade power inland nodes receive from trade power sources.,Multiplicative
,can_not_send_merchants,none,EU4 merchant send block - no EU5 equivalent,,,,,Trade,Forbids a nations to send merchants to trade nodes,Constant
,placed_merchant_power,none,EU4 placed merchant power - no EU5 equivalent,,,,,Trade,Adds to the additional trade power when a merchant present in a trade node.,Additive
,placed_merchant_power_modifier,none,EU4 placed merchant modifier - no EU5 equivalent,,,,,Trade,Modifies the additional trade power when a merchant present in a trade node.,Multiplicative
,global_foreign_trade_power,none,EU4 foreign trade power - no EU5 equivalent,,,,,Trade,Modifies the trade power for a country in trade nodes that are not domestic.,Multiplicative
,embargo_efficiency,none,EU4 embargo efficiency - no EU5 equivalent,,,,,Trade,Modifies the effectiveness of embargoing another country.,Multiplicative
,center_of_trade_upgrade_cost,none,EU4 CoT upgrade cost - no EU5 equivalent,,,,,Trade,Modifies the cost of upgrading a center of trade in a province.,Multiplicative
,trade_company_investment_cost,none,EU4 TC investment - no EU5 equivalent,,,,,Trade,Modifies the cost of purchasing a trade company investment in a state.,Multiplicative
,mercantilism_cost,none,EU4 mercantilism - no EU5 equivalent,,,,,Trade,Modifies the cost of the ‘Boost Mercantilism’ action.,Multiplicative
,reduced_trade_penalty_on_non_main_tradenode,none,EU4 non-main node trade - no EU5 equivalent,,,,,Trade,Modifies the trade power penalty from collecting in your non-main trade nodes.,Multiplicative
