eu5_modifier,eu4_matches,confidence,notes
absorb_institutions_cost_modifier,embracement_cost,high,Both modify the cost of embracing/absorbing institutions
accept_subjugation_reasons,accept_vassalization_reasons,high,Direct equivalent - reasons to accept becoming a subject
activate_avatar_cost_modifier,,none,EU5-specific avatar mechanic with no EU4 equivalent
add_accepted_culture_cost_modifier,promote_culture_cost,medium,Related cultural action but EU4 promotes culture rather than adds accepted
add_location_to_international_organization_cost_modifier,,none,EU5-specific international organization mechanic
add_religious_aspect_christian_cost_modifier,,none,EU5-specific religious aspect system
add_religious_aspect_hellenism_cost_modifier,,none,EU5-specific religious aspect system
add_religious_aspect_inti_cost_modifier,,none,EU5-specific religious aspect system
add_tolerated_culture_cost_modifier,,none,EU5-specific tolerated culture concept
aggressiveness_modifier,ae_impact,high,Both modify aggressive expansion generated
aid_colonial_war_cost_modifier,,none,EU5-specific colonial war aid action
allelengyon_bureaucracy_impact_modifier,,none,EU5-specific Byzantine bureaucracy mechanic
allow_assembly_parliament,,none,EU5-specific parliament type
allow_autocratic_parliament,,none,EU5-specific parliament type
allow_bureaucracy,,none,EU5-specific bureaucracy system
allow_cabinet_assimilate_area,,none,EU5-specific cabinet action
allow_cabinet_diplomatic_corps,,none,EU5-specific cabinet action
allow_cabinet_naval_focus,,none,EU5-specific cabinet action
allow_cabinet_reduced_paperwork,,none,EU5-specific cabinet action
allow_cabinet_soldiers_as_workforce,,none,EU5-specific cabinet action
allow_conquistadors,may_explore,high,EU4 may_explore covers both explorers and conquistadors
allow_constitutional_parliament,,none,EU5-specific parliament type
allow_council_parliament,,none,EU5-specific parliament type
allow_diplomacy_force_change_court_language,,none,EU5-specific diplomatic action
allow_diplomacy_force_divert_trade,,none,EU5-specific diplomatic action
allow_diplomacy_force_embargo,,none,EU5-specific diplomatic action
allow_diplomacy_influence_nation,,none,EU5-specific diplomatic action
allow_diplomacy_violate_sovereignty,,none,EU5-specific diplomatic action
allow_estate_parliament,,none,EU5-specific parliament type combining estates
allow_extensive_conscription_cabinet_action,,none,EU5-specific cabinet action
allow_female_cabinet,,none,EU5-specific cabinet gender rule
allow_female_leader,may_recruit_female_generals,high,Direct equivalent - allows female military commanders
allow_harmony,,none,EU5-specific harmony toggle (EU4 harmony exists but no allow modifier)
allow_landfriede,,none,EU5-specific HRE Landfriede mechanic
allow_male_cabinet,,none,EU5-specific cabinet gender rule
allow_male_leader,,none,EU5-specific gender rule for commanders
allow_mercenary_drill,allow_mercenary_drill,high,Direct equivalent - enables mercenary drilling
allow_mysticism_vs_jurisprudence,,none,EU5-specific religious school mechanic
allow_native_subjugation_cb,cb_on_primitives,high,Both grant CB against natives/primitives
allow_open_sea_exploration,may_explore,medium,Related exploration permission but EU5 specifies open sea
allow_paik_levies,,none,EU5-specific Indian levy type
allow_privateers_slave_raid,may_perform_slave_raid,medium,Related slave raid mechanic via privateers
allow_rgo_slave_demand,,none,EU5-specific pop/RGO system
allow_righteousness,,none,EU5-specific religious mechanic
allow_roman_movement,,none,EU5-specific Latin/Roman revival mechanic
allow_safe_refuge_cost_modifier,,none,EU5-specific diplomatic action
allow_self_control,,none,EU5-specific mechanic
allow_slave_conversion,,none,EU5-specific pop mechanic
allow_smartism_gods,,none,EU5-specific religious system
allow_subjects,allow_client_states,medium,Related - EU4 allow_client_states is narrower subset of subjects
allow_thema_headquarters,,none,EU5-specific Byzantine mechanic
allow_tributary_subject,,none,EU5-specific (EU4 tributaries handled differently)
allow_tribute_in_silver,,none,EU5-specific tribute mechanic
allowed_alliance,,none,EU5-specific diplomatic permission flag
allowed_enforce_peace,,none,EU5-specific diplomatic permission flag
allowed_guarantee,,none,EU5-specific diplomatic permission flag
allowed_intervene_in_war,,none,EU5-specific diplomatic permission flag
allowed_support_rebels,,none,EU5-specific diplomatic permission flag
allowed_threaten_war,,none,EU5-specific diplomatic permission flag
allows_hanseatic_federation_buildings,,none,EU5-specific Hanseatic mechanic
always_allow_army_levies,,none,EU5-specific levy system
always_allow_levies,,none,EU5-specific levy system
always_allow_navy_levies,,none,EU5-specific levy system
amount_looted_modifier,loot_amount,high,Both modify amount of loot taken
amount_looted_modifier,available_province_loot,medium,Related loot mechanic on the province side
annexation_speed_base,years_to_integrate_personal_union,medium,Related to annexation/integration speed but EU4 is PU-specific
annexation_speed_modifier,global_integration_speed_modifier,high,Both modify integration/annexation speed
antagonism_breaking_truce_giving_modifier,,none,EU5-specific antagonism mechanic
antagonism_culture_influence,,none,EU5-specific antagonism mechanic
antagonism_government_type_influence,,none,EU5-specific antagonism mechanic
antagonism_language_influence,,none,EU5-specific antagonism mechanic
antagonism_monthly_change_modifier,,none,EU5-specific antagonism mechanic
antagonism_peace_treaty_demands_giving_modifier,,none,EU5-specific antagonism mechanic
antagonism_received_modifier,,none,EU5-specific antagonism mechanic
antagonism_religion_influence,,none,EU5-specific antagonism mechanic
antagonism_revolution_influence,,none,EU5-specific antagonism mechanic
antagonism_societal_value_influence,,none,EU5-specific antagonism mechanic
antagonism_taking_land_giving_modifier,,none,EU5-specific antagonism mechanic
anti_piracy_warfare_modifier,,none,EU5-specific anti-piracy warfare bonus
any_pop_can_be_slave,,none,EU5-specific pop mechanic
appanage_prevented_from_call_to_war,,none,EU5-specific appanage subject type
appease_nobles_estate_from_shogun_court_cost_modifier,,none,EU5-specific shogun court action
appoint_as_heir_price_cost_modifier,,none,EU5-specific character action
aqueduct_system_max_level,,none,EU5-specific building system
army_artillery_build_cost_modifier,artillery_cost,high,Both modify artillery construction cost
army_artillery_maintenance_cost_modifier,land_maintenance_modifier,medium,EU4 covers all land maintenance not just artillery
army_artillery_power,artillery_power,high,Both modify artillery power from pips
army_artillery_power,artillery_fire,high,EU5 combines artillery combat power - includes fire damage
army_artillery_power,artillery_shock,high,EU5 combines artillery combat power - includes shock damage
army_artillery_reinforce_cost_modifier,reinforce_cost_modifier,medium,EU4 covers all reinforcement not just artillery
army_auxiliary_build_cost_modifier,,none,EU5-specific auxiliary unit type
army_auxiliary_maintenance_cost_modifier,,none,EU5-specific auxiliary unit type
army_auxiliary_power,,none,EU5-specific auxiliary unit type
army_auxiliary_reinforce_cost_modifier,,none,EU5-specific auxiliary unit type
army_disembark_speed,regiment_disembark_speed,high,Direct equivalent - army disembark speed from ships
army_food_gathering,,none,EU5-specific food/supply system
army_food_gathering_modifier,,none,EU5-specific food/supply system
army_heavy_cavalry_build_cost_modifier,cavalry_cost,high,EU5 splits cavalry - both apply to heavy cavalry cost
army_heavy_cavalry_maintenance_cost_modifier,land_maintenance_modifier,medium,EU4 covers all land maintenance not just cavalry
army_heavy_cavalry_power,cavalry_power,high,EU5 splits cavalry - both modify heavy cavalry power
army_heavy_cavalry_power,cavalry_fire,high,EU5 combines heavy cavalry combat - includes fire damage
army_heavy_cavalry_power,cavalry_shock,high,EU5 combines heavy cavalry combat - includes shock damage
army_heavy_cavalry_reinforce_cost_modifier,reinforce_cost_modifier,medium,EU4 covers all reinforcement not just cavalry
army_heavy_infantry_build_cost_modifier,infantry_cost,high,EU5 splits infantry - both apply to heavy infantry cost
eu5_modifier,eu4_matches,confidence,notes
army_heavy_infantry_maintenance_cost_modifier,land_maintenance_modifier,medium,EU4 covers all land maintenance not just infantry
army_heavy_infantry_power,infantry_power,high,EU5 splits infantry - both modify heavy infantry power from pips
army_heavy_infantry_power,infantry_fire,high,EU5 combines heavy infantry combat - includes fire damage
army_heavy_infantry_power,infantry_shock,high,EU5 combines heavy infantry combat - includes shock damage
army_heavy_infantry_reinforce_cost_modifier,reinforce_cost_modifier,medium,EU4 covers all reinforcement not just infantry
army_initiative,,none,EU5-specific initiative mechanic
army_light_cavalry_build_cost_modifier,cavalry_cost,high,EU5 splits cavalry - both apply to light cavalry cost
army_light_cavalry_maintenance_cost_modifier,land_maintenance_modifier,medium,EU4 covers all land maintenance not just cavalry
army_light_cavalry_power,cavalry_power,high,EU5 splits cavalry - both modify light cavalry power
army_light_cavalry_power,cavalry_flanking,medium,Light cavalry associated with flanking ability in EU4
army_light_cavalry_reinforce_cost_modifier,reinforce_cost_modifier,medium,EU4 covers all reinforcement not just cavalry
army_light_infantry_build_cost_modifier,infantry_cost,high,EU5 splits infantry - both apply to light infantry cost
army_light_infantry_maintenance_cost_modifier,land_maintenance_modifier,medium,EU4 covers all land maintenance not just infantry
army_light_infantry_power,infantry_power,high,EU5 splits infantry - both modify light infantry power
army_light_infantry_power,infantry_fire,high,EU5 combines light infantry combat - includes fire damage
army_light_infantry_power,infantry_shock,high,EU5 combines light infantry combat - includes shock damage
army_light_infantry_reinforce_cost_modifier,reinforce_cost_modifier,medium,EU4 covers all reinforcement not just infantry
army_logistics_distance,,none,EU5-specific logistics/supply system
army_logistics_distance_modifier,,none,EU5-specific logistics/supply system
army_losses_in_war_cost_modifier,,none,EU5-specific war cost tracking
army_maintenance_efficiency,land_maintenance_modifier,high,Both modify effective land maintenance costs
army_movement_speed,movement_speed,high,Direct equivalent - land unit movement speed
army_reinforce_cost,reinforce_cost_modifier,high,Direct equivalent - reinforcement cost
army_tradition_decay,army_tradition_decay,high,Direct equivalent - army tradition decay rate
army_tradition_from_battle,army_tradition_from_battle,high,Direct equivalent - army tradition gained from battle
army_weight_modifier,,none,EU5-specific army weight/supply mechanic
artillery_bonus_vs_fort,artillery_levels_available_vs_fort,medium,Related artillery-vs-fort bonus but different implementation
artillery_bonus_vs_fort,artillery_level_modifier,medium,Related artillery contribution to sieges
artist_salary_modifier,,none,EU5-specific artist/culture system
assault_ability,assault_fort_ability,high,Direct equivalent - fort assault effectiveness
assault_ability,assault_fort_cost_modifier,medium,Related assault mechanic but on cost side
assign_despot_price_cost_modifier,,none,EU5-specific Byzantine mechanic
atoll_proximity_impact,,none,EU5-specific proximity/geography system
attract_condottieri_price_cost_modifier,possible_condottieri,medium,Related condottieri mechanic but different aspect (cost vs limit)
auto_conquer_at_war,,none,EU5-specific auto-conquer flag
auto_conquer_different_religion_at_war,,none,EU5-specific auto-conquer flag
auto_slave_raid,,none,EU5-specific auto-raid flag
auto_slave_raid_different_religion,,none,EU5-specific auto-raid flag
bank_interest,interest,high,Direct equivalent - loan interest rate
baptize_ruler_from_kirishitan_cost_modifier,,none,EU5-specific Japanese Kirishitan action
become_shogun_from_imperial_court_cost_modifier,,none,EU5-specific shogunate mechanic
blame_the_minorities_cost_modifier,,none,EU5-specific plague/disaster action
blind_character_price_cost_modifier,,none,EU5-specific character action
block_female_cabinet,,none,EU5-specific cabinet gender rule
block_female_leader,,none,EU5-specific gender rule for commanders
block_male_cabinet,,none,EU5-specific cabinet gender rule
block_male_leader,,none,EU5-specific gender rule for commanders
block_tribal_promotion,,none,EU5-specific pop/tribal mechanic
blockade_efficiency,blockade_efficiency,high,Direct equivalent - blockade effectiveness
blocked_from_changing_heir_selection,,none,EU5-specific heir mechanic
blocked_from_conversion,can_not_build_missionaries,medium,Both block religious conversion but via different mechanism
blocked_from_creating_subjects,,none,EU5-specific subject creation block
blocked_from_declaring_war,can_not_declare_war,high,Direct equivalent - forbids declaring wars
blocked_from_forming_countries,,none,EU5-specific country formation block
blocked_from_peace,,none,EU5-specific peace treaty block
blocks_country_formation,,none,EU5-specific country formation block
bribe_units_cost_modifier,,none,EU5-specific unit bribing action
bribe_voter_for_policy_cost_modifier,,none,EU5-specific international organization action
build_gravel_road_cost_modifier,,none,EU5-specific road system
build_hippodrome_price_cost_modifier,,none,EU5-specific Byzantine building action
build_modern_road_cost_modifier,,none,EU5-specific road system
build_paved_road_cost_modifier,,none,EU5-specific road system
build_railroad_cost_modifier,,none,EU5-specific railroad system
building_missionary_effort_modifier,global_missionary_strength,medium,Related missionary effectiveness but EU5 specifically from buildings
building_upkeep_costs,,none,EU5-specific building upkeep concept
burghers_estate_agenda_impact,,none,EU5-specific estate agenda system
burghers_estate_levy_size,,none,EU5-specific estate levy system
burghers_estate_max_tax,,none,EU5-specific estate tax range
burghers_estate_min_tax,,none,EU5-specific estate tax range
burghers_estate_satisfaction_decay,,none,EU5-specific estate satisfaction system
burghers_estate_satisfaction_recovery,,none,EU5-specific estate satisfaction system
burghers_estate_target_satisfaction,,none,EU5-specific estate satisfaction equilibrium
buy_fleet_basing_rights_cost_modifier,,none,EU5-specific diplomatic action
buy_military_access_cost_modifier,,none,EU5-specific diplomatic action
call_jihad_cost_modifier,,none,EU5-specific religious action
can_assign_governors,,none,EU5-specific governorship system
can_assume_fort_command,,none,EU5-specific fort command mechanic
can_banish_characters,,none,EU5-specific character action
can_be_member_of_a_high_kingship,,none,EU5-specific kingship system
can_be_target_of_anti_piracy_cb,,none,EU5-specific anti-piracy CB
can_build_cities,,none,EU5-specific city building mechanic
can_build_kurmina_headquarter,,none,EU5-specific African mechanic
can_build_mamluk_barracks,,none,EU5-specific Mamluk building
can_call_rural_parliaments,,none,EU5-specific parliament type
can_colonize,can_not_build_colonies,high,Inverse but same concept - permission to colonize
can_convert_galleys_to_light,,none,EU5-specific ship conversion
can_create_anti_piracy_cb,,none,EU5-specific anti-piracy CB
can_create_red_turban_rebellions_cb,,none,EU5-specific Chinese CB
can_execute_characters,,none,EU5-specific character execution
can_grant_town_rights,,none,EU5-specific urban rights system
can_have_monasteries,,none,EU5-specific monastery permission
can_hire_privateers,,none,EU5-specific privateer hiring flag
can_host_olympiads,,none,EU5-specific Olympiad mechanic
can_ignore_papal_bulls,,none,EU5-specific papal bull mechanic
can_invite_settlers,,none,EU5-specific settler system
can_marry_only_overlord_dynasty_characters,,none,EU5-specific marriage restriction
can_promote_mamluks,,none,EU5-specific Mamluk pop promotion
can_reassign_cleric,,none,EU5-specific character/cleric mechanic
can_recruit_explorer,may_explore,high,EU4 may_explore covers explorer recruitment
can_revoke_electorship,,none,EU5-specific HRE mechanic
can_send_royal_inspectors,,none,EU5-specific inspector mechanic
can_use_aclla_distribution,,none,EU5-specific Inca marriage system
can_use_council_of_three_lands_modifier,,none,EU5-specific Jewish council mechanic
can_use_nustas_marriages,,none,EU5-specific Inca marriage
cannot_be_subjugated,,none,EU5-specific subjugation immunity
cannot_move_capital,,none,EU5-specific capital movement block
canonize_cost_modifier,,none,EU5-specific canonization action
capital_movement_cost_modifier,move_capital_cost_modifier,high,Direct equivalent - cost to move capital
capital_possible_town_rights,,none,EU5-specific urban rights system
cardinal_price_cost_modifier,appoint_cardinal_cost,high,Direct equivalent - cost to appoint cardinal
eu5_modifier,eu4_matches,confidence,notes
care_about_producing_heirs,,none,EU5-specific royal marriage/heir mechanic
carefulness_modifier,,none,EU5-specific AI behavior modifier
castrate_character_price_cost_modifier,,none,EU5-specific character action
casus_belli_creation_speed,,none,EU5-specific CB creation speed
casus_belli_creation_speed_modifier,fabricate_claims_cost,medium,Related CB fabrication but EU4 is cost-based
casus_belli_creation_speed_modifier,justify_trade_conflict_cost,low,Related trade CB justification
catholic_country_interaction_cost_modifier,,none,EU5-specific Catholic diplomatic mechanic
chancery_cap_level,,none,EU5-specific building max level
change_court_language_cost_modifier,,none,EU5-specific court language mechanic
change_curia_vote_cost_modifier,curia_powers_cost,high,Both modify curia action costs
change_employment_system_cost_modifier,,none,EU5-specific employment system
change_government_type_price_cost_modifier,,none,EU5-specific government change cost
change_heir_selection_cost_modifier,,none,EU5-specific heir selection mechanic
change_liturgical_language_cost_modifier,,none,EU5-specific religious language
change_main_school_cost_modifier,change_main_school_cost_modifier,high,Direct name match - religious school change (EU4 has similar concept)
change_organization_parliament_type_cost_modifier,,none,EU5-specific international organization
change_parliament_type_cost_modifier,,none,EU5-specific parliament change
change_policy_cost_modifier,,none,EU5-specific policy change action
change_primary_culture_cost_modifier,promote_culture_cost,medium,Related culture change action
change_religious_aspect_hellenism_cost_modifier,,none,EU5-specific religious aspect
change_religious_aspect_inti_cost_modifier,,none,EU5-specific religious aspect
character_on_task_modifier,,none,EU5-specific character task system
christian_tenet_price_cost_modifier,,none,EU5-specific religious tenet system
city_upgrade_cost_modifier,,none,EU5-specific city upgrade mechanic
claim_shugo_office_cost_modifier,,none,EU5-specific Japanese office mechanic
cleansing_ritual_purity_cost_modifier,,none,EU5-specific religious action
cleansing_ritual_yanantin_cost_modifier,,none,EU5-specific religious action
clergy_estate_agenda_impact,,none,EU5-specific estate agenda system
clergy_estate_levy_size,,none,EU5-specific estate levy
clergy_estate_max_tax,,none,EU5-specific estate tax range
clergy_estate_min_tax,,none,EU5-specific estate tax range
clergy_estate_satisfaction_decay,,none,EU5-specific estate satisfaction
clergy_estate_satisfaction_recovery,,none,EU5-specific estate satisfaction
clergy_estate_target_satisfaction,,none,EU5-specific estate satisfaction equilibrium
close_the_borders_cost_modifier,,none,EU5-specific isolation action
coalition_strength_tolerance,,none,EU5-specific AI coalition mechanic
coastal_ocean_proximity_impact,,none,EU5-specific proximity system
colonial_maintenance_cost,,none,EU5-specific colonial upkeep
colonial_migration_size,global_colonial_growth,high,Both add to base colonial growth
colonial_migration_size_modifier,global_colonial_growth,high,Both modify colonial growth
colonial_migration_size_modifier,colonist_placement_chance,medium,Related to additional settler generation
colonial_range,range,high,Direct equivalent - colonial/exploration range
colonial_range_modifier,range,high,Direct equivalent - colonial range modifier
combat_speed_modifier,,none,EU5-specific battle pacing
combined_arms_max_threshold,,none,EU5-specific combined arms mechanic
combined_arms_min_percent_for_bonus,,none,EU5-specific combined arms mechanic
combined_bonus_per_type,,none,EU5-specific combined arms bonus
commission_art_price_cost_modifier,,none,EU5-specific artist/culture action
commission_religious_images_cost_modifier,,none,EU5-specific religious action
complacent_decline_actions_price_cost_modifier,,none,EU5-specific disaster action
compose_strategikon_price_cost_modifier,,none,EU5-specific Byzantine action
conduct_keju_examination_cost_modifier,,none,EU5-specific Chinese examination system
construction_center_max_level,,none,EU5-specific building max level
contact_patriarch_of_constantinople_cost_modifier,,none,EU5-specific Orthodox action
control_importance_modifier,,none,EU5-specific AI importance modifier
control_the_bhres_price_cost_modifier,,none,EU5-specific event action
control_the_food_market_cost_modifier,,none,EU5-specific food system action
convert_religion_cost_modifier,,none,EU5-specific religion conversion action
correct_box_chance,,none,EU5-specific battle/tactic mechanic
corrupt_officials_monthly_cost_cost_modifier,,none,EU5-specific corruption action
cossacks_estate_agenda_impact,,none,EU5-specific estate agenda
cossacks_estate_levy_size,,none,EU5-specific estate levy
cossacks_estate_max_tax,,none,EU5-specific estate tax range
cossacks_estate_min_tax,,none,EU5-specific estate tax range
cossacks_estate_satisfaction_decay,,none,EU5-specific estate satisfaction
cossacks_estate_satisfaction_recovery,,none,EU5-specific estate satisfaction
cossacks_estate_target_satisfaction,,none,EU5-specific estate satisfaction equilibrium
counter_espionage,global_spy_defence,high,Both modify counter-espionage effectiveness
country_allow_canonization,,none,EU5-specific canonization permission
country_bans_saffron_shirts,,none,EU5-specific religious dress rule
country_cabinet_efficiency,,none,EU5-specific cabinet system
country_can_use_lordship_of_ireland_cb,,none,EU5-specific Irish CB
country_celtic_marriage_banned,,none,EU5-specific marriage restriction
country_child_education,,none,EU5-specific character education system
country_marriage_banned,,none,EU5-specific marriage restriction
coup_attempt_disaster_actions_price_cost_modifier,,none,EU5-specific disaster action
court_eunuchs_bureaucracy_impact_modifier,,none,EU5-specific Chinese bureaucracy
court_language_is_common_language_importance_modifier,,none,EU5-specific court language AI
court_language_is_liturgical_language_importance_modifier,,none,EU5-specific court language AI
court_language_is_market_language_importance_modifier,,none,EU5-specific court language AI
court_spending_cost_modifier,,none,EU5-specific court expenses
crackdown_their_strongholds_cost_modifier,,none,EU5-specific action
create_autocephalous_patriarchate_cost_modifier,,none,EU5-specific Orthodox action
create_colonial_charter_cost_modifier,,none,EU5-specific colonial charter
create_italian_league_price_cost_modifier,,none,EU5-specific Italian League action
create_market_cost_modifier,,none,EU5-specific market system
create_supply_depot_cost_modifier,may_build_supply_depot,medium,Related supply depot mechanic (EU4 is permission flag)
crown_estate_agenda_impact,,none,EU5-specific estate agenda
crown_estate_levy_size,,none,EU5-specific estate levy
crown_estate_max_tax,,none,EU5-specific estate tax range
crown_estate_min_tax,,none,EU5-specific estate tax range
crown_estate_satisfaction_decay,,none,EU5-specific estate satisfaction
crown_estate_satisfaction_recovery,,none,EU5-specific estate satisfaction
crown_estate_target_satisfaction,,none,EU5-specific estate satisfaction equilibrium
crown_power_from_population,,none,EU5-specific population-based mechanic
cultural_influence,,none,EU5-specific cultural influence resource
cultural_influence_modifier,,none,EU5-specific cultural influence resource
cultural_tradition,,none,EU5-specific cultural tradition resource
cultural_tradition_modifier,,none,EU5-specific cultural tradition resource
cultures_capacity,num_accepted_cultures,high,Both add to max number of accepted cultures
cultures_capacity_modifier,num_accepted_cultures,medium,Related but modifier form
curia_actions_blocked,,none,EU5-specific curia block flag
damage_done_versus_heathens_modifier,,none,EU5-specific religious damage bonus
damage_done_versus_heretics_modifier,,none,EU5-specific religious damage bonus
deactivate_avatar_cost_modifier,,none,EU5-specific avatar mechanic
declaring_war_cost_modifier,stability_cost_to_declare_war,medium,Related war declaration cost (EU4 uses stability)
deep_ocean_proximity_impact,,none,EU5-specific proximity system
defence_importance_modifier,,none,EU5-specific AI importance modifier
demand_church_tax_price_cost_modifier,,none,EU5-specific Catholic action
eu5_modifier,eu4_matches,confidence,notes
demand_extra_payment_from_shogun_court_cost_modifier,,none,EU5-specific shogun court action
deselect_expensive_child_education_cost_modifier,,none,EU5-specific education mechanic
deselect_orthodox_education_cost_modifier,,none,EU5-specific Orthodox education
destroy_market_cost_modifier,,none,EU5-specific market system
dhimmi_estate_agenda_impact,,none,EU5-specific estate agenda
dhimmi_estate_levy_size,,none,EU5-specific estate levy
dhimmi_estate_max_tax,,none,EU5-specific estate tax range
dhimmi_estate_min_tax,,none,EU5-specific estate tax range
dhimmi_estate_satisfaction_decay,,none,EU5-specific estate satisfaction
dhimmi_estate_satisfaction_recovery,,none,EU5-specific estate satisfaction
dhimmi_estate_target_satisfaction,,none,EU5-specific estate satisfaction equilibrium
diplomacy_importance_modifier,,none,EU5-specific AI importance modifier
diplomatic_annexation_cost,diplomatic_annexation_cost,high,Direct equivalent - diplomatic annexation cost
diplomatic_capacity,diplomatic_upkeep,high,Both add to max diplomatic relations
diplomatic_capacity_modifier,diplomatic_upkeep,medium,Related diplomatic capacity but modifier form
diplomatic_range,,none,EU5-specific diplomatic range (EU4 has no such modifier)
diplomatic_range_modifier,,none,EU5-specific diplomatic range
diplomatic_reputation,diplomatic_reputation,high,Direct equivalent - diplomatic reputation
diplomatic_spending_cost,,none,EU5-specific diplomatic budget
diplomatic_upkeep_modifier,diplomatic_upkeep,medium,Related to diplomatic relations upkeep
disallow_diplomatic_subjugation,,none,EU5-specific subjugation permission
disallow_migration_beyond_borders,,none,EU5-specific migration mechanic
disallow_military_subjugation,,none,EU5-specific subjugation permission
disallows_female_rulers,,none,EU5-specific gender rule
discard_worldly_possessions_cost_modifier,,none,EU5-specific religious action
discipline,discipline,high,Direct equivalent - military discipline
disfavor_sect_cost_modifier,,none,EU5-specific religious sect action
dismiss_privateer_cost_modifier,,none,EU5-specific privateer action
dismiss_religious_figure_cost_modifier,,none,EU5-specific religious figure action
dune_wasteland_proximity_impact,,none,EU5-specific proximity system
election_term_in_months,election_cycle,high,Both modify duration of election cycles
embrace_institution_cost_modifier,embracement_cost,high,Direct equivalent - cost to embrace institution
empty_unit_maintenance_cost_modifier,,none,EU5-specific (marked unused in file)
enable_black_market_buildings,,none,EU5-specific black market buildings
enable_doom,,none,EU5-specific doom mechanic toggle
enable_pest_house,,none,EU5-specific plague building
enable_pronoia_subject,,none,EU5-specific Byzantine subject type
enable_taxation,,none,EU5-specific taxation toggle
enables_german_migration,,none,EU5-specific German migration events
enemy_army_losses_in_war_cost_modifier,,none,EU5-specific war cost tracking
ennoble_price_cost_modifier,,none,EU5-specific ennoblement action
enslave_tribals,,none,EU5-specific pop/tribal mechanic
establish_goods_act_cost_modifier,,none,EU5-specific goods act mechanic
establish_treaty_with_kirishitan_cost_modifier,,none,EU5-specific Kirishitan treaty
estate_building_destruction_satisfaction_impact,,none,EU5-specific estate building system
estate_enrichment,,none,EU5-specific estate mechanic
estate_power_from_cabinet,,none,EU5-specific cabinet-estate interaction
estate_power_from_command,,none,EU5-specific estate command mechanic
estate_satisfaction_from_building,,none,EU5-specific estate building satisfaction
eunuch_power,,none,EU5-specific Chinese eunuch mechanic
examine_our_fortifications_price_cost_modifier,,none,EU5-specific fortification action
excluded_from_imperial_protection,,none,EU5-specific HRE mechanic
excluded_from_paying_imperial_contribution,,none,EU5-specific HRE tribute
excluded_from_paying_tithe,,none,EU5-specific religious tithe
excommunication_price_cost_modifier,,none,EU5-specific excommunication cost
exempt_from_tribute_cost_modifier,,none,EU5-specific tribute exemption
expand_aqueduct_system_cost_modifier,,none,EU5-specific aqueduct action
expand_rgo_farming_cost_modifier,,none,EU5-specific RGO/pop system
expand_rgo_forestry_cost_modifier,,none,EU5-specific RGO/pop system
expand_rgo_gathering_cost_modifier,,none,EU5-specific RGO/pop system
expand_rgo_hunting_cost_modifier,,none,EU5-specific RGO/pop system
expand_rgo_mining_cost_modifier,,none,EU5-specific RGO/pop system
expected_army_size,,none,EU5-specific AI expected army size
expected_army_size_modifier,,none,EU5-specific AI expected army size
expected_navy_size,,none,EU5-specific AI expected navy size
expected_navy_size_modifier,,none,EU5-specific AI expected navy size
expected_warscore_modifier,,none,EU5-specific AI warscore expectation
expel_tribals,,none,EU5-specific pop/tribal mechanic
expensive_estate_building_cost_modifier,,none,EU5-specific estate building cost
experience_decay,,none,EU5-specific unit experience system
exploration_maintenance_cost,,none,EU5-specific exploration cost
exploration_mission_speed,,none,EU5-specific exploration mission progress
exploration_mission_speed_modifier,,none,EU5-specific exploration mission progress
exploration_preparation_time_modifier,,none,EU5-specific exploration prep time
export_efficiency,,none,EU5-specific trade export mechanic
export_impact_on_demand,,none,EU5-specific trade export mechanic
extend_regency_cost_modifier,,none,EU5-specific regency action
fate_of_phoenix_actions_price_cost_modifier,,none,EU5-specific event action
favor_buddhist_schools_from_religious_sects_cost_modifier,,none,EU5-specific Buddhist action
favor_god_cost_modifier,,none,EU5-specific religious action
favor_kami_worship_from_religious_sects_cost_modifier,,none,EU5-specific Shinto action
favoring_buddhism,,none,EU5-specific Buddhist sect toggle
female_spouses,,none,EU5-specific polygamy mechanic
flatland_proximity_impact,,none,EU5-specific proximity system
flatland_wasteland_proximity_impact,,none,EU5-specific proximity system
food_consumption_modifier,,none,EU5-specific food/supply system
food_purchase_cost,,none,EU5-specific food purchase mechanic
forbid_marrying_lowborn,,none,EU5-specific marriage restriction
force_army_maintenance,,none,EU5-specific army maintenance floor
force_convert_created_subjects,,none,EU5-specific subject creation option
foreign_export_from_market_cost_modifier,,none,EU5-specific trade export cost
fort_limit,,none,EU5-specific fort limit concept
fort_limit_modifier,,none,EU5-specific fort limit modifier
fort_maintenance_cost,fort_maintenance_modifier,high,Direct equivalent - fort maintenance cost
free_building_cost_modifier,build_cost,medium,Related building cost but EU5 specifies free/subsidized
gender_equality,,none,EU5-specific gender equality flag
german_migration_attraction_modifier,,none,EU5-specific German migration
get_claim_from_imperial_court_cost_modifier,,none,EU5-specific imperial court action
get_marriage_from_imperial_court_cost_modifier,,none,EU5-specific imperial court action
give_colony_rebellion_support_cost_modifier,,none,EU5-specific colony rebellion action
give_colony_representation_cost_modifier,,none,EU5-specific colony representation
global_army_levy_size_modifier,,none,EU5-specific levy system
global_build_buildings_cost,build_cost,high,Both modify all building costs
global_bureaucracy_entrenchment_speed_modifier,,none,EU5-specific bureaucracy system
eu5_modifier,eu4_matches,confidence,notes
global_bureaucracy_implementation_cost_modifier,,none,EU5-specific bureaucracy system
global_bureaucracy_maintenance_cost_modifier,,none,EU5-specific bureaucracy system
global_bureaucracy_removal_cost_modifier,,none,EU5-specific bureaucracy system
global_burghers_assimilation_blocked,,none,EU5-specific pop assimilation
global_burghers_city_desired_pop,,none,EU5-specific pop capacity
global_burghers_city_desired_pop_scaled,,none,EU5-specific pop capacity
global_burghers_conversion_blocked,,none,EU5-specific pop conversion
global_burghers_desired_pop,,none,EU5-specific pop capacity
global_burghers_desired_pop_scaled,,none,EU5-specific pop capacity
global_burghers_estate_power,,none,EU5-specific estate power
global_burghers_food_consumption,,none,EU5-specific food system
global_burghers_max_literacy,,none,EU5-specific literacy system
global_burghers_migration_allowed,,none,EU5-specific migration permission
global_burghers_pop_growth,,none,EU5-specific pop growth
global_burghers_rural_desired_pop,,none,EU5-specific pop capacity
global_burghers_rural_desired_pop_scaled,,none,EU5-specific pop capacity
global_clergy_assimilation_blocked,,none,EU5-specific pop assimilation
global_clergy_city_desired_pop,,none,EU5-specific pop capacity
global_clergy_city_desired_pop_scaled,,none,EU5-specific pop capacity
global_clergy_conversion_blocked,,none,EU5-specific pop conversion
global_clergy_desired_pop,,none,EU5-specific pop capacity
global_clergy_desired_pop_scaled,,none,EU5-specific pop capacity
global_clergy_estate_power,,none,EU5-specific estate power
global_clergy_food_consumption,,none,EU5-specific food system
global_clergy_max_literacy,,none,EU5-specific literacy system
global_clergy_migration_allowed,,none,EU5-specific migration permission
global_clergy_pop_growth,,none,EU5-specific pop growth
global_clergy_rural_desired_pop,,none,EU5-specific pop capacity
global_clergy_rural_desired_pop_scaled,,none,EU5-specific pop capacity
global_construction_speed,build_time,high,Both modify building construction speed
global_cossacks_estate_power,,none,EU5-specific estate power
global_crown_estate_power,,none,EU5-specific crown power
global_defensive,defensiveness,high,Direct equivalent - fort defensiveness
global_devastation_recovery,,none,EU5-specific devastation recovery (EU4 has devastation but different modifier)
global_dhimmi_estate_power,,none,EU5-specific estate power
global_disease_resistance,,none,EU5-specific disease/plague system
global_distance_from_capital_speed_propagation,,none,EU5-specific proximity/distance system
global_estate_max_tax,,none,EU5-specific estate tax range
global_estate_min_tax,,none,EU5-specific estate tax range
global_estate_power,,none,EU5-specific estate power (EU4 has influence but not power)
global_estate_satisfaction_decay,,none,EU5-specific estate satisfaction
global_estate_satisfaction_from_legitimacy,,none,EU5-specific estate satisfaction
global_estate_satisfaction_recovery,,none,EU5-specific estate satisfaction
global_estate_target_satisfaction,,none,EU5-specific estate satisfaction equilibrium
global_food_capacity,,none,EU5-specific food system
global_food_capacity_modifier,,none,EU5-specific food system
global_food_decay,,none,EU5-specific food system
global_foreign_build_buildings_cost,,none,EU5-specific foreign building cost
global_fort_build_buildings_cost,,none,EU5-specific fort building cost
global_garrison_growth,global_garrison_growth,high,Direct equivalent - garrison growth rate
global_garrison_size_modifier,garrison_size,high,Direct equivalent - garrison size
global_heathen_pop_conversion_speed_modifier,global_heathen_missionary_strength,medium,Related heathen conversion but EU5 is pop-based
global_hellenism_religion_movement_growth_modifier,,none,EU5-specific religious movement
global_hellenism_religion_movement_resistance_modifier,,none,EU5-specific religious movement
global_heretic_pop_conversion_speed_modifier,global_heretic_missionary_strength,medium,Related heretic conversion but EU5 is pop-based
global_hostile_attrition,hostile_attrition,high,Direct equivalent - attrition inflicted on enemies
global_institution_growth_modifier,global_institution_spread,high,Both modify institution spread/growth rate
global_integration_speed_modifier,,none,EU5 uses this for its own annexation (already matched to annexation_speed_modifier)
global_laborers_assimilation_blocked,,none,EU5-specific pop assimilation
global_laborers_city_desired_pop,,none,EU5-specific pop capacity
global_laborers_city_desired_pop_scaled,,none,EU5-specific pop capacity
global_laborers_conversion_blocked,,none,EU5-specific pop conversion
global_laborers_desired_pop,,none,EU5-specific pop capacity
global_laborers_desired_pop_scaled,,none,EU5-specific pop capacity
global_laborers_food_consumption,,none,EU5-specific food system
global_laborers_max_literacy,,none,EU5-specific literacy system
global_laborers_migration_allowed,,none,EU5-specific migration permission
global_laborers_pop_growth,,none,EU5-specific pop growth
global_laborers_rural_desired_pop,,none,EU5-specific pop capacity
global_laborers_rural_desired_pop_scaled,,none,EU5-specific pop capacity
global_levy_recruitment_speed_modifier,global_regiment_recruit_speed,medium,Related recruitment speed but EU5 uses levy system
global_levy_size_modifier,,none,EU5-specific levy system
global_life_expectancy,monarch_lifespan,medium,Related lifespan but EU5 covers all characters not just monarchs
global_manpower_modifier,global_manpower_modifier,high,Direct equivalent - total manpower pool modifier
global_maritime_presence_decay,,none,EU5-specific maritime presence
global_maritime_presence_modifier,,none,EU5-specific maritime presence
global_max_bureaucracy_slots,,none,EU5-specific bureaucracy slots
global_max_control,,none,EU5-specific control system
global_max_literacy,,none,EU5-specific literacy system
global_max_rgo_size_modifier,,none,EU5-specific RGO system
global_max_rgo_size_modifier_in_non_rural,,none,EU5-specific RGO system
global_max_rgo_size_modifier_in_rural,,none,EU5-specific RGO system
global_max_rural_control,,none,EU5-specific control system
global_max_urban_control,,none,EU5-specific control system
global_may_build_nahuatl_units,,none,EU5-specific Nahua units
global_may_build_paik_units,,none,EU5-specific Paik units
global_mercenaries_modifier,,none,EU5-specific mercenary size (EU4 has mercenary_manpower but different)
global_merchant_capacity_modifier,,none,EU5-specific merchant capacity
global_merchant_power,global_trade_power,medium,Related trade advantage but conceptually different
global_migration_attraction,,none,EU5-specific migration system
global_migration_speed,,none,EU5-specific migration system
global_migration_speed_modifier,,none,EU5-specific migration system
global_monthly_art_start_chance,,none,EU5-specific artist system
global_monthly_control,,none,EU5-specific control system
global_monthly_control_decline,,none,EU5-specific control system
global_monthly_development,,none,EU5-specific development growth
global_monthly_food_modifier,,none,EU5-specific food system
global_monthly_literacy,,none,EU5-specific literacy system
global_monthly_prosperity,global_prosperity_growth,high,Both add to prosperity rate
global_monthly_rural_control,,none,EU5-specific control system
global_monthly_urban_control,,none,EU5-specific control system
eu5_modifier,eu4_matches,confidence,notes
global_navy_levy_size_modifier,,none,EU5-specific naval levy
global_nobles_assimilation_blocked,,none,EU5-specific pop assimilation
global_nobles_city_desired_pop,,none,EU5-specific pop capacity
global_nobles_city_desired_pop_scaled,,none,EU5-specific pop capacity
global_nobles_conversion_blocked,,none,EU5-specific pop conversion
global_nobles_desired_pop,,none,EU5-specific pop capacity
global_nobles_desired_pop_scaled,,none,EU5-specific pop capacity
global_nobles_estate_power,,none,EU5-specific estate power
global_nobles_food_consumption,,none,EU5-specific food system
global_nobles_max_literacy,,none,EU5-specific literacy system
global_nobles_migration_allowed,,none,EU5-specific migration permission
global_nobles_pop_growth,,none,EU5-specific pop growth
global_nobles_rural_desired_pop,,none,EU5-specific pop capacity
global_nobles_rural_desired_pop_scaled,,none,EU5-specific pop capacity
global_non_rural_monthly_development,,none,EU5-specific development growth
global_non_rural_monthly_prosperity,global_prosperity_growth,medium,Related prosperity but EU5 scoped to urban only
global_peasant_enfranchisment,,none,EU5-specific pop mechanic
global_peasants_assimilation_blocked,,none,EU5-specific pop assimilation
global_peasants_city_desired_pop,,none,EU5-specific pop capacity
global_peasants_city_desired_pop_scaled,,none,EU5-specific pop capacity
global_peasants_conversion_blocked,,none,EU5-specific pop conversion
global_peasants_desired_pop,,none,EU5-specific pop capacity
global_peasants_desired_pop_scaled,,none,EU5-specific pop capacity
global_peasants_estate_power,,none,EU5-specific estate power
global_peasants_food_consumption,,none,EU5-specific food system
global_peasants_max_literacy,,none,EU5-specific literacy system
global_peasants_migration_allowed,,none,EU5-specific migration permission
global_peasants_pop_growth,,none,EU5-specific pop growth
global_peasants_rural_desired_pop,,none,EU5-specific pop capacity
global_peasants_rural_desired_pop_scaled,,none,EU5-specific pop capacity
global_pirate_spawn_chance,,none,EU5-specific pirate spawning
global_pop_assimilation_speed,,none,EU5-specific pop assimilation
global_pop_assimilation_speed_modifier,,none,EU5-specific pop assimilation
global_pop_conversion_speed,,none,EU5-specific pop conversion
global_pop_conversion_speed_modifier,global_missionary_strength,medium,Related religious conversion but EU5 is pop-based
global_pop_demotion_speed,,none,EU5-specific pop mobility
global_pop_demotion_speed_modifier,,none,EU5-specific pop mobility
global_pop_food_consumption,,none,EU5-specific food system
global_pop_promotion_speed,,none,EU5-specific pop mobility
global_pop_promotion_speed_modifier,,none,EU5-specific pop mobility
global_population_capacity_modifier,,none,EU5-specific population system
global_population_growth,,none,EU5-specific population growth
global_port_build_buildings_cost,,none,EU5-specific port building cost
global_production_efficiency,production_efficiency,high,Direct equivalent - production income modifier
global_prosperity_decay,,none,EU5-specific prosperity decay
global_rgo_build_time,,none,EU5-specific RGO system
global_road_building_time,,none,EU5-specific road system
global_roman_culture_movement_growth_modifier,,none,EU5-specific Latin revival movement
global_roman_culture_movement_resistance_modifier,,none,EU5-specific Latin revival movement
global_rural_build_buildings_cost,,none,EU5-specific rural building cost
global_sailors_modifier,global_sailors_modifier,high,Direct equivalent - sailor pool modifier
global_separatism,years_of_nationalism,medium,Related separatism/nationalism but different mechanism
global_slave_pop_satisfaction,,none,EU5-specific pop satisfaction
global_slaves_assimilation_blocked,,none,EU5-specific pop assimilation
global_slaves_city_desired_pop,,none,EU5-specific pop capacity
global_slaves_city_desired_pop_scaled,,none,EU5-specific pop capacity
global_slaves_conversion_blocked,,none,EU5-specific pop conversion
global_slaves_desired_pop,,none,EU5-specific pop capacity
global_slaves_desired_pop_scaled,,none,EU5-specific pop capacity
global_slaves_food_consumption,,none,EU5-specific food system
global_slaves_max_literacy,,none,EU5-specific literacy system
global_slaves_migration_allowed,,none,EU5-specific migration permission
global_slaves_pop_growth,,none,EU5-specific pop growth
global_slaves_rural_desired_pop,,none,EU5-specific pop capacity
global_slaves_rural_desired_pop_scaled,,none,EU5-specific pop capacity
global_soldiers_assimilation_blocked,,none,EU5-specific pop assimilation
global_soldiers_city_desired_pop,,none,EU5-specific pop capacity
global_soldiers_city_desired_pop_scaled,,none,EU5-specific pop capacity
global_soldiers_conversion_blocked,,none,EU5-specific pop conversion
global_soldiers_desired_pop,,none,EU5-specific pop capacity
global_soldiers_desired_pop_scaled,,none,EU5-specific pop capacity
global_soldiers_food_consumption,,none,EU5-specific food system
global_soldiers_max_literacy,,none,EU5-specific literacy system
global_soldiers_migration_allowed,,none,EU5-specific migration permission
global_soldiers_pop_growth,,none,EU5-specific pop growth
global_soldiers_rural_desired_pop,,none,EU5-specific pop capacity
global_soldiers_rural_desired_pop_scaled,,none,EU5-specific pop capacity
global_supply_limit_modifier,global_supply_limit_modifier,high,Direct equivalent - supply limit
global_trade_center_power,,none,EU5-specific market attraction
global_trade_protection_factor,,none,EU5-specific market protection
global_trade_through_owned_territory_cost_modifier,,none,EU5-specific trade range mechanic
global_trades_per_burgher,,none,EU5-specific burgher trade capacity
global_tribal_promotion,,none,EU5-specific pop tribal promotion
global_tribes_estate_power,,none,EU5-specific estate power
global_tribesmen_assimilation_blocked,,none,EU5-specific pop assimilation
global_tribesmen_city_desired_pop,,none,EU5-specific pop capacity
global_tribesmen_city_desired_pop_scaled,,none,EU5-specific pop capacity
global_tribesmen_conversion_blocked,,none,EU5-specific pop conversion
global_tribesmen_desired_pop,,none,EU5-specific pop capacity
global_tribesmen_desired_pop_scaled,,none,EU5-specific pop capacity
global_tribesmen_food_consumption,,none,EU5-specific food system
global_tribesmen_max_literacy,,none,EU5-specific literacy system
global_tribesmen_migration_allowed,,none,EU5-specific migration permission
global_tribesmen_pop_growth,,none,EU5-specific pop growth
global_tribesmen_rural_desired_pop,,none,EU5-specific pop capacity
global_tribesmen_rural_desired_pop_scaled,,none,EU5-specific pop capacity
global_upper_class_capacity_modifier,,none,EU5-specific pop capacity
global_urban_build_buildings_cost,,none,EU5-specific urban building cost
global_war_score_efficiency,warscore_from_battles_modifier,medium,Related warscore but EU5 broader (all sources) vs EU4 (battles only)
gold_importance_modifier,,none,EU5-specific AI importance modifier
government_reform_slots,,none,EU5-specific reform slots (EU4 uses different system)
eu5_modifier,eu4_matches,confidence,notes
government_size,,none,EU5-specific cabinet seats system
grant_a_triumph_cost_modifier,,none,EU5-specific Byzantine/Roman action
grant_cabinet_right_price_cost_modifier,,none,EU5-specific cabinet action
grant_privilege_cost_modifier,,none,EU5-specific estate privilege action (EU4 has estate privileges but no cost modifier)
grant_shugo_office_cost_modifier,,none,EU5-specific Japanese office action
grant_town_rights_cost_modifier,,none,EU5-specific urban rights action
great_power_score,,none,EU5-specific great power score
great_power_score_exempt_from_forfeit,,none,EU5-specific great power score
great_power_score_modifier,,none,EU5-specific great power score
greek_festivals_cost_modifier,,none,EU5-specific Byzantine action
hanseatic_member_cost_cost_modifier,,none,EU5-specific Hanseatic mechanic
hanseatic_shipwright_guild_max_level,,none,EU5-specific Hanseatic building
has_a_parliamentary_system,,none,EU5-specific parliament flag
has_appanages_subjects,,none,EU5-specific appanage subject type
has_ashta_pradham_council_policies,,none,EU5-specific Indian policy system
has_chivalric_order,,none,EU5-specific chivalric order flag
has_codified_laws,,none,EU5-specific codified laws mechanic
has_complacency_effects,,none,EU5-specific complacency disaster
has_cultural_maintenance,,none,EU5-specific culture investment
has_panaqas,,none,EU5-specific Inca panaqa system
has_road_building,,none,EU5-specific road building flag
has_stability_investment,,none,EU5-specific stability investment
has_taluqdar_tax_collection,,none,EU5-specific Indian tax mechanic
head_of_cabinet_promotion_cost_modifier,,none,EU5-specific cabinet action
heir_of_any_religion,,none,EU5-specific heir religion rule
heir_of_same_religion,,none,EU5-specific heir religion rule
heir_of_same_religion_group,,none,EU5-specific heir religion rule
hide_from_black_death_cost_modifier,,none,EU5-specific plague action
high_lakes_proximity_impact,,none,EU5-specific proximity system
hills_proximity_impact,,none,EU5-specific proximity system
hills_wasteland_proximity_impact,,none,EU5-specific proximity system
hire_advisor_cost_modifier,advisor_cost,high,Direct equivalent - advisor hiring cost
hire_artist_cost_modifier,,none,EU5-specific artist system
hire_mercenary_leader_cost_modifier,,none,EU5-specific mercenary leader hiring
hire_mercenary_premium_cost_modifier,mercenary_cost,medium,Related mercenary hiring cost
hire_prisoners_cost_modifier,,none,EU5-specific prisoner recruitment
hire_privateer_cost_modifier,,none,EU5-specific privateer action
hold_public_kirishitan_mass_cost_modifier,,none,EU5-specific Kirishitan action
honorary_titles_bureaucracy_impact_modifier,,none,EU5-specific Chinese bureaucracy
honoring_alliance_call_cost_modifier,,none,EU5-specific alliance call action
horde_unity_hit_at_ruler_death,,none,EU5-specific horde unity mechanic
host_olympiad_cost_modifier,,none,EU5-specific Olympiad action
hostile_diplomatic_annexation_cost,diplomatic_annexation_cost,medium,Related to diplomatic annexation but hostile-specific
hre_army_building_cost_modifier,imperial_mercenary_cost,low,Related HRE military cost but different unit type
hussite_wars_actions_price_cost_modifier,,none,EU5-specific Hussite Wars situation
hyw_main_actions_price_cost_modifier,,none,EU5-specific Hundred Years War actions
ignore_doom,,none,EU5-specific doom mechanic
ignore_same_religion_colonial_claim,,none,EU5-specific colonial claim rule
ignore_zone_of_control,can_bypass_forts,high,Both allow ignoring fort zone of control
imperial_army_contribution_price_cost_modifier,,none,EU5-specific HRE contribution
imperial_authority_modifier,imperial_authority,high,Both modify imperial authority impact
imperial_contribution_price_cost_modifier,,none,EU5-specific HRE contribution
imperial_senate_bureaucracy_impact_modifier,,none,EU5-specific Byzantine bureaucracy
imperial_treasury_contribution_price_cost_modifier,,none,EU5-specific HRE treasury contribution
implement_bureaucracy_price_cost_modifier,,none,EU5-specific bureaucracy action
import_efficiency,,none,EU5-specific trade import mechanic
improve_our_cultural_view_price_cost_modifier,,none,EU5-specific culture opinion action
improve_relation_impact,improve_relation_modifier,high,Direct equivalent - improve relations speed
increase_clergy_satisfaction_from_religious_sects_cost_modifier,,none,EU5-specific religious sect action
increase_levies_from_shogun_court_cost_modifier,,none,EU5-specific shogun court action
increase_literacy_from_religious_sects_cost_modifier,,none,EU5-specific literacy action
increase_peasant_satisfaction_from_ikko_ikki_cost_modifier,,none,EU5-specific Ikko-ikki action
increase_tax_income_from_shogun_court_cost_modifier,,none,EU5-specific shogun court action
indulge_in_bloodbath_cost_modifier,,none,EU5-specific character action
indulge_in_feasts_cost_modifier,,none,EU5-specific character action
inland_sea_proximity_impact,,none,EU5-specific proximity system
institution_growth,global_institution_spread,medium,Related institution spread but EU5 is generic growth
institution_importance_modifier,,none,EU5-specific AI importance modifier
intervene_in_italian_campaign_price_cost_modifier,,none,EU5-specific Italian Wars action
inti_ceremonial_festivals_cost_modifier,,none,EU5-specific Inca religious action
invade_neighbor_beylik_price_cost_modifier,,none,EU5-specific Ottoman action
invite_artist_cost_modifier,,none,EU5-specific artist system
invite_foreign_cleric_cost_modifier,,none,EU5-specific religious action
invite_patriarch_delegation_cost_modifier,,none,EU5-specific Orthodox action
invite_religious_figure_different_school_cost_modifier,,none,EU5-specific religious school action
invite_religious_figure_same_school_cost_modifier,,none,EU5-specific religious school action
irrigant_cap_level,,none,EU5-specific irrigation building
is_battles_preordained,,none,EU5-specific mechanic
is_excluded_from_electorship,,none,EU5-specific HRE elector exclusion
is_hre_elector,,none,EU5-specific HRE elector flag
is_pope,,none,EU5-specific pope flag
is_senior_partner,,none,EU5-specific PU/union flag
isolate_cities_black_death_cost_modifier,,none,EU5-specific plague action
iw_send_aid_price_cost_modifier,,none,EU5-specific Italian Wars action
join_autocephalous_patriarchate_cost_modifier,,none,EU5-specific Orthodox action
join_branch_cost_modifier,,none,EU5-specific religious branch action
join_italian_wars_price_cost_modifier,,none,EU5-specific Italian Wars action
join_sect_cost_modifier,,none,EU5-specific religious sect action
jurchen_confederation_law_price_cost_modifier,,none,EU5-specific Jurchen action
keep_kami_and_buddha_balanced_from_religious_sects_cost_modifier,,none,EU5-specific Shinto/Buddhist action
kephalai_bureaucracy_impact_modifier,,none,EU5-specific Byzantine bureaucracy
lack_of_control_impact_on_warscore,,none,EU5-specific control-warscore mechanic
lakes_proximity_impact,,none,EU5-specific proximity system
land_cost_going_downstream,,none,EU5-specific proximity/river system
land_cost_going_upstream,,none,EU5-specific proximity/river system
land_cost_on_distance_from_capital,,none,EU5-specific proximity/distance system
land_cost_on_distance_from_capital_speed_propagation,,none,EU5-specific proximity system
land_cost_on_frozen_water,,none,EU5-specific proximity system
land_morale,land_morale_constant,high,Both add to base land morale
land_morale_attrition_cost,,none,EU5-specific morale attrition
land_morale_modifier,land_morale,high,Direct equivalent - land morale modifier
land_morale_movement_cost,,none,EU5-specific morale movement cost
eu5_modifier,eu4_matches,confidence,notes
land_morale_recovery,recover_army_morale_speed,high,Direct equivalent - army morale recovery speed
land_unit_attrition,land_attrition,high,Direct equivalent - land unit attrition
landfriede_cooldown,,none,EU5-specific HRE Landfriede mechanic
landfriede_flat_cost,,none,EU5-specific HRE Landfriede mechanic
language_change_threshold_modifier,,none,EU5-specific language system
lat_access_to_latin_reintegration_cabinet,,none,EU5-specific cabinet action
lat_access_to_reconquest_cb,,none,EU5-specific Latin reconquest CB
learn_from_foreigners_cost_modifier,,none,EU5-specific action
leave_sect_cost_modifier,,none,EU5-specific religious sect action
legislative_efficiency,,none,EU5-specific parliament/legislative mechanic
levy_combat_efficiency_modifier,,none,EU5-specific levy system
levy_maintenance_modifier,,none,EU5-specific levy system
levy_recovery_modifier,,none,EU5-specific levy system
lia_actions_price_cost_modifier,,none,EU5-specific Little Ice Age situation
limit_movement_of_kirishitan_cost_modifier,,none,EU5-specific Kirishitan action
loan_icon_price_cost_modifier,,none,EU5-specific religious icon action
lordship_of_ireland_casus_belli_cost_modifier,,none,EU5-specific Irish CB action
lordship_of_ireland_form_kingdom_cost_modifier,,none,EU5-specific Irish kingdom action
lordship_of_ireland_invite_planters_cost_modifier,,none,EU5-specific Irish planter action
losses_to_disease_cost_modifier,,none,EU5-specific disease/plague cost
loyalty_to_overlord,liberty_desire,high,Inverse concept - EU5 loyalty is opposite of EU4 liberty desire
magister_militum_bureaucracy_impact_modifier,,none,EU5-specific Byzantine bureaucracy
maintain_bureaucracy_price_cost_modifier,,none,EU5-specific bureaucracy maintenance
make_tribals_peasants,,none,EU5-specific pop tribal promotion
male_spouses,,none,EU5-specific polygamy mechanic
manpower_importance_modifier,,none,EU5-specific AI importance modifier
market_building_levels,,none,EU5-specific trade building system
max_diplomats,diplomats,high,Both add to diplomat count
max_manpower,global_manpower,high,Both add to max manpower pool
max_sailors,global_sailors,high,Both add to max sailors pool
max_war_exhaustion,,none,EU5-specific war exhaustion cap (EU4 has war_exhaustion but different)
maximum_religious_influence,,none,EU5-specific religious influence
may_convert_vassals_to_celestial_governors,,none,EU5-specific Chinese celestial governor
may_explore,may_explore,high,Direct equivalent - exploration mission permission
may_hire_eunuch_advisors,,none,EU5-specific eunuch advisor
may_not_take_land_in_peace_treaties,,none,EU5-specific peace treaty restriction
mayan_ceremonial_festivals_cost_modifier,,none,EU5-specific Mayan religious action
megalopolis_upgrade_cost_modifier,,none,EU5-specific megalopolis building
mend_schism_price_cost_modifier,,none,EU5-specific religious schism action
mercenary_maintenance_efficiency,merc_maintenance_modifier,high,Direct equivalent - mercenary maintenance cost
mercenary_range,,none,EU5-specific mercenary range
mercenary_range_modifier,,none,EU5-specific mercenary range
mercenary_units_preference_modifier,,none,EU5-specific AI mercenary preference
merchant_guild_chapel_price_cost_modifier,,none,EU5-specific merchant guild action
merchant_maintenance_efficiency,,none,EU5-specific merchant maintenance
merchant_power_from_maritime,,none,EU5-specific maritime trade advantage
merchant_power_from_maritime_modifier,,none,EU5-specific maritime trade advantage
mercury_patio_max_level,,none,EU5-specific building max level
mesa_wasteland_proximity_impact,,none,EU5-specific proximity system
miaphysite_monastery_building_cost_modifier,,none,EU5-specific Miaphysite building
middle_kingdom_tribute_price_cost_modifier,,none,EU5-specific Chinese tribute action
migrate_pop_based_country_cost_modifier,,none,EU5-specific migration action
migrate_to_new_waters_cost_modifier,,none,EU5-specific naval migration action
military_tactics,military_tactics,high,Direct equivalent - military tactics
minting_income_factor,,none,EU5-specific minting mechanic
minting_inflation_threshold,,none,EU5-specific minting mechanic
monthly_army_tradition,army_tradition,high,Both add to army tradition rate (EU5 monthly vs EU4 yearly)
monthly_burghers_estate_rebel_growth,,none,EU5-specific estate rebel mechanic
monthly_celestial_authority,,none,EU5-specific Chinese celestial authority
monthly_clergy_estate_rebel_growth,,none,EU5-specific estate rebel mechanic
monthly_complacency,,none,EU5-specific complacency disaster
monthly_cossacks_estate_rebel_growth,,none,EU5-specific estate rebel mechanic
monthly_crown_estate_rebel_growth,,none,EU5-specific estate rebel mechanic
monthly_devotion,devotion,high,Direct equivalent - devotion gain (EU5 monthly vs EU4 yearly)
monthly_dhimmi_estate_rebel_growth,,none,EU5-specific estate rebel mechanic
monthly_diplomats,,none,EU5-specific monthly diplomat generation
monthly_doom,,none,EU5-specific doom mechanic
monthly_experience_gain,,none,EU5-specific unit experience
monthly_gold_expense,,none,EU5-specific gold expense tracking
monthly_gold_income,global_tax_income,medium,Related monthly gold income but EU4 is tax-specific
monthly_harmony,yearly_harmony,high,Direct equivalent - harmony gain (EU5 monthly vs EU4 yearly)
monthly_honor,,none,EU5-specific honor mechanic
monthly_horde_unity,horde_unity,high,Direct equivalent - horde unity (EU5 monthly vs EU4 yearly)
monthly_imperial_authority,imperial_authority_value,high,Direct equivalent - imperial authority monthly rate
monthly_inflation,,none,EU5-specific inflation rate (EU4 uses monthly_gold_inflation_modifier)
monthly_karma,monthly_karma,high,Direct equivalent - monthly karma
monthly_karma_decay,yearly_karma_decay,high,Direct equivalent - karma decay (EU5 monthly vs EU4 yearly)
monthly_legitimacy,legitimacy,high,Direct equivalent - legitimacy gain (EU5 monthly vs EU4 yearly)
monthly_loan_capacity_investment,,none,EU5-specific loan capacity mechanic
monthly_nahualt_reform_progress,,none,EU5-specific Nahua reform mechanic
monthly_monthly_navy_tradition,navy_tradition,high,Both add to navy tradition rate (typo in EU5 modifier name)
monthly_nobles_estate_rebel_growth,,none,EU5-specific estate rebel mechanic
monthly_papal_authority,papal_influence,high,Related papal authority/influence gain
monthly_peasants_estate_rebel_growth,,none,EU5-specific estate rebel mechanic
monthly_prestige,prestige,high,Direct equivalent - prestige gain (EU5 monthly vs EU4 yearly)
monthly_pretender_rebel_growth,,none,EU5-specific pretender rebel mechanic
monthly_purity,,none,EU5-specific purity mechanic
monthly_rebel_growth,,none,EU5-specific rebel growth
monthly_reform_desire,,none,EU5-specific reform desire
monthly_religious_influence,,none,EU5-specific religious influence
monthly_religious_rebel_growth,,none,EU5-specific religious rebel growth
monthly_republican_tradition,republican_tradition,high,Direct equivalent - republican tradition (EU5 monthly vs EU4 yearly)
monthly_righteousness,,none,EU5-specific righteousness mechanic
monthly_rite_power,,none,EU5-specific religious rite power
monthly_self_control,,none,EU5-specific self control mechanic
monthly_slave_rebel_growth,,none,EU5-specific slave rebel mechanic
monthly_tribal_cohesion,,none,EU5-specific tribal cohesion
monthly_tribes_estate_rebel_growth,,none,EU5-specific estate rebel mechanic
monthly_war_exhaustion,war_exhaustion,high,Direct equivalent - monthly war exhaustion rate
monthly_yanantin,,none,EU5-specific Inca yanantin mechanic
morale_recovery_in_friendly,recover_army_morale_speed,medium,Related morale recovery but EU5 is territory-specific
mountain_wasteland_proximity_impact,,none,EU5-specific proximity system
mountains_proximity_impact,,none,EU5-specific proximity system
eu5_modifier,eu4_matches,confidence,notes
move_good_to_new_location_cost_modifier,,none,EU5-specific trade goods relocation action
move_to_assist_on_adjacent_combat,,none,EU5-specific battle assist mechanic
movement_speed_if_no_road,,none,EU5-specific road/movement system
movement_speed_when_attached_to_another_unit,,none,EU5-specific attached unit movement
n_panokseon_build_cost_modifier,,none,EU5-specific Korean ship type
n_panokseon_maintenance_cost_modifier,,none,EU5-specific Korean ship type
n_panokseon_reinforce_cost_modifier,,none,EU5-specific Korean ship type
nahuatl_religious_actions_price_cost_modifier,,none,EU5-specific Nahua religious actions
nanbokuchou_change_sides_cost_modifier,,none,EU5-specific Japanese Nanboku-cho action
narrows_proximity_impact,,none,EU5-specific proximity system
national_church_power_cost_modifier,,none,EU5-specific church power action
naval_damage_done,,none,EU5-specific naval damage (EU4 uses fire/shock damage on ships via artillery_fire)
naval_damage_taken,,none,EU5-specific naval damage
naval_morale,naval_morale_constant,high,Both add to base naval morale
naval_morale_attrition_cost,,none,EU5-specific naval morale attrition
naval_morale_modifier,naval_morale,high,Direct equivalent - naval morale modifier
naval_morale_movement_cost,,none,EU5-specific naval morale movement
naval_morale_recovery,recover_navy_morale_speed,high,Direct equivalent - navy morale recovery speed
naval_range,,none,EU5-specific naval range concept
naval_range_modifier,,none,EU5-specific naval range concept
naval_unit_attrition,naval_attrition,high,Direct equivalent - navy attrition
navy_galley_build_cost_modifier,galley_cost,high,Direct equivalent - galley build cost
navy_galley_maintenance_cost_modifier,naval_maintenance_modifier,medium,EU4 covers all naval maintenance not just galleys
navy_galley_power,galley_power,high,Direct equivalent - galley power from pips
navy_galley_reinforce_cost_modifier,,none,EU5-specific galley repair cost (EU4 has global_ship_repair)
navy_heavy_ship_build_cost_modifier,heavy_ship_cost,high,Direct equivalent - heavy ship build cost
navy_heavy_ship_maintenance_cost_modifier,naval_maintenance_modifier,medium,EU4 covers all naval maintenance not just heavy ships
navy_heavy_ship_power,heavy_ship_power,high,Direct equivalent - heavy ship power from pips
navy_heavy_ship_reinforce_cost_modifier,,none,EU5-specific heavy ship repair cost
navy_initiative,,none,EU5-specific naval initiative
navy_light_ship_build_cost_modifier,light_ship_cost,high,Direct equivalent - light ship build cost
navy_light_ship_maintenance_cost_modifier,naval_maintenance_modifier,medium,EU4 covers all naval maintenance not just light ships
navy_light_ship_power,light_ship_power,high,Direct equivalent - light ship power from pips
navy_light_ship_reinforce_cost_modifier,,none,EU5-specific light ship repair cost
navy_maintenance_efficiency,naval_maintenance_modifier,high,Direct equivalent - naval maintenance efficiency
navy_movement_speed,,none,EU5-specific navy movement (EU4 has movement_speed_in_fleet_modifier)
navy_movement_speed,movement_speed_in_fleet_modifier,medium,Related fleet movement speed
navy_repair_cost,global_ship_repair,medium,Related to ship repair
navy_tradition_decay,navy_tradition_decay,high,Direct equivalent - navy tradition decay
navy_tradition_from_battle,naval_tradition_from_battle,high,Direct equivalent - navy tradition from battles
navy_transport_build_cost_modifier,transport_cost,high,Direct equivalent - transport ship build cost
navy_transport_maintenance_cost_modifier,naval_maintenance_modifier,medium,EU4 covers all naval maintenance not just transports
navy_transport_power,transport_power,high,Direct equivalent - transport power from pips
navy_transport_reinforce_cost_modifier,,none,EU5-specific transport repair cost
navy_weight_modifier,,none,EU5-specific navy weight/supply mechanic
no_beards,,none,EU5-specific character/culture rule
no_contact_with_outsiders_cost_modifier,,none,EU5-specific isolation action
no_lowborn_leaders,,none,EU5-specific commander class restriction
nobles_estate_agenda_impact,,none,EU5-specific estate agenda
nobles_estate_levy_size,,none,EU5-specific estate levy
nobles_estate_max_tax,,none,EU5-specific estate tax range
nobles_estate_min_tax,,none,EU5-specific estate tax range
nobles_estate_satisfaction_decay,,none,EU5-specific estate satisfaction
nobles_estate_satisfaction_recovery,,none,EU5-specific estate satisfaction
nobles_estate_target_satisfaction,,none,EU5-specific estate satisfaction equilibrium
nomos_empsychos_bureaucracy_impact_modifier,,none,EU5-specific Byzantine bureaucracy
non_rural_migration_attraction,,none,EU5-specific urban migration attraction
num_bailiffs,,none,EU5-specific bailiff mechanic
num_local_governors,,none,EU5-specific governor mechanic
num_naval_governors,,none,EU5-specific naval governor mechanic
num_of_banner_cavalry,,none,EU5-specific banner cavalry
num_of_cataphracts_modifier,,none,EU5-specific Byzantine cataphract
num_of_legionaries_modifier,,none,EU5-specific Roman legionary
num_of_varangian_units,,none,EU5-specific Byzantine Varangian
num_possible_artists,,none,EU5-specific artist limit
num_possible_rivals,,none,EU5-specific rivals limit (EU4 has 3 rivals hard-coded)
number_of_allowed_avatars,,none,EU5-specific avatar mechanic
number_of_allowed_religious_figures,,none,EU5-specific religious figure mechanic
number_of_satellite_trade_buildings,,none,EU5-specific satellite trade buildings
ocean_proximity_impact,,none,EU5-specific proximity system
ocean_wasteland_proximity_impact,,none,EU5-specific proximity system
offer_diplomatic_protection_price_cost_modifier,,none,EU5-specific diplomatic protection action
omen_strength_modifier,,none,EU5-specific omen system
omen_time_modifier,,none,EU5-specific omen system
omens_offered,,none,EU5-specific omen system
organize_spiritual_retreat_cost_modifier,,none,EU5-specific religious action
orthodox_monastery_building_cost_modifier,,none,EU5-specific Orthodox building action
orthodox_synod_cost_modifier,,none,EU5-specific Orthodox synod action
overlord_blocked_from_building_buildings,,none,EU5-specific overlord restriction
overlord_blocked_from_building_rgos,,none,EU5-specific overlord restriction
overlord_blocked_from_building_roads,,none,EU5-specific overlord restriction
overlord_blocked_from_building_ships,,none,EU5-specific overlord restriction
overlord_blocked_from_recruiting_regiments,,none,EU5-specific overlord restriction
own_coast_naval_combat_bonus,own_coast_naval_combat_bonus,high,Direct equivalent - naval combat bonus in own coastal waters
papacy_blocked,,none,EU5-specific papacy block flag
papal_authority_modifier,,none,EU5-specific papal authority modifier
papal_relations,,none,EU5-specific papal relations (EU4 has papal_influence but different)
pardon_price_cost_modifier,,none,EU5-specific character pardon action
parliament_abolished,,none,EU5-specific parliament abolition flag
parliament_base_support,parliament_backing_chance,medium,Related parliament support/backing mechanic
parliament_duration_modifier,parliament_effect_duration,medium,Related parliament duration but different phase
parliament_duration_modifier,parliament_debate_duration,medium,Related parliament debate duration
parliament_request_issue_support_needed,,none,EU5-specific parliament support threshold
payment_to_overlord_modifier,,none,EU5-specific overlord payment
peace_offer_fairness,,none,EU5-specific peace AI mechanic
peace_offer_negotiation_power,,none,EU5-specific peace AI mechanic
peasants_allowed_weapons,,none,EU5-specific peasant rights
peasants_estate_agenda_impact,,none,EU5-specific estate agenda
peasants_estate_levy_size,,none,EU5-specific estate levy
peasants_estate_max_tax,,none,EU5-specific estate tax range
peasants_estate_min_tax,,none,EU5-specific estate tax range
peasants_estate_satisfaction_decay,,none,EU5-specific estate satisfaction
peasants_estate_satisfaction_recovery,,none,EU5-specific estate satisfaction
peasants_estate_target_satisfaction,,none,EU5-specific estate satisfaction equilibrium
eu5_modifier,eu4_matches,confidence,notes
peasants_war_actions_price_cost_modifier,,none,EU5-specific Peasants' War situation
perform_tantric_ritual_cost_modifier,,none,EU5-specific tantric ritual action
perform_yoga_cost_modifier,,none,EU5-specific yoga action
periphora_cost_modifier,,none,EU5-specific Byzantine action
permanent_parliament_location,,none,EU5-specific parliament location flag
pilgrimage_action_cost_modifier,,none,EU5-specific pilgrimage religious action
plan_italian_campaign_wars_price_cost_modifier,,none,EU5-specific Italian Wars action
plateau_proximity_impact,,none,EU5-specific proximity system
plateau_wasteland_proximity_impact,,none,EU5-specific proximity system
policy_vote_cost_modifier,,none,EU5-specific policy vote action
pop_countries_opinions,,none,EU5-specific pop opinion system
pop_join_rebel_threshold,,none,EU5-specific pop rebel mechanic
pop_leave_rebels_threshold,,none,EU5-specific pop rebel mechanic
port_cost_distance_from_capital,,none,EU5-specific port proximity system
possible_frontage_modifier,,none,EU5-specific battle frontage
power_projection,,none,EU5-specific power projection (EU4 has power_projection_from_insults)
prestige_decay,prestige_decay,high,Direct equivalent - prestige decay
prestige_from_land_battle,prestige_from_land,high,Direct equivalent - prestige from land battles
prestige_from_naval_battle,prestige_from_naval,high,Direct equivalent - prestige from naval battles
prevented_from_changing_court_language_by_overlord,,none,EU5-specific overlord restriction
privateer_durability,,none,EU5-specific privateer mechanic
privateer_maintenance_cost_modifier,,none,EU5-specific privateer maintenance
proclaim_decree_cost_modifier,,none,EU5-specific decree action
procure_remedies_cost_modifier,,none,EU5-specific plague/disease action
promote_sect_cost_modifier,,none,EU5-specific religious sect action
propose_curia_action_cost_modifier,curia_powers_cost,high,Both modify curia action costs
province_integration_speed,global_integration_speed_modifier,high,Related to integration/annexation speed of provinces
provoke_rebels_price_cost_modifier,,none,EU5-specific rebel provocation action
rank_duchy_upgrade_cost_modifier,,none,EU5-specific rank upgrade cost
rank_empire_upgrade_cost_modifier,,none,EU5-specific rank upgrade cost
rank_kingdom_upgrade_cost_modifier,,none,EU5-specific rank upgrade cost
ransom_units_cost_modifier,,none,EU5-specific ransom action
raw_material_in_province_impact,,none,EU5-specific raw materials system
reach_compromise_with_huguenots_price_cost_modifier,,none,EU5-specific Huguenots situation action
reasons_to_elect,reasons_to_elect,high,Direct equivalent - reasons for HRE electors to vote
reasons_to_vote,,none,EU5-specific voting reasons (EU4 has legitimate_subject_elector but different)
rebel_monthly_progress,,none,EU5-specific rebel progress (EU4 uses global_unrest)
recruit_conquistador_cost_modifier,,none,EU5-specific conquistador recruitment cost
recruit_explorer_cost_modifier,,none,EU5-specific explorer recruitment cost
reduce_rebels_from_ikko_ikki_cost_modifier,,none,EU5-specific Ikko-ikki action
reestablish_hellenism_price_cost_modifier,,none,EU5-specific Hellenism action
regiment_recruit_speed,global_regiment_recruit_speed,high,Direct equivalent - regiment recruitment speed
regiment_reinforcement_speed,reinforce_speed,high,Direct equivalent - regiment reinforcement speed
reject_subjugation_reasons,,none,EU5-specific subjugation rejection (inverse of accept_subjugation_reasons)
religious_icon_power_modifier,,none,EU5-specific religious icon system
religious_offering_cost_modifier,,none,EU5-specific religious offering action
religious_turmoil_actions_price_cost_modifier,,none,EU5-specific religious turmoil situation
religious_unity_importance_modifier,,none,EU5-specific AI importance modifier
relocate_ecumenical_patriarchate_cost_modifier,,none,EU5-specific Orthodox patriarchate action
relocate_market_cost_modifier,,none,EU5-specific market relocation action
remove_accepted_culture_cost_modifier,,none,EU5-specific culture removal action
remove_bureaucracy_price_cost_modifier,,none,EU5-specific bureaucracy removal
remove_government_reform_cost_modifier,,none,EU5-specific reform removal action
remove_location_from_international_organization_cost_modifier,,none,EU5-specific international organization action
remove_lutheran_preacher_cost_modifier,,none,EU5-specific Lutheran preacher action
remove_panaqa_early_cost_modifier,,none,EU5-specific Inca panaqa action
remove_religious_aspect_christian_cost_modifier,,none,EU5-specific religious aspect action
remove_religious_aspect_hellenism_cost_modifier,,none,EU5-specific religious aspect action
remove_religious_aspect_inti_cost_modifier,,none,EU5-specific religious aspect action
remove_tolerated_culture_cost_modifier,,none,EU5-specific tolerated culture action
replace_cabinet_member_cost_modifier,,none,EU5-specific cabinet action
replace_rival_cost_modifier,rival_change_cost,high,Direct equivalent - cost to replace rival
request_aid_price_cost_modifier,,none,EU5-specific aid request action
reroll_avatar_cost_modifier,,none,EU5-specific avatar action
research_speed,,none,EU5-specific research speed (EU4 uses technology_cost)
research_speed_modifier,technology_cost,medium,Related tech progress but different mechanic (cost vs speed)
reshape_bureaucracy_cost_modifier,,none,EU5-specific bureaucracy reshape action
restore_rome_primacy_price_cost_modifier,,none,EU5-specific Roman primacy action
restrict_peranakan_trading_rights_price_cost_modifier,,none,EU5-specific Peranakan action
retreat_delay,,none,EU5-specific retreat mechanic
revoke_privilege_cost_modifier,,none,EU5-specific estate privilege action
revoke_privileges_importance_modifier,,none,EU5-specific AI importance modifier
revoke_privileges_stability_tolerance,,none,EU5-specific stability tolerance
revoke_shugo_office_cost_modifier,,none,EU5-specific shugo office action
revoke_town_rights_cost_modifier,,none,EU5-specific urban rights action
revolution_actions_price_cost_modifier,,none,EU5-specific revolution situation
rise_of_the_szlachta_actions_price_cost_modifier,,none,EU5-specific Szlachta situation
ritualistic_court_bureaucracy_impact_modifier,,none,EU5-specific Chinese bureaucracy
road_cost_on_distance_from_capital,,none,EU5-specific road proximity system
roman_festivals_cost_modifier,,none,EU5-specific Roman festival action
romanitas_bureaucracy_impact_modifier,,none,EU5-specific Byzantine bureaucracy
rot_reform_into_monarchy_price_cost_modifier,,none,EU5-specific Rise of Turks action
rot_select_core_region_price_cost_modifier,,none,EU5-specific Rise of Turks action
rto_create_uc_bey_cost_modifier,,none,EU5-specific Ottoman Uc bey action
rto_press_claims_price_cost_modifier,,none,EU5-specific Rise of Turks Ottoman action
rtr_appease_the_court_price_cost_modifier,,none,EU5-specific rebel/turmoil action
rtr_demand_annexation_price_cost_modifier,,none,EU5-specific rebel/turmoil action
rtr_grant_titles_price_cost_modifier,,none,EU5-specific rebel/turmoil action
rtr_negotiate_with_rebels_price_cost_modifier,,none,EU5-specific rebel/turmoil action
rtr_rein_in_area_price_cost_modifier,,none,EU5-specific rebel/turmoil action
ruler_must_be_commander_during_war,,none,EU5-specific ruler restriction
ruler_name_in_court_language,,none,EU5-specific court language mechanic
rural_disease_resistance,,none,EU5-specific rural disease resistance
rural_migration_attraction,,none,EU5-specific rural migration
rural_settlement_downgrade_cost_modifier,,none,EU5-specific settlement downgrade
rural_settlement_upgrade_cost_modifier,,none,EU5-specific settlement upgrade (marked NOT USED)
sacrifice_noble_blood_cost_modifier,,none,EU5-specific Nahua religious action
salt_pans_proximity_impact,,none,EU5-specific proximity system
scaled_lost_war_cost_modifier,,none,EU5-specific war loss impact
sea_cost_on_distance_from_capital,,none,EU5-specific sea proximity system
sea_cost_on_distance_from_capital_when_maritime,,none,EU5-specific sea proximity system
seek_alliance_with_overlord_rival_cost_modifier,,none,EU5-specific subject diplomatic action
seek_relations_with_the_byzantines_price_cost_modifier,,none,EU5-specific Byzantine relations action
eu5_modifier,eu4_matches,confidence,notes
segregate_the_infected_cost_modifier,,none,EU5-specific plague/disease action
select_expensive_child_education_cost_modifier,,none,EU5-specific education action
select_omen_god_cost_modifier,,none,EU5-specific omen action
select_orthodox_education_cost_modifier,,none,EU5-specific Orthodox education action
sell_icon_cost_modifier,,none,EU5-specific Orthodox icon action
selling_efficiency,,none,EU5-specific trade selling
send_diplomat_cost_modifier,,none,EU5-specific diplomat sending (EU4 has envoy_travel_time but different)
send_gift_cost_modifier,,none,EU5-specific diplomatic gift action
set_cabine_action_cost_modifier,,none,EU5-specific cabinet action (typo in EU5 modifier name)
set_cabinet_member_cost_modifier,,none,EU5-specific cabinet action
set_policy_cost_modifier,,none,EU5-specific policy action
settle_country_cost_modifier,settle_cost,medium,Related settle cost but EU4 is province tribal settle
shameless_privateering_modifier,,none,EU5-specific privateering flag
shared_border_impact,,none,EU5-specific opinion mechanic
ship_build_speed,global_ship_recruit_speed,high,Direct equivalent - ship building/recruit speed
ship_capture_chance,capture_ship_chance,high,Direct equivalent - chance to capture ships in battle
ship_repair_at_sea,,none,EU5-specific at-sea repair mechanic (EU4 has sea_repair permission)
ship_repair_at_sea_to_max_strength,,none,EU5-specific at-sea repair mechanic
siege_ability,siege_ability,high,Direct equivalent - siege ability
sixty_books_of_the_basilika_bureaucracy_impact_modifier,,none,EU5-specific Byzantine bureaucracy
skill_of_new_artists,,none,EU5-specific artist system
slave_market_max_level,,none,EU5-specific slave market building
slave_raid_efficiency,,none,EU5-specific slave raid effectiveness
slavery_blocked,,none,EU5-specific slavery block
small_estate_building_cost_modifier,,none,EU5-specific estate building cost
societal_value_importance_modifier,,none,EU5-specific AI importance modifier
sow_discontent_monthly_cost_cost_modifier,,none,EU5-specific espionage action
sponsor_sin_forgiveness_cost_modifier,,none,EU5-specific religious action
sponsor_troop_feast_cost_modifier,,none,EU5-specific troop feast action
spy_network_construction,spy_offence,high,Both modify spy network construction/effectiveness
stability_cost,stability_cost_modifier,high,Direct equivalent - stability investment/cost
stability_decay,,none,EU5-specific stability decay
stability_importance_modifier,,none,EU5-specific AI importance modifier
stability_investment,,none,EU5-specific stability investment resource
start_exploration_land_cost_modifier,,none,EU5-specific land exploration action
start_exploration_sea_cost_modifier,,none,EU5-specific sea exploration action
stop_blame_the_minorities_cost_modifier,,none,EU5-specific plague/disaster action
stop_disfavoring_sect_cost_modifier,,none,EU5-specific religious sect action
stop_procure_remedies_cost_modifier,,none,EU5-specific plague action
stop_promoting_sect_cost_modifier,,none,EU5-specific religious sect action
stop_sponsor_sin_forgiveness_cost_modifier,,none,EU5-specific religious action
strengthen_ministry_cost_modifier,,none,EU5-specific ministry action
strict_quarantines_cost_modifier,,none,EU5-specific plague/quarantine action
subject_income_modifier,vassal_income,high,Direct equivalent - income from subjects/vassals
subject_loyalty,,none,EU5-specific subject loyalty (EU4 uses liberty desire inverse)
subject_not_obligated_to_join_war,,none,EU5-specific subject war exemption
subject_opinions,,none,EU5-specific subject opinion
subject_pays_colonial_cost_modifier,global_tariffs,medium,Related colonial income but EU4 is tariff-specific
subject_pays_maha_samanta_cost_modifier,,none,EU5-specific Indian Maha-samanta subject type
subject_pays_march_cost_modifier,,none,EU5-specific march subject income
subject_pays_pradhana_maha_samanta_cost_modifier,,none,EU5-specific Indian subject type
subject_pays_pronoia_cost_modifier,,none,EU5-specific Byzantine Pronoia subject type
subject_pays_samanta_cost_modifier,,none,EU5-specific Indian Samanta subject type
subject_pays_trade_company_cost_modifier,,none,EU5-specific trade company subject income
subject_pays_tributary_cost_modifier,,none,EU5-specific tributary subject income
subject_pays_vassal_cost_modifier,vassal_income,high,Direct equivalent - vassal income to overlord
subjugation_preference_modifier,,none,EU5-specific AI subjugation preference
succession_crisis_price_cost_modifier,,none,EU5-specific succession crisis action
supply_depot_capacity,,none,EU5-specific supply depot mechanic
take_on_debt_cost_modifier,,none,EU5-specific debt action
target_of_military_sponsorships,,none,EU5-specific military sponsorship flag
tatar_yoke_contribution_price_cost_modifier,,none,EU5-specific Tatar Yoke situation
tatar_yoke_leader_payments_price_cost_modifier,,none,EU5-specific Tatar Yoke situation
tax_income_efficiency,global_tax_modifier,high,Direct equivalent - tax income modifier
themata_bureaucracy_impact_modifier,,none,EU5-specific Byzantine bureaucracy
third_rome_cost_modifier,third_rome_cost_modifier,high,Direct name match - third rome action cost
tithe_cost_modifier,,none,EU5-specific tithe action
tithe_price_cost_modifier,,none,EU5-specific tithe action (duplicate concept)
tolerance_heathen,tolerance_heathen,high,Direct equivalent - tolerance of heathens
tolerance_heretic,tolerance_heretic,high,Direct equivalent - tolerance of heretics
tolerance_own,tolerance_own,high,Direct equivalent - tolerance of true faith
total_loan_capacity_modifier,,none,EU5-specific loan capacity mechanic
town_upgrade_cost_modifier,,none,EU5-specific town founding action
trade_company_headquarters_level,,none,EU5-specific trade company HQ mechanic
trade_importance_modifier,,none,EU5-specific AI importance modifier
trade_income,trade_efficiency,high,Direct equivalent - trade income modifier
trade_isolation,,none,EU5-specific trade isolation flag
trade_land_efficiency,,none,EU5-specific trade land efficiency
trade_range,trade_range_modifier,high,Both modify trade range
trade_range_modifier,trade_range_modifier,high,Direct name match - trade range modifier
trade_sea_efficiency,,none,EU5-specific trade sea efficiency
train_admiral_ability,,none,EU5-specific admiral training
train_admiral_cost_modifier,admiral_cost,high,Direct equivalent - cost to hire/train admiral
train_general_ability,,none,EU5-specific general training
train_general_cost_modifier,general_cost,high,Direct equivalent - cost to hire/train general
transfer_subject_price_cost_modifier,,none,EU5-specific subject transfer action
treasure_voyage_cargo_size_modifier,treasure_fleet_income,medium,Related colonial treasure but EU4 is income-side
tribes_estate_agenda_impact,,none,EU5-specific estate agenda
tribes_estate_levy_size,,none,EU5-specific estate levy
tribes_estate_max_tax,,none,EU5-specific estate tax range
tribes_estate_min_tax,,none,EU5-specific estate tax range
tribes_estate_satisfaction_decay,,none,EU5-specific estate satisfaction
tribes_estate_satisfaction_recovery,,none,EU5-specific estate satisfaction
tribes_estate_target_satisfaction,,none,EU5-specific estate satisfaction equilibrium
tribute_payment_received_modifier,,none,EU5-specific Chinese Middle Kingdom tribute
trust_decay,,none,EU5-specific trust mechanic
trust_recovery,,none,EU5-specific trust mechanic
uc_bey_pays_cost_modifier,,none,EU5-specific Ottoman Uc bey income
unemployed_slave_promotion,,none,EU5-specific pop mechanic
union_blocked_from_declaring_war,,none,EU5-specific union restriction
union_contribution_price_cost_modifier,,none,EU5-specific union contribution
university_construction_blocked,,none,EU5-specific university block
unlock_prikazi_reform_cabinet_actions,,none,EU5-specific Russian Prikazi reform
violate_treaty_of_tordesillas_cost_modifier,,none,EU5-specific Tordesillas action
eu5_modifier,eu4_matches,confidence,notes
war_breaking_truce_cost_modifier,,none,EU5-specific truce breaking cost
war_breaking_truce_with_guarantor_cost_modifier,,none,EU5-specific truce/guarantor cost
war_declaration_stab_hit_tolerance,stability_cost_to_declare_war,medium,Related war declaration stability tolerance
war_declaration_war_exhaustion_tolerance,,none,EU5-specific war exhaustion tolerance
war_good_relations_cost_modifier,,none,EU5-specific war cost based on relations
war_great_relations_cost_modifier,,none,EU5-specific war cost based on relations
war_no_cb_cost_modifier,unjustified_demands,medium,Related unjustified war cost (EU4 is peace deal specific)
war_on_different_religion_cost_modifier,,none,EU5-specific war cost modifier
war_on_same_religion_cb_cost_modifier,,none,EU5-specific war cost modifier
war_on_same_religion_no_cb_cost_modifier,,none,EU5-specific war cost modifier
war_on_subject_cost_modifier,,none,EU5-specific war on subject cost
war_score_vs_other_religion_efficiency,warscore_cost_vs_other_religion,high,Direct equivalent - warscore cost vs other religion wars
war_when_military_acces_cost_modifier,,none,EU5-specific military access war cost
western_schism_gold_actions_price_cost_modifier,,none,EU5-specific Western Schism situation action
western_schism_ri_actions_price_cost_modifier,,none,EU5-specific Western Schism situation action
wetlands_proximity_impact,,none,EU5-specific proximity system
wetlands_wasteland_proximity_impact,,none,EU5-specific proximity system
win_war_chance_threshold,,none,EU5-specific AI war chance threshold
wrong_culture_levy_size,,none,EU5-specific non-culture levy penalty
,army_tradition,none,EU4 army tradition yearly rate (partially covered by monthly_army_tradition in EU5)
,army_professionalism,none,EU4 army professionalism concept - no direct EU5 equivalent
,drill_gain_modifier,none,EU4 army drill mechanic - no EU5 equivalent
,drill_decay_modifier,none,EU4 army drill mechanic - no EU5 equivalent
,cav_to_inf_ratio,none,EU4 cavalry-to-infantry ratio penalty - no EU5 equivalent
,cavalry_flanking,none,EU4 cavalry flanking effectiveness (loosely covered by army_light_cavalry_power)
,backrow_artillery_damage,none,EU4 artillery backrow damage - no EU5 equivalent
,fire_damage,none,EU4 fire phase damage - no EU5 equivalent (EU5 uses unit-specific power)
,fire_damage_received,none,EU4 fire damage received - no EU5 equivalent
,shock_damage,none,EU4 shock phase damage - no EU5 equivalent
,shock_damage_received,none,EU4 shock damage received - no EU5 equivalent
,morale_damage,none,EU4 morale damage - no EU5 equivalent
,morale_damage_received,none,EU4 morale damage received - no EU5 equivalent
,reserves_organisation,none,EU4 reserves organization concept - no EU5 equivalent
,no_cost_for_reinforcing,none,EU4 free reinforcement flag - no EU5 equivalent
,manpower_recovery_speed,none,EU4 manpower recovery speed - no direct EU5 equivalent
,global_regiment_cost,none,EU4 all-regiment cost (EU5 splits by unit type)
,land_forcelimit,none,EU4 land force limit (EU5 uses expected_army_size)
,land_forcelimit_modifier,none,EU4 land force limit modifier
,max_hostile_attrition,none,EU4 max hostile attrition cap - no EU5 equivalent
,artillery_barrage_cost,none,EU4 artillery barrage action cost - no EU5 equivalent
,rival_border_fort_maintenance,none,EU4 rival border fort maintenance - no EU5 equivalent
,war_exhaustion_cost,none,EU4 war exhaustion reduction cost - no EU5 equivalent
,leader_land_fire,none,EU4 leader pip min - no EU5 equivalent (EU5 uses train_general_ability)
,leader_land_manuever,none,EU4 leader pip min - no EU5 equivalent
,leader_land_shock,none,EU4 leader pip min - no EU5 equivalent
,leader_siege,none,EU4 leader pip min - no EU5 equivalent
,max_general_fire,none,EU4 leader pip max - no EU5 equivalent
,max_general_maneuver,none,EU4 leader pip max - no EU5 equivalent
,max_general_shock,none,EU4 leader pip max - no EU5 equivalent
,max_general_siege,none,EU4 leader pip max - no EU5 equivalent
,free_leader_pool,none,EU4 free leader pool - no EU5 equivalent
,free_land_leader_pool,none,EU4 free land leader pool - no EU5 equivalent
,free_navy_leader_pool,none,EU4 free navy leader pool - no EU5 equivalent
,raze_power_gain,none,EU4 monarch power from razing - EU5 removed monarch power
,war_taxes_cost_modifier,none,EU4 war taxes action - no EU5 equivalent
,leader_cost,none,EU4 leader hiring cost - partially covered by train_general/admiral_cost
,manpower_in_true_faith_provinces,none,EU4 manpower from true faith provinces
,regiment_manpower_usage,none,EU4 regiment manpower usage - no EU5 equivalent
,capped_by_forcelimit,none,EU4 forcelimit cap flag - no EU5 equivalent
,global_attacker_dice_roll_bonus,none,EU4 attacker dice bonus - no EU5 equivalent
,global_defender_dice_roll_bonus,none,EU4 defender dice bonus - no EU5 equivalent
,own_territory_dice_roll_bonus,none,EU4 own territory dice bonus - no EU5 equivalent
,manpower_in_accepted_culture_provinces,none,EU4 manpower from accepted culture - no EU5 equivalent
,manpower_in_culture_group_provinces,none,EU4 manpower from culture group - no EU5 equivalent
,manpower_in_own_culture_provinces,none,EU4 manpower from own culture - no EU5 equivalent
,may_build_supply_depot,none,EU4 supply depot permission (EU5 has create_supply_depot_cost_modifier)
,may_refill_garrison,none,EU4 refill garrison from armies - no EU5 equivalent
,may_return_manpower_on_disband,none,EU4 manpower return on disband - no EU5 equivalent
,attack_bonus_in_capital_terrain,none,EU4 capital terrain attack bonus - no EU5 equivalent
,force_march_free,none,EU4 free force march - no EU5 equivalent
,enable_forced_march,none,EU4 forced march enable - no EU5 equivalent
,mercenary_discipline,none,EU4 mercenary discipline - no EU5 equivalent (EU5 has general discipline)
,mercenary_manpower,none,EU4 mercenary manpower - no EU5 equivalent
,merc_leader_army_tradition,none,EU4 merc leader tradition - no EU5 equivalent
,merc_independent_from_trade_range,none,EU4 merc trade range - no EU5 equivalent
,allow_mercenaries_to_split,none,EU4 mercenary splitting flag - no EU5 equivalent
,special_unit_forcelimit,none,EU4 special unit forcelimit - no EU5 equivalent (units restructured)
,special_unit_cost_modifier,none,EU4 special unit cost - no EU5 equivalent
,special_unit_manpower_cost_modifier,none,EU4 special unit manpower cost - no EU5 equivalent
,has_marines,none,EU4 marines flag - no EU5 equivalent
,allowed_marine_fraction,none,EU4 marines fraction - no EU5 equivalent
,has_banners,none,EU4 Manchu banners - no EU5 equivalent
,amount_of_banners,none,EU4 Manchu banners amount - no EU5 equivalent
,can_recruit_cawa,none,EU4 Cawa units - no EU5 equivalent
,amount_of_cawa,none,EU4 Cawa amount - no EU5 equivalent
,cawa_cost_modifier,none,EU4 Cawa cost - no EU5 equivalent
,has_carolean,none,EU4 Carolean units - no EU5 equivalent
,amount_of_carolean,none,EU4 Carolean amount - no EU5 equivalent
,can_recruit_hussars,none,EU4 Winged Hussars - no EU5 equivalent
,amount_of_hussars,none,EU4 Hussars amount - no EU5 equivalent
,hussars_cost_modifier,none,EU4 Hussars cost - no EU5 equivalent
,can_recruit_janissaries,none,EU4 Janissaries - no EU5 equivalent
,janissary_cost_modifier,none,EU4 Janissary cost - no EU5 equivalent
,allow_janissaries_from_own_faith,none,EU4 Janissary faith rule - no EU5 equivalent
,can_recruit_cossacks,none,EU4 Cossack units - no EU5 equivalent (EU5 has cossacks estate instead)
,allowed_cossack_fraction,none,EU4 Cossack fraction - no EU5 equivalent
,can_recruit_rajputs,none,EU4 Rajput units - no EU5 equivalent
,allowed_rajput_fraction,none,EU4 Rajput fraction - no EU5 equivalent
,can_recruit_revolutionary_guards,none,EU4 Revolutionary Guards - no EU5 equivalent
,allowed_rev_guard_fraction,none,EU4 Revolutionary Guards fraction - no EU5 equivalent
,has_streltsy,none,EU4 Streltsy - no EU5 equivalent
,allowed_streltsy_fraction,none,EU4 Streltsy fraction - no EU5 equivalent
,amount_of_streltsy,none,EU4 Streltsy amount - no EU5 equivalent
eu5_modifier,eu4_matches,confidence,notes
,has_tercio,none,EU4 Tercio units - no EU5 equivalent
,allowed_tercio_fraction,none,EU4 Tercio fraction - no EU5 equivalent
,amount_of_tercio,none,EU4 Tercio amount - no EU5 equivalent
,has_samurai,none,EU4 Samurai units - no EU5 equivalent
,allowed_samurai_fraction,none,EU4 Samurai fraction - no EU5 equivalent
,amount_of_samurai,none,EU4 Samurai amount - no EU5 equivalent
,has_musketeer,none,EU4 Musketeer units - no EU5 equivalent
,allowed_musketeer_fraction,none,EU4 Musketeer fraction - no EU5 equivalent
,amount_of_musketeers,none,EU4 Musketeer amount - no EU5 equivalent
,has_mamluks,none,EU4 Mamluk units - no EU5 equivalent
,allowed_mamluks_fraction,none,EU4 Mamluk fraction - no EU5 equivalent
,amount_of_mamluks,none,EU4 Mamluk amount - no EU5 equivalent
,has_qizilbash,none,EU4 Qizilbash units - no EU5 equivalent
,allowed_qizilbash_fraction,none,EU4 Qizilbash fraction - no EU5 equivalent
,amount_of_qizilbash,none,EU4 Qizilbash amount - no EU5 equivalent
,siege_blockade_progress,none,EU4 blockade siege progress bonus - no EU5 equivalent
,global_naval_engagement_modifier,none,EU4 naval engagement width modifier - no EU5 equivalent
,global_naval_engagement,none,EU4 naval engagement width - no EU5 equivalent
,naval_morale_damage,none,EU4 naval morale damage - no EU5 equivalent
,naval_morale_damage_received,none,EU4 naval morale damage received - no EU5 equivalent
,ship_durability,none,EU4 ship durability - no EU5 equivalent
,sunk_ship_morale_hit_recieved,none,EU4 sunk ship morale hit - no EU5 equivalent
,leader_naval_fire,none,EU4 naval leader pip min - no EU5 equivalent
,leader_naval_manuever,none,EU4 naval leader pip min - no EU5 equivalent
,leader_naval_shock,none,EU4 naval leader pip min - no EU5 equivalent
,max_admiral_fire,none,EU4 admiral pip max - no EU5 equivalent
,max_admiral_maneuver,none,EU4 admiral pip max - no EU5 equivalent
,max_admiral_shock,none,EU4 admiral pip max - no EU5 equivalent
,max_admiral_siege,none,EU4 admiral pip max - no EU5 equivalent
,global_naval_barrage_cost,none,EU4 naval barrage action cost - no EU5 equivalent
,flagship_cost,none,EU4 flagship cost - no EU5 equivalent (EU5 removed flagships)
,disengagement_chance,none,EU4 disengagement chance - no EU5 equivalent
,transport_attrition,none,EU4 transport attrition - no EU5 equivalent
,landing_penalty,none,EU4 landing combat penalty - no EU5 equivalent
,may_perform_slave_raid,none,EU4 slave raid permission (EU5 has auto_slave_raid)
,may_perform_slave_raid_on_same_religion,none,EU4 slave raid same religion - no EU5 equivalent
,coast_raid_range,none,EU4 coast raid range - no EU5 equivalent
,sea_repair,none,EU4 sea repair permission - partially covered by ship_repair_at_sea
,movement_speed_in_fleet_modifier,none,EU4 fleet movement speed - partially matched to navy_movement_speed
,max_flagships,none,EU4 max flagships - no EU5 equivalent
,number_of_cannons,none,EU4 ship cannons - no EU5 equivalent
,number_of_cannons_modifier,none,EU4 ship cannons modifier - no EU5 equivalent
,heavy_ship_number_of_cannons_modifier,none,EU4 heavy ship cannons - no EU5 equivalent
,light_ship_number_of_cannons_modifier,none,EU4 light ship cannons - no EU5 equivalent
,galley_number_of_cannons_modifier,none,EU4 galley cannons - no EU5 equivalent
,transport_number_of_cannons_modifier,none,EU4 transport cannons - no EU5 equivalent
,hull_size,none,EU4 ship hull size - no EU5 equivalent
,hull_size_modifier,none,EU4 hull size modifier - no EU5 equivalent
,heavy_ship_hull_size_modifier,none,EU4 heavy ship hull - no EU5 equivalent
,light_ship_hull_size_modifier,none,EU4 light ship hull - no EU5 equivalent
,galley_hull_size_modifier,none,EU4 galley hull - no EU5 equivalent
,transport_hull_size_modifier,none,EU4 transport hull - no EU5 equivalent
,engagement_cost,none,EU4 engagement width per ship - no EU5 equivalent
,engagement_cost_modifier,none,EU4 engagement width modifier - no EU5 equivalent
,ship_trade_power,none,EU4 ship trade power - no EU5 equivalent
,ship_trade_power_modifier,none,EU4 ship trade power modifier - no EU5 equivalent
,can_transport_units,none,EU4 non-transport ships transport ability - no EU5 equivalent
,admiral_skill_gain_modifier,none,EU4 flagship-related admiral skill - no EU5 equivalent
,flagship_durability,none,EU4 flagship modifier - no EU5 equivalent
,flagship_morale,none,EU4 flagship modifier - no EU5 equivalent
,flagship_naval_engagement_modifier,none,EU4 flagship modifier - no EU5 equivalent
,movement_speed_onto_off_boat_modifier,none,EU4 flagship disembark modifier - partially matches army_disembark_speed
,flagship_landing_penalty,none,EU4 flagship landing - no EU5 equivalent
,number_of_cannons_flagship_modifier,none,EU4 flagship cannons - no EU5 equivalent
,number_of_cannons_flagship,none,EU4 flagship cannons - no EU5 equivalent
,naval_maintenance_flagship_modifier,none,EU4 flagship maintenance - no EU5 equivalent
,trade_power_in_fleet_modifier,none,EU4 flagship fleet trade - no EU5 equivalent
,morale_in_fleet_modifier,none,EU4 flagship fleet morale - no EU5 equivalent
,blockade_impact_on_siege_in_fleet_modifier,none,EU4 flagship blockade impact - no EU5 equivalent
,exploration_mission_range_in_fleet_modifier,none,EU4 flagship exploration range - no EU5 equivalent
,barrage_cost_in_fleet_modifier,none,EU4 flagship barrage cost - no EU5 equivalent
,naval_attrition_in_fleet_modifier,none,EU4 flagship attrition - no EU5 equivalent
,privateering_efficiency_in_fleet_modifier,none,EU4 flagship privateer efficiency - no EU5 equivalent
,prestige_from_battles_in_fleet_modifier,none,EU4 flagship prestige - no EU5 equivalent
,naval_tradition_in_fleet_modifier,none,EU4 flagship tradition - no EU5 equivalent
,cannons_for_hunting_pirates_in_fleet,none,EU4 flagship pirate hunting - no EU5 equivalent
,has_geobukseon,none,EU4 Geobukseon ships - no EU5 equivalent
,allowed_geobukseon_fraction,none,EU4 Geobukseon fraction - no EU5 equivalent
,amount_of_geobukseon,none,EU4 Geobukseon amount - no EU5 equivalent
,has_galleass,none,EU4 Galleass ships - no EU5 equivalent
,allowed_galleass_fraction,none,EU4 Galleass fraction - no EU5 equivalent
,amount_of_galleass,none,EU4 Galleass amount - no EU5 equivalent
,has_voc_indiamen,none,EU4 VOC Indiamen ships - no EU5 equivalent
,allowed_voc_indiamen_fraction,none,EU4 VOC Indiamen fraction - no EU5 equivalent
,amount_of_voc_indiamen,none,EU4 VOC Indiamen amount - no EU5 equivalent
,has_man_of_war,none,EU4 Man of War ships - no EU5 equivalent
,allowed_man_of_war_fraction,none,EU4 Man of War fraction - no EU5 equivalent
,amount_of_man_of_war,none,EU4 Man of War amount - no EU5 equivalent
,has_galleon,none,EU4 Galleon ships - no EU5 equivalent
,allowed_galleon_fraction,none,EU4 Galleon fraction - no EU5 equivalent
,amount_of_galleon,none,EU4 Galleon amount - no EU5 equivalent
,has_caravel,none,EU4 Caravel ships - no EU5 equivalent
,allowed_caravel_fraction,none,EU4 Caravel fraction - no EU5 equivalent
,amount_of_caravel,none,EU4 Caravel amount - no EU5 equivalent
,envoy_travel_time,none,EU4 diplomat/merchant/colonist travel time - no EU5 equivalent
,province_warscore_cost,none,EU4 province warscore cost - no EU5 equivalent
,accept_vassalization_reasons,none,Already matched to EU5 accept_subjugation_reasons
,transfer_trade_power_reasons,none,EU4 transfer trade reasons - no EU5 equivalent
,monthly_federation_favor_growth,none,EU4 native federation favor - no EU5 equivalent
,monthly_favor_modifier,none,EU4 favors gained modifier - no EU5 equivalent
,cb_on_overseas,none,EU4 overseas CB - no EU5 equivalent
,idea_claim_colonies,none,EU4 colonial claim CB - no EU5 equivalent
,cb_on_government_enemies,none,EU4 government enemies CB flag - no EU5 equivalent
,cb_on_religious_enemies,none,EU4 religious enemies CB flag - no EU5 equivalent
,reduced_stab_impacts,none,EU4 stab hit reduction on diplo - no EU5 equivalent
,can_fabricate_for_vassals,none,EU4 fabricate for vassals - no EU5 equivalent
,state_maintenance_modifier,none,EU4 state maintenance - no EU5 equivalent (EU5 removed states)
,inflation_action_cost,none,EU4 reduce inflation cost - no EU5 equivalent
,may_not_reduce_inflation,none,EU4 inflation reduction block - no EU5 equivalent
,inflation_reduction,none,EU4 yearly inflation reduction - no EU5 equivalent
,monthly_gold_inflation_modifier,none,EU4 gold mine inflation - no EU5 equivalent
,gold_depletion_chance_modifier,none,EU4 gold mine depletion - no EU5 equivalent
,can_not_build_buildings,none,EU4 building block - no EU5 equivalent
,development_cost,none,EU4 development cost - no EU5 equivalent (EU5 removed dev clicking)
,development_cost_in_primary_culture,none,EU4 dev cost primary culture - no EU5 equivalent
,development_cost_modifier,none,EU4 development cost modifier - no EU5 equivalent
,tribal_development_growth,none,EU4 tribal dev growth - no EU5 equivalent
,add_tribal_land_cost,none,EU4 add tribal land - no EU5 equivalent
,global_allowed_num_of_buildings,none,EU4 building slots - no EU5 equivalent
,global_allowed_num_of_manufactories,none,EU4 manufactory slots - no EU5 equivalent
,great_project_upgrade_cost,none,EU4 great project upgrade - no EU5 equivalent
,great_project_upgrade_time,none,EU4 great project time - no EU5 equivalent
,global_monthly_devastation,none,EU4 monthly devastation - no EU5 equivalent
,administrative_efficiency,none,EU4 admin efficiency - partially covered by global_integration_speed_modifier & diplomatic_annexation_cost
,free_concentrate_development,none,EU4 free develop concentration - no EU5 equivalent
,expand_infrastructure_cost_modifier,none,EU4 expand infrastructure - no EU5 equivalent
,centralize_state_cost,none,EU4 centralize state - no EU5 equivalent
,core_creation,none,EU4 core creation cost - no EU5 equivalent
,core_decay_on_your_own,none,EU4 core decay - no EU5 equivalent
,enemy_core_creation,none,EU4 enemy core creation - no EU5 equivalent
,ignore_coring_distance,none,EU4 coring distance - no EU5 equivalent
,idea_cost,none,EU4 idea cost - no EU5 equivalent (EU5 removed ideas)
,institution_spread_from_true_faith,none,EU4 institution spread from faith - no EU5 equivalent
,native_advancement_cost,none,EU4 native advancement - no EU5 equivalent
,all_power_cost,none,EU4 all monarch power cost - no EU5 equivalent (EU5 removed monarch power)
,innovativeness_gain,none,EU4 innovativeness gain - no EU5 equivalent
,yearly_innovativeness,none,EU4 yearly innovativeness - no EU5 equivalent
,free_adm_policy,none,EU4 free admin policy - no EU5 equivalent
,free_dip_policy,none,EU4 free dip policy - no EU5 equivalent
,free_mil_policy,none,EU4 free mil policy - no EU5 equivalent
,possible_adm_policy,none,EU4 admin policy slots - no EU5 equivalent
,possible_dip_policy,none,EU4 dip policy slots - no EU5 equivalent
,possible_mil_policy,none,EU4 mil policy slots - no EU5 equivalent
,possible_policy,none,EU4 all policy slots - no EU5 equivalent
,free_policy,none,EU4 all free policies - no EU5 equivalent
,country_admin_power,none,EU4 monthly admin power - no EU5 equivalent (EU5 removed monarch power)
,country_diplomatic_power,none,EU4 monthly dip power - no EU5 equivalent
,country_military_power,none,EU4 monthly mil power - no EU5 equivalent
,monthly_splendor,none,EU4 splendor points - no EU5 equivalent
,yearly_corruption,none,EU4 yearly corruption - no EU5 equivalent
,same_culture_advisor_cost,none,EU4 same culture advisor cost - no EU5 equivalent
,same_religion_advisor_cost,none,EU4 same religion advisor cost - no EU5 equivalent
,advisor_pool,none,EU4 advisor pool size - no EU5 equivalent
,female_advisor_chance,none,EU4 female advisor chance - no EU5 equivalent
,heir_chance,none,EU4 heir generation chance - no EU5 equivalent
,monthly_heir_claim_increase,none,EU4 heir claim increase - no EU5 equivalent
,monthly_heir_claim_increase_modifier,none,EU4 heir claim modifier - no EU5 equivalent
,block_introduce_heir,none,EU4 introduce heir block - no EU5 equivalent
,monarch_admin_power,none,EU4 monarch ADM skill - no EU5 equivalent
,monarch_diplomatic_power,none,EU4 monarch DIP skill - no EU5 equivalent
,monarch_military_power,none,EU4 monarch MIL skill - no EU5 equivalent
,adm_advisor_cost,none,EU4 admin advisor cost - no EU5 equivalent
,dip_advisor_cost,none,EU4 dip advisor cost - no EU5 equivalent
,mil_advisor_cost,none,EU4 mil advisor cost - no EU5 equivalent
,monthly_support_heir_gain,none,EU4 elective monarchy heir support - no EU5 equivalent
,power_projection_from_insults,none,EU4 PP from insults - no EU5 equivalent
,local_heir_adm,none,EU4 elective heir ADM - no EU5 equivalent
,local_heir_dip,none,EU4 elective heir DIP - no EU5 equivalent
,local_heir_mil,none,EU4 elective heir MIL - no EU5 equivalent
,national_focus_years,none,EU4 national focus cooldown - no EU5 equivalent
,yearly_absolutism,none,EU4 absolutism - no EU5 equivalent
,max_absolutism,none,EU4 max absolutism - no EU5 equivalent
,max_absolutism_effect,none,EU4 max absolutism effect - no EU5 equivalent
,<government_power_type_id>_gain_modifier,none,EU4 gov power gain - no EU5 equivalent
,monthly_<government_power_type_id>,none,EU4 gov mechanic power - no EU5 equivalent
,yearly_government_power,none,EU4 gov power yearly - no EU5 equivalent
,<faction>_influence,none,EU4 faction influence - no EU5 equivalent
,imperial_mandate,none,EU4 Chinese mandate - no EU5 equivalent
,candidate_random_bonus,none,EU4 republic candidate bonus - no EU5 equivalent
,reelection_cost,none,EU4 reelection cost - no EU5 equivalent
,max_terms,none,EU4 max terms - no EU5 equivalent
,governing_capacity,none,EU4 governing capacity - no EU5 equivalent (EU5 removed states)
,governing_capacity_modifier,none,EU4 governing capacity modifier - no EU5 equivalent
,governing_cost,none,EU4 governing cost - no EU5 equivalent
,state_governing_cost,none,EU4 state governing cost - no EU5 equivalent
,territories_governing_cost,none,EU4 territories governing cost - no EU5 equivalent
,trade_company_governing_cost,none,EU4 trade company gov cost - no EU5 equivalent
,state_governing_cost_increase,none,EU4 state gov cost increase - no EU5 equivalent
,expand_administration_cost,none,EU4 expand admin cost - no EU5 equivalent
,yearly_revolutionary_zeal,none,EU4 revolutionary zeal - no EU5 equivalent
,max_revolutionary_zeal,none,EU4 max revolutionary zeal - no EU5 equivalent
,reform_progress_growth,none,EU4 reform progress from autonomy - no EU5 equivalent
,monthly_reform_progress,none,EU4 monthly reform progress - no EU5 equivalent
,monthly_reform_progress_modifier,none,EU4 reform progress modifier - no EU5 equivalent
,can_revoke_parliament_seats,none,EU4 revoke parliament seats - no EU5 equivalent
,parliament_chance_of_decision,none,EU4 parliament decision chance - no EU5 equivalent
,num_of_parliament_issues,none,EU4 parliament issues count - no EU5 equivalent
,max_possible_parliament_seats,none,EU4 max parliament seats - no EU5 equivalent
,<estate>_influence_modifier,none,EU4 estate influence - EU5 uses different estate system
,<estate>_loyalty_modifier,none,EU4 estate loyalty - EU5 uses estate satisfaction instead
,<estate>_privilege_slots,none,EU4 estate privilege slots - no EU5 equivalent
,all_estate_influence_modifier,none,EU4 all estate influence - no EU5 equivalent
,all_estate_loyalty_equilibrium,none,EU4 all estate loyalty - no EU5 equivalent
,all_estate_possible_privileges,none,EU4 all estate privileges - no EU5 equivalent
,allow_free_estate_privilege_revocation,none,EU4 free estate revocation - no EU5 equivalent
,loyalty_change_on_revoked,none,EU4 revoke loyalty hit - no EU5 equivalent
,estate_interaction_cooldown_modifier,none,EU4 estate interaction cooldown - no EU5 equivalent
,imperial_authority_value,none,Already matched to EU5 monthly_imperial_authority
,free_city_imperial_authority,none,EU4 free city IA - no EU5 equivalent
,imperial_mercenary_cost,none,EU4 HRE merc cost - partially matched to hre_army_building_cost_modifier
,max_free_cities,none,EU4 max free cities - no EU5 equivalent
,max_electors,none,EU4 max electors - no EU5 equivalent
,legitimate_subject_elector,none,EU4 elector desire - no EU5 equivalent
,manpower_against_imperial_enemies,none,EU4 manpower vs imperial enemies - no EU5 equivalent
,imperial_reform_catholic_approval,none,EU4 HRE reform approval - no EU5 equivalent
,culture_conversion_cost,none,EU4 culture conversion cost - no EU5 equivalent
,culture_conversion_time,none,EU4 culture conversion time - no EU5 equivalent
,num_accepted_cultures,none,Already matched to EU5 cultures_capacity
,relation_with_same_culture,none,EU4 relation same culture - no EU5 equivalent
,relation_with_same_culture_group,none,EU4 relation culture group - no EU5 equivalent
,relation_with_accepted_culture,none,EU4 relation accepted culture - no EU5 equivalent
,relation_with_other_culture,none,EU4 relation other culture - no EU5 equivalent
,can_not_declare_war,none,Already matched to EU5 blocked_from_declaring_war
,global_unrest,none,EU4 unrest - no EU5 equivalent (EU5 uses pop_join_rebel_threshold)
,global_autonomy,none,EU4 autonomy - no EU5 equivalent (EU5 removed autonomy)
,min_autonomy,none,EU4 min autonomy - no EU5 equivalent
,autonomy_change_time,none,EU4 autonomy cooldown - no EU5 equivalent
,harsh_treatment_cost,none,EU4 harsh treatment - no EU5 equivalent
,global_rebel_suppression_efficiency,none,EU4 rebel suppression - no EU5 equivalent
,min_autonomy_in_territories,none,EU4 territory autonomy - no EU5 equivalent
,unrest_catholic_provinces,none,EU4 Catholic unrest - no EU5 equivalent
,no_stability_loss_on_monarch_death,none,EU4 no stab loss on death - no EU5 equivalent
,overextension_impact_modifier,none,EU4 overextension - no EU5 equivalent
,vassal_forcelimit_bonus,none,EU4 vassal FL bonus - partially matched via subject types
,vassal_naval_forcelimit_bonus,none,EU4 vassal naval FL - no EU5 equivalent
,vassal_manpower_bonus,none,EU4 vassal manpower - no EU5 equivalent
,vassal_sailors_bonus,none,EU4 vassal sailors - no EU5 equivalent
,overlord_naval_forcelimit,none,EU4 overlord naval FL - no EU5 equivalent
,overlord_naval_forcelimit_modifier,none,EU4 overlord naval FL modifier - no EU5 equivalent
,can_transfer_vassal_wargoal,none,EU4 transfer vassal wargoal - no EU5 equivalent
,liberty_desire,none,EU4 liberty desire - inverse of EU5 loyalty_to_overlord (already matched)
,liberty_desire_from_subject_development,none,EU4 liberty from dev - no EU5 equivalent
,reduced_liberty_desire,none,EU4 reduced liberty desire - no EU5 equivalent
,reduced_liberty_desire_on_same_continent,none,EU4 reduced LD same continent - no EU5 equivalent
,reduced_liberty_desire_on_other_continent,none,EU4 reduced LD other continent - no EU5 equivalent
,allow_client_states,none,EU4 client state permission - partially matched to allow_subjects
,colonial_type_change_cost_modifier,none,EU4 colonial type change - no EU5 equivalent
,colonial_subject_type_upgrade_cost_modifier,none,EU4 colonial upgrade - no EU5 equivalent
,years_to_integrate_personal_union,none,EU4 PU integration years - partially matched to annexation_speed_base
,chance_to_inherit,none,EU4 PU inheritance chance - no EU5 equivalent
,monarch_power_tribute,none,EU4 tributary monarch power - no EU5 equivalent
,tributary_conversion_cost_modifier,none,EU4 tributary conversion - no EU5 equivalent
,annexation_relations_impact,none,EU4 annexation relations - no EU5 equivalent
,claim_duration,none,EU4 claim duration - no EU5 equivalent
,can_chain_claim,none,EU4 chain claim - no EU5 equivalent
,discovered_relations_impact,none,EU4 discovered espionage relations - no EU5 equivalent
,rebel_support_efficiency,none,EU4 rebel support - no EU5 equivalent
,can_claim_states,none,EU4 claim states - no EU5 equivalent
,no_claim_cost_increasement,none,EU4 no claim cost increase - no EU5 equivalent
,spy_action_cost_modifier,none,EU4 spy action cost - no EU5 equivalent
,global_missionary_strength,none,EU4 missionary strength - partially matched to building_missionary_effort_modifier
,can_not_build_missionaries,none,Already matched to EU5 blocked_from_conversion
,may_not_convert_territories,none,EU4 no territory conversion - no EU5 equivalent
,missionaries,none,EU4 missionary count - no EU5 equivalent
,missionary_maintenance_cost,none,EU4 missionary maintenance - no EU5 equivalent
,religious_unity,none,EU4 religious unity - no EU5 equivalent
,tolerance_of_heretics_capacity,none,EU4 max heretic tolerance - no EU5 equivalent
,tolerance_of_heathens_capacity,none,EU4 max heathen tolerance - no EU5 equivalent
,papal_influence_from_cardinals,none,EU4 papal influence from cardinals - no EU5 equivalent
,curia_treasury_contribution,none,EU4 curia treasury - no EU5 equivalent
,monthly_church_power,none,EU4 church power - no EU5 equivalent
,church_power_modifier,none,EU4 church power modifier - no EU5 equivalent
,monthly_fervor_increase,none,EU4 Reformed fervor - no EU5 equivalent
,yearly_patriarch_authority,none,EU4 Orthodox patriarch authority - no EU5 equivalent
,monthly_piety,none,EU4 Muslim piety - no EU5 equivalent (EU5 has monthly_purity but different)
,monthly_piety_accelerator,none,EU4 piety accelerator - no EU5 equivalent
,harmonization_speed,none,EU4 Confucian harmonization - no EU5 equivalent (EU5 has monthly_harmony)
,monthly_karma_accelerator,none,EU4 karma accelerator - no EU5 equivalent
,yearly_doom_reduction,none,EU4 doom reduction - no EU5 equivalent
,yearly_authority,none,EU4 Inti authority - no EU5 equivalent
,enforce_religion_cost,none,EU4 enforce religion cost - no EU5 equivalent
,prestige_per_development_from_conversion,none,EU4 prestige from conversion - no EU5 equivalent
,establish_order_cost,none,EU4 establish order - no EU5 equivalent
,global_religious_conversion_resistance,none,EU4 conversion resistance - no EU5 equivalent
,relation_with_same_religion,none,EU4 relation same religion - no EU5 equivalent
,relation_with_heretics,none,EU4 relation heretics - no EU5 equivalent
,relation_with_heathens,none,EU4 relation heathens - no EU5 equivalent
,reverse_relation_with_same_religion,none,EU4 reverse relation same religion - no EU5 equivalent
,reverse_relation_with_heretic_religion,none,EU4 reverse relation heretic - no EU5 equivalent
,reverse_relation_with_heathen_religion,none,EU4 reverse relation heathen - no EU5 equivalent
,no_religion_penalty,none,EU4 no religion penalty - no EU5 equivalent
,extra_manpower_at_religious_war,none,EU4 religious war manpower - no EU5 equivalent
,can_not_build_colonies,none,Already matched to EU5 can_colonize (inverse)
,colonists,none,EU4 colonist count - no EU5 equivalent
,colonist_placement_chance,none,EU4 colonist placement - partially matched to colonial_migration_size_modifier
,native_uprising_chance,none,EU4 native uprising - no EU5 equivalent
,native_assimilation,none,EU4 native assimilation - no EU5 equivalent
,migration_cost,none,EU4 primitive migration - no EU5 equivalent
,global_tariffs,none,EU4 colonial tariffs - partially matched to subject_pays_colonial_cost_modifier
,treasure_fleet_income,none,EU4 treasure fleet income - partially matched to treasure_voyage_cargo_size_modifier
,expel_minorities_cost,none,EU4 expel minorities - no EU5 equivalent
,auto_explore_adjacent_to_colony,none,EU4 auto-explore near colony - no EU5 equivalent
,may_establish_frontier,none,EU4 Siberian frontier - no EU5 equivalent
,free_maintenance_on_expl_conq,none,EU4 free explorer maintenance - no EU5 equivalent
,colony_development_boost,none,EU4 colony dev boost - no EU5 equivalent
,caravan_power,none,EU4 caravan power (inland nodes) - no EU5 equivalent
,can_not_send_merchants,none,EU4 merchant send block - no EU5 equivalent
,merchants,none,EU4 merchant count - no EU5 equivalent
,placed_merchant_power,none,EU4 placed merchant power - no EU5 equivalent
,placed_merchant_power_modifier,none,EU4 placed merchant modifier - no EU5 equivalent
,global_trade_power,none,EU4 global trade power - partially matched to global_merchant_power
,global_foreign_trade_power,none,EU4 foreign trade power - no EU5 equivalent
,global_own_trade_power,none,EU4 domestic trade power - no EU5 equivalent
,global_prov_trade_power_modifier,none,EU4 province trade power - no EU5 equivalent
,global_trade_goods_size_modifier,none,EU4 trade good size modifier - no EU5 equivalent
,global_trade_goods_size,none,EU4 trade good size - no EU5 equivalent
,trade_efficiency,none,Already matched to EU5 trade_income
,trade_steering,none,EU4 trade steering - no EU5 equivalent
,global_ship_trade_power,none,EU4 ship trade power - no EU5 equivalent
,privateer_efficiency,none,EU4 privateer efficiency - no EU5 equivalent
,embargo_efficiency,none,EU4 embargo efficiency - no EU5 equivalent
,ship_power_propagation,none,EU4 trade power propagation - no EU5 equivalent
,center_of_trade_upgrade_cost,none,EU4 CoT upgrade cost - no EU5 equivalent
,trade_company_investment_cost,none,EU4 TC investment - no EU5 equivalent
,mercantilism_cost,none,EU4 mercantilism - no EU5 equivalent
,reduced_trade_penalty_on_non_main_tradenode,none,EU4 non-main node trade - no EU5 equivalent
,<tech>_cost_modifier,none,EU4 specific tech cost - no EU5 equivalent (EU5 uses research_speed)
,technology_cost,none,EU4 all tech cost - partially matched to research_speed_modifier
,embracement_cost,none,Already matched to EU5 absorb_institutions_cost_modifier & embrace_institution_cost_modifier
,global_institution_spread,none,Already matched to EU5 global_institution_growth_modifier
,ae_impact,none,Already matched to EU5 aggressiveness_modifier