eu5_modifier,eu4_matches,confidence,notes,eu5_localization,eu5_category,eu5_type,eu5_format,eu4_subsection,eu4_description,eu4_effect_type
absorb_institutions_cost_modifier,embracement_cost,high,Both modify the cost of embracing/absorbing institutions,Absorb Institutions,country,multiplicative,"percent, good",Technology,Modifies the ducat cost for embracing an institution.,Multiplicative
accept_subjugation_reasons,accept_vassalization_reasons,high,Direct equivalent - reasons to accept becoming a subject,Accept Subjugation Reasons,country,,good,Diplomacy,Gives reasons to accept vassalization.,Additive
activate_avatar_cost_modifier,,none,EU5-specific avatar mechanic with no EU4 equivalent,Activate Avatar Cost,country,multiplicative,"percent, bad",,,
add_accepted_culture_cost_modifier,promote_culture_cost,medium,Related cultural action but EU4 promotes culture rather than adds accepted,Add Accepted Culture Cost,country,multiplicative,"percent, bad",Culture,Modifies the diplomatic power cost for promoting a culture.,Multiplicative
add_location_to_international_organization_cost_modifier,,none,EU5-specific international organization mechanic,Add Location to International Organization Cost,country,multiplicative,"percent, bad",,,
add_religious_aspect_christian_cost_modifier,,none,EU5-specific religious aspect system,Cost of Adding Religious Aspect,country,multiplicative,"percent, bad",,,
add_religious_aspect_hellenism_cost_modifier,,none,EU5-specific religious aspect system,Cost of Adding Religious Aspect,country,multiplicative,"percent, bad",,,
add_religious_aspect_inti_cost_modifier,,none,EU5-specific religious aspect system,Cost of Choosing Worshipping a God,country,multiplicative,"percent, bad",,,
add_tolerated_culture_cost_modifier,,none,EU5-specific tolerated culture concept,Add Tolerated Culture Cost,country,multiplicative,"percent, bad",,,
aggressiveness_modifier,ae_impact,high,Both modify aggressive expansion generated,Aggressiveness,country,multiplicative,"percent, bad",Diplomacy,Modifies the total size of aggressive expansion gained during actions that confer it.,Multiplicative
aid_colonial_war_cost_modifier,,none,EU5-specific colonial war aid action,Aid Colonial War Efforts Cost Modifier,country,multiplicative,"percent, bad",,,
allelengyon_bureaucracy_impact_modifier,,none,EU5-specific Byzantine bureaucracy mechanic,Allelengyon Impact,country,multiplicative,"percent, good",,,
allow_assembly_parliament,,none,EU5-specific parliament type,Allow Assembly Parliament,country,boolean,good,,,
allow_autocratic_parliament,,none,EU5-specific parliament type,Allow Autocratic Parliament,country,boolean,good,,,
allow_bureaucracy,,none,EU5-specific bureaucracy system,Allow Bureaucracy,country,boolean,good,,,
allow_cabinet_assimilate_area,,none,EU5-specific cabinet action,Assimilate Area,country,boolean,good,,,
allow_cabinet_diplomatic_corps,,none,EU5-specific cabinet action,Diplomatic Corps,country,boolean,good,,,
allow_cabinet_naval_focus,,none,EU5-specific cabinet action,Maritime Support,country,boolean,good,,,
allow_cabinet_reduced_paperwork,,none,EU5-specific cabinet action,Reduced Paperwork,country,boolean,good,,,
allow_cabinet_soldiers_as_workforce,,none,EU5-specific cabinet action,Soldiers as Workforce,country,boolean,good,,,
allow_conquistadors,may_explore,high,EU4 may_explore covers both explorers and conquistadors,Can Recruit Conquistadors,country,boolean,good,Colonisation,Allows the recruitment of explorers and conquisadors.,Constant
allow_constitutional_parliament,,none,EU5-specific parliament type,Allow Constitutional Parliament,country,boolean,good,,,
allow_council_parliament,,none,EU5-specific parliament type,Allow Council Parliament,country,boolean,good,,,
allow_diplomacy_force_change_court_language,,none,EU5-specific diplomatic action,Force Change Court Language,country,boolean,good,,,
allow_diplomacy_force_divert_trade,,none,EU5-specific diplomatic action,Force Divert Trade,country,boolean,good,,,
allow_diplomacy_force_embargo,,none,EU5-specific diplomatic action,Force Embargo,country,boolean,good,,,
allow_diplomacy_influence_nation,,none,EU5-specific diplomatic action,Influence Country,country,boolean,good,,,
allow_diplomacy_violate_sovereignty,,none,EU5-specific diplomatic action,Violate Sovereignty,country,boolean,good,,,
allow_estate_parliament,,none,EU5-specific parliament type combining estates,Allow Estate Parliament,"country, estate",boolean,good,,,
allow_extensive_conscription_cabinet_action,,none,EU5-specific cabinet action,Allows Extensive Conscription,country,boolean,good,,,
allow_female_cabinet,,none,EU5-specific cabinet gender rule,Allow Females in Cabinet,country,boolean,good,,,
allow_female_leader,may_recruit_female_generals,high,Direct equivalent - allows female military commanders,Allow Females to Command,country,boolean,good,Military,Allows the recruitment of female generals.,Constant
allow_harmony,,none,EU5-specific harmony toggle (EU4 harmony exists but no allow modifier),Enable Harmony,country,boolean,good,,,
allow_landfriede,,none,EU5-specific HRE Landfriede mechanic,Can Enforce Landfriede,country,boolean,good,,,
allow_male_cabinet,,none,EU5-specific cabinet gender rule,Allow Males in Cabinet,country,boolean,good,,,
allow_male_leader,,none,EU5-specific gender rule for commanders,Allow Males to Command,country,boolean,good,,,
allow_mercenary_drill,allow_mercenary_drill,high,Direct equivalent - enables mercenary drilling,,,,,Mercenary,Allows mercenaries the ability to drill. Also works in unit scope.,Constant
allow_mysticism_vs_jurisprudence,,none,EU5-specific religious school mechanic,Allow Mysticism vs Jurisprudence,country,boolean,good,,,
allow_native_subjugation_cb,cb_on_primitives,high,Both grant CB against natives/primitives,Native Subjugation Casus Belli,country,boolean,good,Diplomacy,Allows claims to be fabricated on overseas provinces in colonial regions.,Constant
allow_open_sea_exploration,may_explore,medium,Related exploration permission but EU5 specifies open sea,Allows Open Sea Exploration,country,boolean,good,Colonisation,Allows the recruitment of explorers and conquisadors.,Constant
allow_paik_levies,,none,EU5-specific Indian levy type,Allow Paik Levies,country,boolean,good,,,
allow_privateers_slave_raid,may_perform_slave_raid,medium,Related slave raid mechanic via privateers,Privateers Will Raid for Slaves,country,boolean,good,Navy,Allows ships to perform slave raids.,Constant
allow_rgo_slave_demand,,none,EU5-specific pop/RGO system,Slaves working with Raw Materials,country,boolean,good,,,
allow_righteousness,,none,EU5-specific religious mechanic,Enable Righteousness,country,boolean,good,,,
allow_roman_movement,,none,EU5-specific Latin/Roman revival mechanic,Allow Latin Revival Movement,country,boolean,good,,,
allow_safe_refuge_cost_modifier,,none,EU5-specific diplomatic action,Cost of Allow Safe Refuge Action,country,multiplicative,"percent, bad",,,
allow_self_control,,none,EU5-specific mechanic,Enable Self Control,country,boolean,good,,,
allow_slave_conversion,,none,EU5-specific pop mechanic,Allow Conversion of Slaves,country,boolean,good,,,
allow_smartism_gods,,none,EU5-specific religious system,Enable Smartism Gods,country,boolean,good,,,
allow_subjects,allow_client_states,medium,Related - EU4 allow_client_states is narrower subset of subjects,Can Get Subjects,country,boolean,good,Subject,Allows a country to create client states.,Constant
allow_thema_headquarters,,none,EU5-specific Byzantine mechanic,Allows Théma Headquarters,country,boolean,good,,,
allow_tributary_subject,,none,EU5-specific (EU4 tributaries handled differently),Allow Tributary Subjects,country,boolean,good,,,
allow_tribute_in_silver,,none,EU5-specific tribute mechanic,May Demand Silver Tribute,country,boolean,good,,,
allowed_alliance,,none,EU5-specific diplomatic permission flag,Can Sign Alliance,country,boolean,good,,,
allowed_enforce_peace,,none,EU5-specific diplomatic permission flag,Can Enforce Peace,country,boolean,good,,,
allowed_guarantee,,none,EU5-specific diplomatic permission flag,Can Guarantee,country,boolean,good,,,
allowed_intervene_in_war,,none,EU5-specific diplomatic permission flag,Can Intervene in War,country,boolean,good,,,
allowed_support_rebels,,none,EU5-specific diplomatic permission flag,Can Support Rebels,country,boolean,good,,,
allowed_threaten_war,,none,EU5-specific diplomatic permission flag,Can Threaten War,country,boolean,good,,,
allows_hanseatic_federation_buildings,,none,EU5-specific Hanseatic mechanic,Allows Hanseatic Federation Buildings,country,boolean,good,,,
always_allow_army_levies,,none,EU5-specific levy system,Army Levies Always Allowed,country,boolean,good,,,
always_allow_levies,,none,EU5-specific levy system,All Levies Always Allowed,country,boolean,good,,,
always_allow_navy_levies,,none,EU5-specific levy system,Navy Levies Always Allowed,country,boolean,good,,,
amount_looted_modifier,loot_amount,high,Both modify amount of loot taken,Amount Looted,unit,multiplicative,"percent, good",Military,Modifies the amount of loot taken at once during looting.,Multiplicative
amount_looted_modifier,available_province_loot,medium,Related loot mechanic on the province side,Amount Looted,unit,multiplicative,"percent, good",Military,Modifies the amount of loot available in a province.,Multiplicative
annexation_speed_base,years_to_integrate_personal_union,medium,Related to annexation/integration speed but EU4 is PU-specific,Speed of Annexation,country,,good,Subject,Adds to the years it takes to integrate a personal union,Additive
annexation_speed_modifier,global_integration_speed_modifier,high,Both modify integration/annexation speed,Speed of Annexation,country,multiplicative,"percent, good",,,
antagonism_breaking_truce_giving_modifier,,none,EU5-specific antagonism mechanic,Antagonism Given from Breaking Truce Modifier,country,multiplicative,"percent, neutral",,,
antagonism_culture_influence,,none,EU5-specific antagonism mechanic,Antagonism Culture Influence,country,,"percent, neutral",,,
antagonism_government_type_influence,,none,EU5-specific antagonism mechanic,Antagonism Government Type Influence,country,,"percent, neutral",,,
antagonism_language_influence,,none,EU5-specific antagonism mechanic,Antagonism Language Influence,country,,"percent, neutral",,,
antagonism_monthly_change_modifier,,none,EU5-specific antagonism mechanic,Antagonism Decay,country,multiplicative,good,,,
antagonism_peace_treaty_demands_giving_modifier,,none,EU5-specific antagonism mechanic,Antagonism Given from Peace Treaty Demands,country,multiplicative,"percent, neutral",,,
antagonism_received_modifier,,none,EU5-specific antagonism mechanic,Antagonism Received,country,multiplicative,"percent, bad",,,
antagonism_religion_influence,,none,EU5-specific antagonism mechanic,Antagonism Religion Influence,country,,"percent, neutral",,,
antagonism_revolution_influence,,none,EU5-specific antagonism mechanic,Antagonism Revolution Influence,country,,"percent, neutral",,,
antagonism_societal_value_influence,,none,EU5-specific antagonism mechanic,Antagonism Societal Value Influence,country,,"percent, neutral",,,
antagonism_taking_land_giving_modifier,,none,EU5-specific antagonism mechanic,Antagonism Given from Taking Land Modifier,country,multiplicative,"percent, neutral",,,
anti_piracy_warfare_modifier,,none,EU5-specific anti-piracy warfare bonus,Anti-Piracy Warfare Modifier,unit,multiplicative,"percent, good",,,
any_pop_can_be_slave,,none,EU5-specific pop mechanic,Unrestricted Slavery,country,boolean,good,,,
appanage_prevented_from_call_to_war,,none,EU5-specific appanage subject type,Disallowed from Call Appanage to War,country,boolean,good,,,
appease_nobles_estate_from_shogun_court_cost_modifier,,none,EU5-specific shogun court action,Cost of Appease the Elites Action,"country, estate",multiplicative,"percent, bad",,,
appoint_as_heir_price_cost_modifier,,none,EU5-specific character action,Appoint as Heir Cost Modifier,country,multiplicative,"percent, bad",,,
aqueduct_system_max_level,,none,EU5-specific building system,Aqueduct System Max Level,country,additive,good,,,
army_artillery_build_cost_modifier,artillery_cost,high,Both modify artillery construction cost,Artillery Build Cost,"country, army",multiplicative,"percent, bad",Military,Modifies the base cost of artillery units.,Multiplicative
army_artillery_maintenance_cost_modifier,land_maintenance_modifier,medium,EU4 covers all land maintenance not just artillery,Artillery Maintenance Cost,"country, army",multiplicative,"percent, bad",Military,Modifies the maintenance cost of all land units.,Multiplicative
army_artillery_power,artillery_power,high,Both modify artillery power from pips,Artillery Power,"unit, army",,"percent, good",Military,Modifies the power artillery gain from unit pips.,Multiplicative
army_artillery_power,artillery_fire,high,EU5 combines artillery combat power - includes fire damage,Artillery Power,"unit, army",,"percent, good",Military,"added to artillery fire modifier, a pure multiplier to artillery damage during fire phase, also for ship cannons",Additive
army_artillery_power,artillery_shock,high,EU5 combines artillery combat power - includes shock damage,Artillery Power,"unit, army",,"percent, good",Military,"added to artillery shock modifier, a pure multiplier to artillery damage during shock phase",Additive
army_artillery_reinforce_cost_modifier,reinforce_cost_modifier,medium,EU4 covers all reinforcement not just artillery,Artillery Reinforcement Cost,"country, army",multiplicative,"percent, bad",Military,Modifies the cost of reinforcements when units are reinforced.,Multiplicative
army_auxiliary_build_cost_modifier,,none,EU5-specific auxiliary unit type,Auxiliary Build Cost,"country, army",multiplicative,"percent, bad",,,
army_auxiliary_maintenance_cost_modifier,,none,EU5-specific auxiliary unit type,Auxiliary Maintenance Cost,"country, army",multiplicative,"percent, bad",,,
army_auxiliary_power,,none,EU5-specific auxiliary unit type,Auxiliary Power,"unit, army",,"percent, good",,,
army_auxiliary_reinforce_cost_modifier,,none,EU5-specific auxiliary unit type,Auxiliary Reinforcement Cost,"country, army",multiplicative,"percent, bad",,,
army_disembark_speed,regiment_disembark_speed,high,Direct equivalent - army disembark speed from ships,Army Disembark Speed,"unit, army",,"percent, good",Navy,Modifies the speed in which units disembark.,Multiplicative
army_food_gathering,,none,EU5-specific food/supply system,Army Food Gathering,"unit, army",,good,,,
army_food_gathering_modifier,,none,EU5-specific food/supply system,Army Food Gathering Modifier,"unit, army",multiplicative,"percent, good",,,
army_heavy_cavalry_build_cost_modifier,cavalry_cost,high,EU5 splits cavalry - both apply to heavy cavalry cost,Heavy Cavalry Build Cost,"country, army",multiplicative,"percent, bad",Military,Modifies the base cost of cavalry units.,Multiplicative
army_heavy_cavalry_maintenance_cost_modifier,land_maintenance_modifier,medium,EU4 covers all land maintenance not just cavalry,Heavy Cavalry Maintenance Cost,"country, army",multiplicative,"percent, bad",Military,Modifies the maintenance cost of all land units.,Multiplicative
army_heavy_cavalry_power,cavalry_power,high,EU5 splits cavalry - both modify heavy cavalry power,Heavy Cavalry Power,"unit, army",,"percent, good",Military,Modifies the power cavalry gain from unit pips.,Multiplicative
army_heavy_cavalry_power,cavalry_fire,high,EU5 combines heavy cavalry combat - includes fire damage,Heavy Cavalry Power,"unit, army",,"percent, good",Military,"added to cavalry fire modifier, a pure multiplier to cavalry damage during fire phase",Additive
army_heavy_cavalry_power,cavalry_shock,high,EU5 combines heavy cavalry combat - includes shock damage,Heavy Cavalry Power,"unit, army",,"percent, good",Military,"added to cavalry shock modifier, a pure multiplier to cavalry damage during shock phase",Additive
army_heavy_cavalry_reinforce_cost_modifier,reinforce_cost_modifier,medium,EU4 covers all reinforcement not just cavalry,Heavy Cavalry Reinforcement Cost,"country, army",multiplicative,"percent, bad",Military,Modifies the cost of reinforcements when units are reinforced.,Multiplicative
army_heavy_infantry_build_cost_modifier,infantry_cost,high,EU5 splits infantry - both apply to heavy infantry cost,Heavy Infantry Build Cost,"country, army",multiplicative,"percent, bad",Military,Modifies the base cost of infantry units.,Multiplicative
army_heavy_infantry_maintenance_cost_modifier,land_maintenance_modifier,medium,EU4 covers all land maintenance not just infantry,Heavy Infantry Maintenance Cost,"country, army",multiplicative,"percent, bad",Military,Modifies the maintenance cost of all land units.,Multiplicative
army_heavy_infantry_power,infantry_power,high,EU5 splits infantry - both modify heavy infantry power from pips,Heavy Infantry Power,"unit, army",,"percent, good",Military,Modifies the power infantry gain from unit pips.,Multiplicative
army_heavy_infantry_power,infantry_fire,high,EU5 combines heavy infantry combat - includes fire damage,Heavy Infantry Power,"unit, army",,"percent, good",Military,"added to infanty fire modifier, a pure multiplier to infantry damage during fire phase",Additive
army_heavy_infantry_power,infantry_shock,high,EU5 combines heavy infantry combat - includes shock damage,Heavy Infantry Power,"unit, army",,"percent, good",Military,"added to infanty shock modifier, a pure multiplier to infantry damage during shock phase",Additive
army_heavy_infantry_reinforce_cost_modifier,reinforce_cost_modifier,medium,EU4 covers all reinforcement not just infantry,Heavy Infantry Reinforcement Cost,"country, army",multiplicative,"percent, bad",Military,Modifies the cost of reinforcements when units are reinforced.,Multiplicative
army_initiative,,none,EU5-specific initiative mechanic,Army Initiative,"unit, army",,"percent, good",,,
army_light_cavalry_build_cost_modifier,cavalry_cost,high,EU5 splits cavalry - both apply to light cavalry cost,Light Cavalry Build Cost,"country, army",multiplicative,"percent, bad",Military,Modifies the base cost of cavalry units.,Multiplicative
army_light_cavalry_maintenance_cost_modifier,land_maintenance_modifier,medium,EU4 covers all land maintenance not just cavalry,Light Cavalry Maintenance Cost,"country, army",multiplicative,"percent, bad",Military,Modifies the maintenance cost of all land units.,Multiplicative
army_light_cavalry_power,cavalry_power,high,EU5 splits cavalry - both modify light cavalry power,Light Cavalry Power,"unit, army",,"percent, good",Military,Modifies the power cavalry gain from unit pips.,Multiplicative
army_light_cavalry_power,cavalry_flanking,medium,Light cavalry associated with flanking ability in EU4,Light Cavalry Power,"unit, army",,"percent, good",Military,Modifies the effectiveness of cavalry flanking.,Multiplicative
army_light_cavalry_reinforce_cost_modifier,reinforce_cost_modifier,medium,EU4 covers all reinforcement not just cavalry,Light Cavalry Reinforcement Cost,"country, army",multiplicative,"percent, bad",Military,Modifies the cost of reinforcements when units are reinforced.,Multiplicative
army_light_infantry_build_cost_modifier,infantry_cost,high,EU5 splits infantry - both apply to light infantry cost,Light Infantry Build Cost,"country, army",multiplicative,"percent, bad",Military,Modifies the base cost of infantry units.,Multiplicative
army_light_infantry_maintenance_cost_modifier,land_maintenance_modifier,medium,EU4 covers all land maintenance not just infantry,Light Infantry Maintenance Cost,"country, army",multiplicative,"percent, bad",Military,Modifies the maintenance cost of all land units.,Multiplicative
army_light_infantry_power,infantry_power,high,EU5 splits infantry - both modify light infantry power,Light Infantry Power,"unit, army",,"percent, good",Military,Modifies the power infantry gain from unit pips.,Multiplicative
army_light_infantry_power,infantry_fire,high,EU5 combines light infantry combat - includes fire damage,Light Infantry Power,"unit, army",,"percent, good",Military,"added to infanty fire modifier, a pure multiplier to infantry damage during fire phase",Additive
army_light_infantry_power,infantry_shock,high,EU5 combines light infantry combat - includes shock damage,Light Infantry Power,"unit, army",,"percent, good",Military,"added to infanty shock modifier, a pure multiplier to infantry damage during shock phase",Additive
army_light_infantry_reinforce_cost_modifier,reinforce_cost_modifier,medium,EU4 covers all reinforcement not just infantry,Light Infantry Reinforcement Cost,"country, army",multiplicative,"percent, bad",Military,Modifies the cost of reinforcements when units are reinforced.,Multiplicative
army_logistics_distance,,none,EU5-specific logistics/supply system,Logistics Distance,"unit, army",,good,,,
army_logistics_distance_modifier,,none,EU5-specific logistics/supply system,Logistics Distance,"unit, army",multiplicative,"percent, good",,,
army_losses_in_war_cost_modifier,,none,EU5-specific war cost tracking,Cost of Army Losses in Battle,"country, army",multiplicative,"percent, bad",,,
army_maintenance_efficiency,land_maintenance_modifier,high,Both modify effective land maintenance costs,Army Maintenance Efficiency,"unit, army",,"percent, good",Military,Modifies the maintenance cost of all land units.,Multiplicative
army_movement_speed,movement_speed,high,Direct equivalent - land unit movement speed,Army Movement Speed,"unit, army",,"percent, good",Military,Modifies the base movement speed for all land units.,Multiplicative
army_reinforce_cost,reinforce_cost_modifier,high,Direct equivalent - reinforcement cost,Army Reinforcement Cost,"unit, army",,"percent, bad",Military,Modifies the cost of reinforcements when units are reinforced.,Multiplicative
army_tradition_decay,army_tradition_decay,high,Direct equivalent - army tradition decay rate,Army Tradition Decay,"country, army",,"percent, bad",Military,Adds to the decay rate of army tradition.,Additive
army_tradition_from_battle,army_tradition_from_battle,high,Direct equivalent - army tradition gained from battle,Army Tradition from Battles,"country, army",,"percent, good",Military,Modifies the army tradition bonus when gained through battles.,Multiplicative
army_weight_modifier,,none,EU5-specific army weight/supply mechanic,Army Weight,"unit, army",multiplicative,"percent, bad",,,
artillery_bonus_vs_fort,artillery_levels_available_vs_fort,medium,Related artillery-vs-fort bonus but different implementation,Artillery Bonus vs Fort,country,,good,Military,Adds to the maximum levels of artillery on siege,Additive
artillery_bonus_vs_fort,artillery_level_modifier,medium,Related artillery contribution to sieges,Artillery Bonus vs Fort,country,,good,Military,"Modifies how much an artillery unit contributes towards a siege. E.g. 0.2 would mean a 20% bonus, so 5 artillery would count for 6.",Multiplicative
artist_salary_modifier,,none,EU5-specific artist/culture system,Artist Salary,country,multiplicative,"percent, bad",,,
assault_ability,assault_fort_ability,high,Direct equivalent - fort assault effectiveness,Assault Ability,unit,,"percent, good",Military,Modifies the damage the troops deal to the garrison when assaulting a fort.,Multiplicative
assault_ability,assault_fort_cost_modifier,medium,Related assault mechanic but on cost side,Assault Ability,unit,,"percent, good",Military,Modifies the military cost to assault forts.,Multiplicative
assign_despot_price_cost_modifier,,none,EU5-specific Byzantine mechanic,Assign as Despótēs Price Cost Modifier,country,multiplicative,"percent, bad",,,
atoll_proximity_impact,,none,EU5-specific proximity/geography system,Atoll Proximity Impact,country,,"percent, bad",,,
attract_condottieri_price_cost_modifier,possible_condottieri,medium,Related condottieri mechanic but different aspect (cost vs limit),Attract Condottieri Cost,country,multiplicative,"percent, bad",Military,Modifies the base condottieri limit.,Multiplicative
auto_conquer_at_war,,none,EU5-specific auto-conquer flag,Auto Conquer when at War,country,boolean,good,,,
auto_conquer_different_religion_at_war,,none,EU5-specific auto-conquer flag,Auto Conquer Religious Enemies,country,boolean,good,,,
auto_slave_raid,,none,EU5-specific auto-raid flag,Raid Enemies for Slaves,country,boolean,good,,,
auto_slave_raid_different_religion,,none,EU5-specific auto-raid flag,Raid Religious Enemies for Slaves,country,boolean,good,,,
bank_interest,interest,high,Direct equivalent - loan interest rate,Bank Interest,country,,"percent, bad",Economy,Adds to the base interest rate.,Additive
baptize_ruler_from_kirishitan_cost_modifier,,none,EU5-specific Japanese Kirishitan action,Cost of Baptize Ruler Action,country,multiplicative,"percent, bad",,,
become_shogun_from_imperial_court_cost_modifier,,none,EU5-specific shogunate mechanic,Cost of Becoming Shogun from the Imperial Court,country,multiplicative,"percent, good",,,
blame_the_minorities_cost_modifier,,none,EU5-specific plague/disaster action,Find the Culprits Cost,country,multiplicative,"percent, bad",,,
blind_character_price_cost_modifier,,none,EU5-specific character action,Blind Price Cost Modifier,country,multiplicative,"percent, bad",,,
block_female_cabinet,,none,EU5-specific cabinet gender rule,Block Females from Cabinet,country,boolean,bad,,,
block_female_leader,,none,EU5-specific gender rule for commanders,Block Females from Command,country,boolean,bad,,,
block_male_cabinet,,none,EU5-specific cabinet gender rule,Block Males from Cabinet,country,boolean,bad,,,
block_male_leader,,none,EU5-specific gender rule for commanders,Block Males from Command,country,boolean,bad,,,
block_tribal_promotion,,none,EU5-specific pop/tribal mechanic,Block Tribesmen Promotion,country,boolean,good,,,
blockade_efficiency,blockade_efficiency,high,Direct equivalent - blockade effectiveness,Blockade Efficiency,unit,,"percent, good",Navy,Modifies the efficiency of blockades against enemies.,Multiplicative
blocked_from_changing_heir_selection,,none,EU5-specific heir mechanic,Blocked from Changing Heir Selection,country,boolean,bad,,,
blocked_from_conversion,can_not_build_missionaries,medium,Both block religious conversion but via different mechanism,Blocked from Conversion,country,boolean,bad,Religion,Forbids a country to convert provinces with missionaries.,Constant
blocked_from_creating_subjects,,none,EU5-specific subject creation block,Blocked from Creating Subjects,country,boolean,bad,,,
blocked_from_declaring_war,can_not_declare_war,high,Direct equivalent - forbids declaring wars,Blocked from Declaring War,country,boolean,bad,Stability,Fobids a country from declaring wars,Constant
blocked_from_forming_countries,,none,EU5-specific country formation block,Blocked from Forming Countries,country,boolean,bad,,,
blocked_from_peace,,none,EU5-specific peace treaty block,Blocked From Peace,country,boolean,good,,,
blocks_country_formation,,none,EU5-specific country formation block,Blocks Country Formation,country,boolean,neutral,,,
bribe_units_cost_modifier,,none,EU5-specific unit bribing action,Bribe Units Cost,country,multiplicative,"percent, bad",,,
bribe_voter_for_policy_cost_modifier,,none,EU5-specific international organization action,Cost of Bribing Voters in International Organizations,country,multiplicative,"percent, bad",,,
build_gravel_road_cost_modifier,,none,EU5-specific road system,Build Gravel Road Cost,country,multiplicative,"percent, bad",,,
build_hippodrome_price_cost_modifier,,none,EU5-specific Byzantine building action,Hippodrome Construction Cost Modifier,country,multiplicative,"percent, bad",,,
build_modern_road_cost_modifier,,none,EU5-specific road system,Build Modern Road Cost,country,multiplicative,"percent, bad",,,
build_paved_road_cost_modifier,,none,EU5-specific road system,Build Paved Road Cost,country,multiplicative,"percent, bad",,,
build_railroad_cost_modifier,,none,EU5-specific railroad system,Build Railroad Cost,country,multiplicative,"percent, bad",,,
building_missionary_effort_modifier,global_missionary_strength,medium,Related missionary effectiveness but EU5 specifically from buildings,Monthly Religious Conversion from Buildings,country,multiplicative,"percent, good",Religion,Adds to the base missionary strength against all religions.,Additive
building_upkeep_costs,,none,EU5-specific building upkeep concept,Building Upkeep Costs,country,,"percent, bad",,,
burghers_estate_agenda_impact,,none,EU5-specific estate agenda system,Agenda Impact for Burghers,"country, estate",,"percent, good",,,
burghers_estate_levy_size,,none,EU5-specific estate levy system,Burghers Levy Size,"country, estate",,"percent, good",,,
burghers_estate_max_tax,,none,EU5-specific estate tax range,Maximum Tax for Burgher Estate,"country, estate",,"percent, good",,,
burghers_estate_min_tax,,none,EU5-specific estate tax range,Minimum Tax for Burgher Estate,"country, estate",,"percent, good",,,
burghers_estate_satisfaction_decay,,none,EU5-specific estate satisfaction system,Burgher Estate Satisfaction Decay,"country, estate",,"percent, neutral",,,
burghers_estate_satisfaction_recovery,,none,EU5-specific estate satisfaction system,Burgher Estate Satisfaction Recovery,"country, estate",,"percent, neutral",,,
burghers_estate_target_satisfaction,,none,EU5-specific estate satisfaction equilibrium,Burgher Estate Satisfaction Equilibrium,"country, estate",,"percent, good",,,
buy_fleet_basing_rights_cost_modifier,,none,EU5-specific diplomatic action,Buy Fleet Basing Rights Cost,country,multiplicative,"percent, bad",,,
buy_military_access_cost_modifier,,none,EU5-specific diplomatic action,Buy Military Access Cost,country,multiplicative,"percent, bad",,,
call_jihad_cost_modifier,,none,EU5-specific religious action,Cost of Call Jihād Religious Action,country,multiplicative,"percent, bad",,,
can_assign_governors,,none,EU5-specific governorship system,Can Assign Governorship,country,boolean,good,,,
can_assume_fort_command,,none,EU5-specific fort command mechanic,Allow Assume Fort Command,country,boolean,good,,,
can_banish_characters,,none,EU5-specific character action,Can Banish Characters,country,boolean,good,,,
can_be_member_of_a_high_kingship,,none,EU5-specific kingship system,Can Be Member of a High Kingship,country,boolean,good,,,
can_be_target_of_anti_piracy_cb,,none,EU5-specific anti-piracy CB,Can be Target of Anti-Piracy War Casus Belli,country,boolean,bad,,,
can_build_cities,,none,EU5-specific city building mechanic,Can Build Cities,country,boolean,good,,,
can_build_kurmina_headquarter,,none,EU5-specific African mechanic,Can Build Kurmina Headquarter,country,boolean,good,,,
can_build_mamluk_barracks,,none,EU5-specific Mamluk building,Can Build Mamlūk Barracks,country,boolean,good,,,
can_call_rural_parliaments,,none,EU5-specific parliament type,Rural Parliaments,country,boolean,good,,,
can_colonize,can_not_build_colonies,high,Inverse but same concept - permission to colonize,Can Colonize,country,boolean,good,Colonisation,Forbids the country to form colonies,Constant
can_convert_galleys_to_light,,none,EU5-specific ship conversion,Can Convert Galley to Light Ships,country,boolean,good,,,
can_create_anti_piracy_cb,,none,EU5-specific anti-piracy CB,Can Create Anti-Piracy War Casus Belli,country,boolean,good,,,
can_create_red_turban_rebellions_cb,,none,EU5-specific Chinese CB,Has Red Turban Rebellions Casus Belli,country,boolean,good,,,
can_execute_characters,,none,EU5-specific character execution,Can Execute Characters,country,boolean,good,,,
can_grant_town_rights,,none,EU5-specific urban rights system,Can Grant Urban Rights,country,boolean,good,,,
can_have_monasteries,,none,EU5-specific monastery permission,Monasteries Allowed,country,boolean,good,,,
can_hire_privateers,,none,EU5-specific privateer hiring flag,Can Hire Privateers,country,boolean,good,,,
can_host_olympiads,,none,EU5-specific Olympiad mechanic,Can Host Olympiads,country,boolean,good,,,
can_ignore_papal_bulls,,none,EU5-specific papal bull mechanic,Can Ignore Papal Bulls,country,boolean,good,,,
can_invite_settlers,,none,EU5-specific settler system,Can Invite Settlers,country,boolean,good,,,
can_marry_only_overlord_dynasty_characters,,none,EU5-specific marriage restriction,Can Only Marry Overlord Dynasty Members,country,boolean,bad,,,
can_promote_mamluks,,none,EU5-specific Mamluk pop promotion,Can Promote Mamālīk,country,boolean,good,,,
can_reassign_cleric,,none,EU5-specific character/cleric mechanic,Can Reassign Cleric,country,boolean,good,,,
can_recruit_explorer,may_explore,high,EU4 may_explore covers explorer recruitment,Can Recruit Explorers,country,boolean,good,Colonisation,Allows the recruitment of explorers and conquisadors.,Constant
can_revoke_electorship,,none,EU5-specific HRE mechanic,Can Revoke Electorship,country,boolean,good,,,
can_send_royal_inspectors,,none,EU5-specific inspector mechanic,Can Send Secret Royal Inspectors,country,boolean,good,,,
can_use_aclla_distribution,,none,EU5-specific Inca marriage system,Can use Aclla Marriage,country,boolean,good,,,
can_use_council_of_three_lands_modifier,,none,EU5-specific Jewish council mechanic,Allows Council of Three Lands,country,boolean,good,,,
can_use_nustas_marriages,,none,EU5-specific Inca marriage,Can use Ñusta Marriage,country,boolean,good,,,
cannot_be_subjugated,,none,EU5-specific subjugation immunity,Cannot be Subjugated,country,boolean,good,,,
cannot_move_capital,,none,EU5-specific capital movement block,Cannot Move Capital,country,boolean,neutral,,,
canonize_cost_modifier,,none,EU5-specific canonization action,Canonize Cost,country,multiplicative,"percent, bad",,,
capital_movement_cost_modifier,move_capital_cost_modifier,high,Direct equivalent - cost to move capital,Move Capital Cost,country,multiplicative,"percent, bad",Government,Modifies the amount of needed admin power to move the capital.,Multiplicative
capital_possible_town_rights,,none,EU5-specific urban rights system,Possible Urban Rights,country,,good,,,
cardinal_price_cost_modifier,appoint_cardinal_cost,high,Direct equivalent - cost to appoint cardinal,Cardinal Price,country,multiplicative,"percent, bad",Religion,Modifiers the cost of appointing a cardinal.,Multiplicative
care_about_producing_heirs,,none,EU5-specific royal marriage/heir mechanic,Royal Marriages,country,boolean,good,,,
carefulness_modifier,,none,EU5-specific AI behavior modifier,Carefulness,country,multiplicative,"percent, good",,,
castrate_character_price_cost_modifier,,none,EU5-specific character action,Castrate Price Cost Modifier,country,multiplicative,"percent, bad",,,
casus_belli_creation_speed,,none,EU5-specific CB creation speed,Casus Belli Creation Speed,country,,"raw percent, good",,,
casus_belli_creation_speed_modifier,fabricate_claims_cost,medium,Related CB fabrication but EU4 is cost-based,Casus Belli Creation Speed,country,multiplicative,"percent, good",Espionage,Modifies spy network cost for fabricating claim.,Multiplicative
casus_belli_creation_speed_modifier,justify_trade_conflict_cost,low,Related trade CB justification,Casus Belli Creation Speed,country,multiplicative,"percent, good",Diplomacy,Modifies the spy network cost to justify trade conflicts.,Multiplicative
catholic_country_interaction_cost_modifier,,none,EU5-specific Catholic diplomatic mechanic,Catholic Diplomatic Interaction Cost Modifier,country,multiplicative,"percent, bad",,,
chancery_cap_level,,none,EU5-specific building max level,Chancery Max Level,country,,good,,,
change_court_language_cost_modifier,,none,EU5-specific court language mechanic,Change Court Language Cost,country,multiplicative,"percent, bad",,,
change_curia_vote_cost_modifier,curia_powers_cost,high,Both modify curia action costs,Change Curia Vote Cost,country,multiplicative,"percent, bad",Religion,Modifies the papal influence cost of the curia actions.,Multiplicative
change_employment_system_cost_modifier,,none,EU5-specific employment system,Choose Employment System Cost,country,multiplicative,"percent, bad",,,
change_government_type_price_cost_modifier,,none,EU5-specific government change cost,Change Government Type Price Modifier,country,multiplicative,"percent, bad",,,
change_heir_selection_cost_modifier,,none,EU5-specific heir selection mechanic,Change Heir Selection Cost,country,multiplicative,"percent, bad",,,
change_liturgical_language_cost_modifier,,none,EU5-specific religious language,Change Liturgical Language Cost,country,multiplicative,"percent, bad",,,
change_main_school_cost_modifier,change_main_school_cost_modifier,high,Direct name match - religious school change (EU4 has similar concept),Cost of Change Main School Religious Action,country,multiplicative,"percent, bad",,,
change_organization_parliament_type_cost_modifier,,none,EU5-specific international organization,Cost of Changing Organization Parliament Type,country,multiplicative,"percent, bad",,,
change_parliament_type_cost_modifier,,none,EU5-specific parliament change,Cost of Changing Parliament Type,country,multiplicative,"percent, bad",,,
change_policy_cost_modifier,,none,EU5-specific policy change action,Change Policy Cost,country,multiplicative,"percent, bad",,,
change_primary_culture_cost_modifier,promote_culture_cost,medium,Related culture change action,Change Primary Culture Cost,country,multiplicative,"percent, bad",Culture,Modifies the diplomatic power cost for promoting a culture.,Multiplicative
change_religious_aspect_hellenism_cost_modifier,,none,EU5-specific religious aspect,Cost of Changing Religious Aspect,country,multiplicative,"percent, bad",,,
change_religious_aspect_inti_cost_modifier,,none,EU5-specific religious aspect,Cost of Choosing Worshipping a God,country,multiplicative,"percent, bad",,,
character_on_task_modifier,,none,EU5-specific character task system,On a Task,country,boolean,neutral,,,
christian_tenet_price_cost_modifier,,none,EU5-specific religious tenet system,Christian Tenet Cost,country,multiplicative,"percent, bad",,,
city_upgrade_cost_modifier,,none,EU5-specific city upgrade mechanic,City Rights Cost,country,multiplicative,"percent, bad",,,
claim_shugo_office_cost_modifier,,none,EU5-specific Japanese office mechanic,Claim Shugo Office Cost,country,multiplicative,"percent, bad",,,
cleansing_ritual_purity_cost_modifier,,none,EU5-specific religious action,Cost of Cleansing Ritual Religious Action,country,multiplicative,"percent, bad",,,
cleansing_ritual_yanantin_cost_modifier,,none,EU5-specific religious action,Cost of Celebrate a Ritual Religious Action,country,multiplicative,"percent, bad",,,
clergy_estate_agenda_impact,,none,EU5-specific estate agenda system,Agenda Impact for Clergy,"country, estate",,"percent, good",,,
clergy_estate_levy_size,,none,EU5-specific estate levy,Clergy Levy Size,"country, estate",,"percent, good",,,
clergy_estate_max_tax,,none,EU5-specific estate tax range,Maximum Tax for Clergy Estate,"country, estate",,"percent, good",,,
clergy_estate_min_tax,,none,EU5-specific estate tax range,Minimum Tax for Clergy Estate,"country, estate",,"percent, good",,,
clergy_estate_satisfaction_decay,,none,EU5-specific estate satisfaction,Clergy Estate Satisfaction Decay,"country, estate",,"percent, neutral",,,
clergy_estate_satisfaction_recovery,,none,EU5-specific estate satisfaction,Clergy Estate Satisfaction Recovery,"country, estate",,"percent, neutral",,,
clergy_estate_target_satisfaction,,none,EU5-specific estate satisfaction equilibrium,Clergy Estate Satisfaction Equilibrium,"country, estate",,"percent, good",,,
close_the_borders_cost_modifier,,none,EU5-specific isolation action,Isolate the Country Cost,country,multiplicative,"percent, bad",,,
coalition_strength_tolerance,,none,EU5-specific AI coalition mechanic,Coalition Strength Tolerance,country,,good,,,
coastal_ocean_proximity_impact,,none,EU5-specific proximity system,Coastal ocean Proximity Impact,country,,"percent, bad",,,
colonial_maintenance_cost,,none,EU5-specific colonial upkeep,Colonial Maintenance,country,,"percent, bad",,,
colonial_migration_size,global_colonial_growth,high,Both add to base colonial growth,Monthly Colonial Migration,country,,good,Colonisation,Adds to the base yearly colonial growth gain.,Additive
colonial_migration_size_modifier,global_colonial_growth,high,Both modify colonial growth,Monthly Colonial Migration,country,multiplicative,"percent, good",Colonisation,Adds to the base yearly colonial growth gain.,Additive
colonial_migration_size_modifier,colonist_placement_chance,medium,Related to additional settler generation,Monthly Colonial Migration,country,multiplicative,"percent, good",Colonisation,"Adds to the base colonial placement chance for colonists, which is the chance that additional settlers will be spawned while the colonist is present.",Additive
colonial_range,range,high,Direct equivalent - colonial/exploration range,Colonial Range,country,,good,Colonisation,"Modifies the base colonisation range, used for exploration, colonisation and coring province that border sea.",Multiplicative
colonial_range_modifier,range,high,Direct equivalent - colonial range modifier,Colonial Range,country,multiplicative,"percent, good",Colonisation,"Modifies the base colonisation range, used for exploration, colonisation and coring province that border sea.",Multiplicative
combat_speed_modifier,,none,EU5-specific battle pacing,Combat Speed,unit,multiplicative,"percent, good",,,
combined_arms_max_threshold,,none,EU5-specific combined arms mechanic,Combined Arms Threshold,unit,,"percent, good",,,
combined_arms_min_percent_for_bonus,,none,EU5-specific combined arms mechanic,Combined Arms Requirement,unit,,"percent, bad",,,
combined_bonus_per_type,,none,EU5-specific combined arms bonus,Combined Arms Bonus,unit,,"percent, good",,,
commission_art_price_cost_modifier,,none,EU5-specific artist/culture action,Commission Art Cost Modifier,country,multiplicative,"percent, bad",,,
commission_religious_images_cost_modifier,,none,EU5-specific religious action,Commission Religious Images Cost,country,multiplicative,bad,,,
complacent_decline_actions_price_cost_modifier,,none,EU5-specific disaster action,Complacent Decline Actions Cost,country,multiplicative,"percent, good",,,
compose_strategikon_price_cost_modifier,,none,EU5-specific Byzantine action,Compose Stratēgikòn Price Cost Modifier,country,multiplicative,"percent, bad",,,
conduct_keju_examination_cost_modifier,,none,EU5-specific Chinese examination system,Conduct Kējǔ Examination Cost,country,multiplicative,"percent, bad",,,
construction_center_max_level,,none,EU5-specific building max level,Construction Center Max Level,country,additive,good,,,
contact_patriarch_of_constantinople_cost_modifier,,none,EU5-specific Orthodox action,Contact Patriarch of Constantinople Cost Modifier,country,multiplicative,"percent, bad",,,
control_importance_modifier,,none,EU5-specific AI importance modifier,Control Importance Modifier,country,multiplicative,good,,,
control_the_bhres_price_cost_modifier,,none,EU5-specific event action,Control the Bhres Cost,country,multiplicative,"percent, bad",,,
control_the_food_market_cost_modifier,,none,EU5-specific food system action,Control the Food Market Cost,country,multiplicative,"percent, bad",,,
convert_religion_cost_modifier,,none,EU5-specific religion conversion action,Convert Religion Cost,country,multiplicative,"percent, bad",,,
correct_box_chance,,none,EU5-specific battle/tactic mechanic,Correct Section Chance,unit,,"percent, good",,,
corrupt_officials_monthly_cost_cost_modifier,,none,EU5-specific corruption action,Corrupt Officials Monthly Cost Modifier,country,multiplicative,"percent, bad",,,
cossacks_estate_agenda_impact,,none,EU5-specific estate agenda,Agenda Impact for Cossacks,"country, estate",,"percent, good",,,
cossacks_estate_levy_size,,none,EU5-specific estate levy,Cossacks Levy Size,"country, estate",,"percent, good",,,
cossacks_estate_max_tax,,none,EU5-specific estate tax range,Maximum Tax for Cossacks,"country, estate",,"percent, good",,,
cossacks_estate_min_tax,,none,EU5-specific estate tax range,Minimum Tax for Cossacks,"country, estate",,"percent, good",,,
cossacks_estate_satisfaction_decay,,none,EU5-specific estate satisfaction,Cossacks Satisfaction Decay,"country, estate",,"percent, neutral",,,
cossacks_estate_satisfaction_recovery,,none,EU5-specific estate satisfaction,Cossacks Satisfaction Recovery,"country, estate",,"percent, neutral",,,
cossacks_estate_target_satisfaction,,none,EU5-specific estate satisfaction equilibrium,Cossacks Satisfaction Equilibrium,"country, estate",,"percent, good",,,
counter_espionage,global_spy_defence,high,Both modify counter-espionage effectiveness,Counterespionage,country,,"percent, good",Espionage,Modifies the base effectiveness of counter-espionage against enemy spies.,Multiplicative
country_allow_canonization,,none,EU5-specific canonization permission,Allow Canonization,country,boolean,good,,,
country_bans_saffron_shirts,,none,EU5-specific religious dress rule,Banned Saffron Shirts,country,boolean,good,,,
country_cabinet_efficiency,,none,EU5-specific cabinet system,Efficiency of Our Cabinet,country,,"percent, good",,,
country_can_use_lordship_of_ireland_cb,,none,EU5-specific Irish CB,Can Use Lordship of Ireland Casus Belli,country,boolean,good,,,
country_celtic_marriage_banned,,none,EU5-specific marriage restriction,Celtic Marriage Banned,country,boolean,bad,,,
country_child_education,,none,EU5-specific character education system,Education of Heirs,country,,"percent, good",,,
country_marriage_banned,,none,EU5-specific marriage restriction,Marriage Banned,country,boolean,bad,,,
coup_attempt_disaster_actions_price_cost_modifier,,none,EU5-specific disaster action,Coup Attempt Disaster Actions Cost,country,multiplicative,"percent, bad",,,
court_eunuchs_bureaucracy_impact_modifier,,none,EU5-specific Chinese bureaucracy,Court Eunuchs Impact,country,multiplicative,"percent, good",,,
court_language_is_common_language_importance_modifier,,none,EU5-specific court language AI,Prefers Court Language to be Common Language,country,multiplicative,good,,,
court_language_is_liturgical_language_importance_modifier,,none,EU5-specific court language AI,Prefers Court Language to be Liturgical Language,country,multiplicative,good,,,
court_language_is_market_language_importance_modifier,,none,EU5-specific court language AI,Prefers Court Language to be Market Language,country,multiplicative,good,,,
court_spending_cost_modifier,,none,EU5-specific court expenses,Expected Cost of Court,country,multiplicative,"percent, bad",,,
crackdown_their_strongholds_cost_modifier,,none,EU5-specific action,Cost of Crackdown Ikkō-ikki Strongholds Action,country,multiplicative,"percent, bad",,,
create_autocephalous_patriarchate_cost_modifier,,none,EU5-specific Orthodox action,Create Autocephalous Patriarchate Cost,country,multiplicative,"percent, bad",,,
create_colonial_charter_cost_modifier,,none,EU5-specific colonial charter,Create Colonial Charter Cost,country,multiplicative,"percent, bad",,,
create_italian_league_price_cost_modifier,,none,EU5-specific Italian League action,Create an Italian League Cost,country,multiplicative,"percent, bad",,,
create_market_cost_modifier,,none,EU5-specific market system,Create Market Cost,country,multiplicative,"percent, bad",,,
create_supply_depot_cost_modifier,may_build_supply_depot,medium,Related supply depot mechanic (EU4 is permission flag),Create Supply Depot Cost,country,multiplicative,"percent, bad",Military,Allows a country to build supply depots,Constant
crown_estate_agenda_impact,,none,EU5-specific estate agenda,UNUSED DONT USE,"country, estate",,"percent, good",,,
crown_estate_levy_size,,none,EU5-specific estate levy,Crown Levy Size,"country, estate",,"percent, good",,,
crown_estate_max_tax,,none,EU5-specific estate tax range,Maximum Tax for Crown Power,"country, estate",,"percent, good",,,
crown_estate_min_tax,,none,EU5-specific estate tax range,Minimum Tax for Crown Power,"country, estate",,"percent, good",,,
crown_estate_satisfaction_decay,,none,EU5-specific estate satisfaction,Crown Power Satisfaction Decay,"country, estate",,"percent, neutral",,,
crown_estate_satisfaction_recovery,,none,EU5-specific estate satisfaction,Crown Power Satisfaction Recovery,"country, estate",,"percent, neutral",,,
crown_estate_target_satisfaction,,none,EU5-specific estate satisfaction equilibrium,Crown Power Satisfaction Equilibrium,"country, estate",,"percent, good",,,
crown_power_from_population,,none,EU5-specific population-based mechanic,Crown Power from Population,country,,"percent, good",,,
cultural_influence,,none,EU5-specific cultural influence resource,Cultural Influence,country,,good,,,
cultural_influence_modifier,,none,EU5-specific cultural influence resource,Cultural Influence %,country,multiplicative,"percent, good",,,
cultural_tradition,,none,EU5-specific cultural tradition resource,Cultural Tradition,country,,good,,,
cultural_tradition_modifier,,none,EU5-specific cultural tradition resource,Cultural Tradition %,country,multiplicative,"percent, good",,,
cultures_capacity,num_accepted_cultures,high,Both add to max number of accepted cultures,Cultures Capacity,country,,good,Culture,Adds to the maximum number of accepted cultures a country can have.,Additive
cultures_capacity_modifier,num_accepted_cultures,medium,Related but modifier form,Cultures Capacity,country,multiplicative,"percent, good",Culture,Adds to the maximum number of accepted cultures a country can have.,Additive
curia_actions_blocked,,none,EU5-specific curia block flag,Curia Actions Blocked,religion,boolean,good,,,
damage_done_versus_heathens_modifier,,none,EU5-specific religious damage bonus,Damage Done versus Heathens in Battle,unit,multiplicative,"percent, good",,,
damage_done_versus_heretics_modifier,,none,EU5-specific religious damage bonus,Damage Done versus Heretics in Battle,unit,multiplicative,"percent, good",,,
deactivate_avatar_cost_modifier,,none,EU5-specific avatar mechanic,Deactivate Avatar Cost,country,multiplicative,"percent, bad",,,
declaring_war_cost_modifier,stability_cost_to_declare_war,medium,Related war declaration cost (EU4 uses stability),Declaring War Cost,country,multiplicative,"percent, bad",Diplomacy,Modifies the stability cost to declare war. Default is 0 with a casus belli and no truce.,Additive
deep_ocean_proximity_impact,,none,EU5-specific proximity system,Deep ocean Proximity Impact,country,,"percent, bad",,,
defence_importance_modifier,,none,EU5-specific AI importance modifier,Defense Importance Modifier,country,multiplicative,good,,,
demand_church_tax_price_cost_modifier,,none,EU5-specific Catholic action,Cost of Demanding Apostolic Tax,country,multiplicative,"percent, bad",,,
demand_extra_payment_from_shogun_court_cost_modifier,,none,EU5-specific shogun court action,Cost of Demand Extra Payment Action,country,multiplicative,"percent, bad",,,
deselect_expensive_child_education_cost_modifier,,none,EU5-specific education mechanic,Stopping Expensive Education,country,multiplicative,"percent, bad",,,
deselect_orthodox_education_cost_modifier,,none,EU5-specific Orthodox education,Stopping Patriarch Education,country,multiplicative,"percent, bad",,,
destroy_market_cost_modifier,,none,EU5-specific market system,Destroy Market Cost,country,multiplicative,"percent, bad",,,
dhimmi_estate_agenda_impact,,none,EU5-specific estate agenda,Agenda Impact for Dhimmi,"country, estate",,"percent, good",,,
dhimmi_estate_levy_size,,none,EU5-specific estate levy,Ḏimmī Levy Size,"country, estate",,"percent, good",,,
dhimmi_estate_max_tax,,none,EU5-specific estate tax range,Maximum Tax for Ḏimmī Estate,"country, estate",,"percent, good",,,
dhimmi_estate_min_tax,,none,EU5-specific estate tax range,Minimum Tax for Ḏimmī Estate,"country, estate",,"percent, good",,,
dhimmi_estate_satisfaction_decay,,none,EU5-specific estate satisfaction,Ḏimmī Estate Satisfaction Decay,"country, estate",,"percent, neutral",,,
dhimmi_estate_satisfaction_recovery,,none,EU5-specific estate satisfaction,Ḏimmī Estate Satisfaction Recovery,"country, estate",,"percent, neutral",,,
dhimmi_estate_target_satisfaction,,none,EU5-specific estate satisfaction equilibrium,Ḏimmī Estate Satisfaction Equilibrium,"country, estate",,"percent, good",,,
diplomacy_importance_modifier,,none,EU5-specific AI importance modifier,Diplomacy Importance Modifier,country,multiplicative,good,,,
diplomatic_annexation_cost,diplomatic_annexation_cost,high,Direct equivalent - diplomatic annexation cost,Diplomatic Annexation Cost,country,,"percent, bad",Diplomacy,Modifies the diplomatic power cost for annexation.,Multiplicative
diplomatic_capacity,diplomatic_upkeep,high,Both add to max diplomatic relations,Diplomatic Capacity,country,,good,Diplomacy,Adds to the maximum number of free diplomatic relations.,Additive
diplomatic_capacity_modifier,diplomatic_upkeep,medium,Related diplomatic capacity but modifier form,Diplomatic Capacity,country,multiplicative,"percent, good",Diplomacy,Adds to the maximum number of free diplomatic relations.,Additive
diplomatic_range,,none,EU5-specific diplomatic range (EU4 has no such modifier),Diplomatic Range,country,,good,,,
diplomatic_range_modifier,,none,EU5-specific diplomatic range,Diplomatic Range,country,multiplicative,"percent, good",,,
diplomatic_reputation,diplomatic_reputation,high,Direct equivalent - diplomatic reputation,Diplomatic Reputation,country,,good,Diplomacy,Adds to a country's diplomatic reputation.,Additive
diplomatic_spending_cost,,none,EU5-specific diplomatic budget,Expected Diplomatic Spending,country,,"percent, bad",,,
diplomatic_upkeep_modifier,diplomatic_upkeep,medium,Related to diplomatic relations upkeep,Diplomatic Upkeep Modifier,country,multiplicative,"percent, neutral",Diplomacy,Adds to the maximum number of free diplomatic relations.,Additive
disallow_diplomatic_subjugation,,none,EU5-specific subjugation permission,Disallow Diplomatic Subjugation,country,boolean,good,,,
disallow_migration_beyond_borders,,none,EU5-specific migration mechanic,Disallow Foreign Migration,country,boolean,good,,,
disallow_military_subjugation,,none,EU5-specific subjugation permission,Disallow Military Subjugation,country,boolean,good,,,
disallows_female_rulers,,none,EU5-specific gender rule,Disallows Female Rulers,country,boolean,neutral,,,
discard_worldly_possessions_cost_modifier,,none,EU5-specific religious action,Discard Worldly Possessions Cost,country,multiplicative,"percent, bad",,,
discipline,discipline,high,Direct equivalent - military discipline,Discipline,unit,,"percent, good",Military,Modifies the discipline of land units.,Multiplicative
disfavor_sect_cost_modifier,,none,EU5-specific religious sect action,Disfavor Sect Cost,country,multiplicative,bad,,,
dismiss_privateer_cost_modifier,,none,EU5-specific privateer action,Cost of Dismissing Privateers,country,multiplicative,"percent, bad",,,
dismiss_religious_figure_cost_modifier,,none,EU5-specific religious figure action,Dismiss Religious Figure Cost,country,multiplicative,"percent, bad",,,
dune_wasteland_proximity_impact,,none,EU5-specific proximity system,Dune Wasteland Proximity Impact,country,,"percent, bad",,,
election_term_in_months,election_cycle,high,Both modify duration of election cycles,Months between Elections,country,,neutral,Government,"Adds to the duration of an election cycle for the current nation. Negative values shorten the duration, positive values add to it.",Additive
embrace_institution_cost_modifier,embracement_cost,high,Direct equivalent - cost to embrace institution,Embrace Institution Cost,country,multiplicative,"percent, bad",Technology,Modifies the ducat cost for embracing an institution.,Multiplicative
empty_unit_maintenance_cost_modifier,,none,EU5-specific (marked unused in file),(unused),country,multiplicative,"percent, bad",,,
enable_black_market_buildings,,none,EU5-specific black market buildings,Allow Black Market Buildings,country,boolean,good,,,
enable_doom,,none,EU5-specific doom mechanic toggle,Doom,country,boolean,bad,,,
enable_pest_house,,none,EU5-specific plague building,Can Build Pest House,country,boolean,good,,,
enable_pronoia_subject,,none,EU5-specific Byzantine subject type,Allow Prónoia Subjects,country,boolean,good,,,
enable_taxation,,none,EU5-specific taxation toggle,Allows Tax,country,boolean,good,,,
enables_german_migration,,none,EU5-specific German migration events,Enables German Migration Events,country,boolean,good,,,
enemy_army_losses_in_war_cost_modifier,,none,EU5-specific war cost tracking,Cost of Enemy Army Losses in Battle,country,multiplicative,"percent, bad",,,
ennoble_price_cost_modifier,,none,EU5-specific ennoblement action,Ennoble Cost Modifier,country,multiplicative,"percent, bad",,,
enslave_tribals,,none,EU5-specific pop/tribal mechanic,Enslave Tribesmen,country,boolean,good,,,
establish_goods_act_cost_modifier,,none,EU5-specific goods act mechanic,Establish Goods Act Cost Modifier,country,multiplicative,"percent, bad",,,
establish_treaty_with_kirishitan_cost_modifier,,none,EU5-specific Kirishitan treaty,Cost of Establish Kirishitan Treaty Action,country,multiplicative,"percent, bad",,,
estate_building_destruction_satisfaction_impact,,none,EU5-specific estate building system,Estate Satisfaction from Destroying Estate Buildings,"country, estate",,"percent, good",,,
estate_enrichment,,none,EU5-specific estate mechanic,Estate Enrichment,"country, estate",,"percent, bad",,,
estate_power_from_cabinet,,none,EU5-specific cabinet-estate interaction,Estate Power from Cabinet Position,"country, estate",,"percent, bad",,,
estate_power_from_command,,none,EU5-specific estate command mechanic,Estate Power from Commanding Unit,"country, estate",,"percent, bad",,,
estate_satisfaction_from_building,,none,EU5-specific estate building satisfaction,Estate Satisfaction from New Buildings,"country, estate",,"percent, good",,,
eunuch_power,,none,EU5-specific Chinese eunuch mechanic,Eunuch Power Modifier,country,,"percent, neutral",,,
examine_our_fortifications_price_cost_modifier,,none,EU5-specific fortification action,Examine Fortifications Cost Modifier,country,multiplicative,"percent, bad",,,
excluded_from_imperial_protection,,none,EU5-specific HRE mechanic,Excluded from Imperial Protection,country,boolean,bad,,,
excluded_from_paying_imperial_contribution,,none,EU5-specific HRE tribute,Excluded from the Imperial Contribution,country,boolean,good,,,
excluded_from_paying_tithe,,none,EU5-specific religious tithe,Excluded from the Tithe,country,boolean,good,,,
excommunication_price_cost_modifier,,none,EU5-specific excommunication cost,Excommunication Cost Modifier,country,multiplicative,"percent, bad",,,
exempt_from_tribute_cost_modifier,,none,EU5-specific tribute exemption,Exempt from Tribute Cost,country,multiplicative,"percent, bad",,,
expand_aqueduct_system_cost_modifier,,none,EU5-specific aqueduct action,Expand Aqueduct Systems Cost,country,multiplicative,"percent, bad",,,
expand_rgo_farming_cost_modifier,,none,EU5-specific RGO/pop system,Expand Farming Cost,country,multiplicative,"percent, bad",,,
expand_rgo_forestry_cost_modifier,,none,EU5-specific RGO/pop system,Expand Forestry Cost,country,multiplicative,"percent, bad",,,
expand_rgo_gathering_cost_modifier,,none,EU5-specific RGO/pop system,Expand Gathering Cost,country,multiplicative,"percent, bad",,,
expand_rgo_hunting_cost_modifier,,none,EU5-specific RGO/pop system,Expand Hunting Cost,country,multiplicative,"percent, bad",,,
expand_rgo_mining_cost_modifier,,none,EU5-specific RGO/pop system,Expand Mining Cost,country,multiplicative,"percent, bad",,,
expected_army_size,,none,EU5-specific AI expected army size,Expected Army Size,country,,good,,,
expected_army_size_modifier,,none,EU5-specific AI expected army size,Expected Army Size,country,multiplicative,"percent, good",,,
expected_navy_size,,none,EU5-specific AI expected navy size,Expected Navy Size,country,,good,,,
expected_navy_size_modifier,,none,EU5-specific AI expected navy size,Expected Navy Size,country,multiplicative,"percent, good",,,
expected_warscore_modifier,,none,EU5-specific AI warscore expectation,Expected Warscore Modifier,country,multiplicative,good,,,
expel_tribals,,none,EU5-specific pop/tribal mechanic,Expel Tribesmen,country,boolean,good,,,
expensive_estate_building_cost_modifier,,none,EU5-specific estate building cost,Expensive Estate Building Cost,"country, estate",multiplicative,"percent, bad",,,
experience_decay,,none,EU5-specific unit experience system,Monthly Experience Decay,unit,,"percent, bad",,,
exploration_maintenance_cost,,none,EU5-specific exploration cost,Exploration Cost,country,,"percent, bad",,,
exploration_mission_speed,,none,EU5-specific exploration mission progress,Exploration Monthly Progress,country,,good,,,
exploration_mission_speed_modifier,,none,EU5-specific exploration mission progress,Exploration Monthly Progress,country,multiplicative,"percent, good",,,
exploration_preparation_time_modifier,,none,EU5-specific exploration prep time,Exploration Preparation Time Modifier,country,multiplicative,"percent, bad",,,
export_efficiency,,none,EU5-specific trade export mechanic,Export Efficiency,country,,"percent, good",,,
export_impact_on_demand,,none,EU5-specific trade export mechanic,Export Impact on Demand,country,,"percent, good",,,
extend_regency_cost_modifier,,none,EU5-specific regency action,Cost of Extending Regencies,country,multiplicative,"percent, bad",,,
fate_of_phoenix_actions_price_cost_modifier,,none,EU5-specific event action,Fate of the Phoenix Actions Cost Modifier,country,multiplicative,"percent, bad",,,
favor_buddhist_schools_from_religious_sects_cost_modifier,,none,EU5-specific Buddhist action,Cost of Favor Buddhism Schools Action,country,multiplicative,"percent, bad",,,
favor_god_cost_modifier,,none,EU5-specific religious action,Favor a God Cost,country,multiplicative,"percent, bad",,,
favor_kami_worship_from_religious_sects_cost_modifier,,none,EU5-specific Shinto action,Cost of Favor Kami Worship Action,country,multiplicative,"percent, bad",,,
favoring_buddhism,,none,EU5-specific Buddhist sect toggle,Allows Sects,country,boolean,good,,,
female_spouses,,none,EU5-specific polygamy mechanic,Maximum Amount of Female Spouses,country,,good,,,
flatland_proximity_impact,,none,EU5-specific proximity system,Flatland Proximity Impact,country,,"percent, bad",,,
flatland_wasteland_proximity_impact,,none,EU5-specific proximity system,Flatland Wasteland Proximity Impact,country,,"percent, bad",,,
food_consumption_modifier,,none,EU5-specific food/supply system,Unit Food Consumption,unit,multiplicative,"percent, bad",,,
food_purchase_cost,,none,EU5-specific food purchase mechanic,Cost of Purchasing Food,country,,"percent, bad",,,
forbid_marrying_lowborn,,none,EU5-specific marriage restriction,Forbid Marriage with Lowborn,country,boolean,bad,,,
force_army_maintenance,,none,EU5-specific army maintenance floor,Army Maintenance Minimum 100%,unit,boolean,bad,,,
force_convert_created_subjects,,none,EU5-specific subject creation option,Force Convert Subjects on Creation,country,boolean,good,,,
foreign_export_from_market_cost_modifier,,none,EU5-specific trade export cost,Export Cost from Market for Foreign Traders,country,multiplicative,"percent, good",,,
fort_limit,,none,EU5-specific fort limit concept,Fort Limit,country,,good,,,
fort_limit_modifier,,none,EU5-specific fort limit modifier,Fort Limit,country,multiplicative,"percent, good",,,
fort_maintenance_cost,fort_maintenance_modifier,high,Direct equivalent - fort maintenance cost,Fortification Maintenance,country,,"percent, bad",Military,Modifies the base fort maintenance cost.,Multiplicative
free_building_cost_modifier,build_cost,medium,Related building cost but EU5 specifies free/subsidized,Free Building Cost,country,multiplicative,"percent, bad",Economy,Modifies all building costs.,Multiplicative
gender_equality,,none,EU5-specific gender equality flag,Gender Equality,country,boolean,good,,,
german_migration_attraction_modifier,,none,EU5-specific German migration,German Migration Attraction Modifier,country,multiplicative,"percent, good",,,
get_claim_from_imperial_court_cost_modifier,,none,EU5-specific imperial court action,Cost of Getting a Claim from the Imperial Court,country,multiplicative,"percent, bad",,,
get_marriage_from_imperial_court_cost_modifier,,none,EU5-specific imperial court action,Cost of Getting Marriage from the Imperial Court,country,multiplicative,"percent, bad",,,
give_colony_rebellion_support_cost_modifier,,none,EU5-specific colony rebellion action,Give Colony Rebellion Support Cost Modifier,country,multiplicative,"percent, bad",,,
give_colony_representation_cost_modifier,,none,EU5-specific colony representation,Grant Representation to Colonial Subject Cost Modifier,country,multiplicative,"percent, bad",,,
global_army_levy_size_modifier,,none,EU5-specific levy system,Army Levy Size,country,multiplicative,"percent, good",,,
global_build_buildings_cost,build_cost,high,Both modify all building costs,Buildings Cost,country,,"percent, bad",Economy,Modifies all building costs.,Multiplicative
global_bureaucracy_entrenchment_speed_modifier,,none,EU5-specific bureaucracy system,Bureaucracy Entrenchment Speed Modifier,country,multiplicative,"percent, bad",,,
global_bureaucracy_implementation_cost_modifier,,none,EU5-specific bureaucracy system,Bureaucracy Implementation Cost Modifier,country,multiplicative,"percent, bad",,,
global_bureaucracy_maintenance_cost_modifier,,none,EU5-specific bureaucracy system,Bureaucracy Maintenance Cost Modifier,country,multiplicative,"percent, bad",,,
global_bureaucracy_removal_cost_modifier,,none,EU5-specific bureaucracy system,Bureaucracy Removal Cost Modifier,country,multiplicative,"percent, bad",,,
global_burghers_assimilation_blocked,,none,EU5-specific pop assimilation,Assimilation of Burghers Blocked,country,boolean,bad,,,
global_burghers_city_desired_pop,,none,EU5-specific pop capacity,Possible Burghers in Towns and Cities,country,,good,,,
global_burghers_city_desired_pop_scaled,,none,EU5-specific pop capacity,"Possible Burghers in Towns and Cities for each 1,000 population",country,scaled,"percent, good",,,
global_burghers_conversion_blocked,,none,EU5-specific pop conversion,Conversion of Burghers Blocked,country,boolean,bad,,,
global_burghers_desired_pop,,none,EU5-specific pop capacity,Possible Burghers,country,,good,,,
global_burghers_desired_pop_scaled,,none,EU5-specific pop capacity,"Possible Burghers for each 1,000 population",country,scaled,"percent, good",,,
global_burghers_estate_power,,none,EU5-specific estate power,Burghers Power,"country, estate",,"percent, bad",,,
global_burghers_food_consumption,,none,EU5-specific food system,Burghers Food Consumption,country,,"percent, bad",,,
global_burghers_max_literacy,,none,EU5-specific literacy system,Max Literacy for Burghers,country,,"raw percent, good",,,
global_burghers_migration_allowed,,none,EU5-specific migration permission,Allows Burghers to Migrate,country,boolean,good,,,
global_burghers_pop_growth,,none,EU5-specific pop growth,Burghers Growth,country,,"percent, good",,,
global_burghers_rural_desired_pop,,none,EU5-specific pop capacity,Possible Burghers in Rural Locations,country,,good,,,
global_burghers_rural_desired_pop_scaled,,none,EU5-specific pop capacity,"Possible Burghers in Rural Locations for each 1,000 population",country,scaled,"percent, good",,,
global_clergy_assimilation_blocked,,none,EU5-specific pop assimilation,Assimilation of Clerics Blocked,country,boolean,bad,,,
global_clergy_city_desired_pop,,none,EU5-specific pop capacity,Possible Clerics in Towns and Cities,country,,good,,,
global_clergy_city_desired_pop_scaled,,none,EU5-specific pop capacity,"Possible Clerics in Towns and Cities for each 1,000 population",country,scaled,"percent, good",,,
global_clergy_conversion_blocked,,none,EU5-specific pop conversion,Conversion of Clerics Blocked,country,boolean,bad,,,
global_clergy_desired_pop,,none,EU5-specific pop capacity,Possible Clerics,country,,good,,,
global_clergy_desired_pop_scaled,,none,EU5-specific pop capacity,"Possible Clerics for each 1,000 population",country,scaled,"percent, good",,,
global_clergy_estate_power,,none,EU5-specific estate power,Clergy Power,"country, estate",,"percent, bad",,,
global_clergy_food_consumption,,none,EU5-specific food system,Clergy Food Consumption,country,,"percent, bad",,,
global_clergy_max_literacy,,none,EU5-specific literacy system,Max Literacy for Clergy,country,,"raw percent, good",,,
global_clergy_migration_allowed,,none,EU5-specific migration permission,Allows Clerics to Migrate,country,boolean,good,,,
global_clergy_pop_growth,,none,EU5-specific pop growth,Clerics Growth,country,,"percent, good",,,
global_clergy_rural_desired_pop,,none,EU5-specific pop capacity,Possible Clerics in Rural Locations,country,,good,,,
global_clergy_rural_desired_pop_scaled,,none,EU5-specific pop capacity,"Possible Clerics in Rural Locations for each 1,000 population",country,scaled,"percent, good",,,
global_construction_speed,build_time,high,Both modify building construction speed,Construction Speed,country,,"percent, good",Economy,Modifies all building construction times.,Multiplicative
global_cossacks_estate_power,,none,EU5-specific estate power,Cossacks Power,"country, estate",,"percent, bad",,,
global_crown_estate_power,,none,EU5-specific crown power,Crown Power,"country, estate",,"percent, good",,,
global_defensive,defensiveness,high,Direct equivalent - fort defensiveness,Fort Defense,country,,"percent, good",Military,Modifies the siege defensiveness that affects siege phase length.,Multiplicative
global_devastation_recovery,,none,EU5-specific devastation recovery (EU4 has devastation but different modifier),Prosperity Recovery,country,,"percent, good",,,
global_dhimmi_estate_power,,none,EU5-specific estate power,Ḏimmī Power,"country, estate",,"percent, bad",,,
global_disease_resistance,,none,EU5-specific disease/plague system,Disease Resistance,country,,"percent, good",,,
global_distance_from_capital_speed_propagation,,none,EU5-specific proximity/distance system,Proximity Speed,country,,"percent, good",,,
global_estate_max_tax,,none,EU5-specific estate tax range,Maximum Tax,"country, estate",,"percent, good",,,
global_estate_min_tax,,none,EU5-specific estate tax range,Minimum Tax,"country, estate",,"percent, good",,,
global_estate_power,,none,EU5-specific estate power (EU4 has influence but not power),Estates Power,"country, estate",,"percent, bad",,,
global_estate_satisfaction_decay,,none,EU5-specific estate satisfaction,Estates Satisfaction Decay,"country, estate",,"percent, bad",,,
global_estate_satisfaction_from_legitimacy,,none,EU5-specific estate satisfaction,Estates Satisfaction Equilibrium from Legitimacy,"country, estate",,"percent, good",,,
global_estate_satisfaction_recovery,,none,EU5-specific estate satisfaction,Estates Satisfaction Recovery,"country, estate",,"percent, neutral",,,
global_estate_target_satisfaction,,none,EU5-specific estate satisfaction equilibrium,Estates Satisfaction Equilibrium,"country, estate",,"percent, good",,,
global_food_capacity,,none,EU5-specific food system,Food Capacity,country,,good,,,
global_food_capacity_modifier,,none,EU5-specific food system,Food Capacity,country,multiplicative,"percent, good",,,
global_food_decay,,none,EU5-specific food system,Food Decay,country,,"percent, bad",,,
global_foreign_build_buildings_cost,,none,EU5-specific foreign building cost,Foreign Buildings Cost,country,,"percent, bad",,,
global_fort_build_buildings_cost,,none,EU5-specific fort building cost,Fort Buildings Cost,country,,"percent, bad",,,
global_garrison_growth,global_garrison_growth,high,Direct equivalent - garrison growth rate,Garrison Growth,country,,"percent, good",Military,Modifies the base garrison growth in provinces.,Multiplicative
global_garrison_size_modifier,garrison_size,high,Direct equivalent - garrison size,Garrison Size,country,multiplicative,"percent, good",Military,Modifies the base garrison size in provinces.,Multiplicative
global_heathen_pop_conversion_speed_modifier,global_heathen_missionary_strength,medium,Related heathen conversion but EU5 is pop-based,Heathen Pop Conversion Speed %,country,multiplicative,"percent, good",Religion,Adds to the base missionary strength against heathen religions.,Additive
global_hellenism_religion_movement_growth_modifier,,none,EU5-specific religious movement,Global Platonic Revival Movement Growth Modifier,movement,multiplicative,"percent, good",,,
global_hellenism_religion_movement_resistance_modifier,,none,EU5-specific religious movement,Global Platonic Revival Movement Resistance Modifier,movement,multiplicative,"percent, good",,,
global_heretic_pop_conversion_speed_modifier,global_heretic_missionary_strength,medium,Related heretic conversion but EU5 is pop-based,Heretic Pop Conversion Speed %,country,multiplicative,"percent, good",Religion,Adds to the base missionary strength against heretic religions.,Additive
global_hostile_attrition,hostile_attrition,high,Direct equivalent - attrition inflicted on enemies,Hostile Attrition,country,,"raw percent, bad",Military,Adds to the attrition enemies take in a country's provinces.,Additive
global_institution_growth_modifier,global_institution_spread,high,Both modify institution spread/growth rate,Institution Growth,country,multiplicative,"percent, good",Technology,Modifies the rate of spread for institutions in all owned provinces.,Multiplicative
global_integration_speed_modifier,,none,EU5 uses this for its own annexation (already matched to annexation_speed_modifier),Speed of Integration,country,multiplicative,"percent, good",,,
global_laborers_assimilation_blocked,,none,EU5-specific pop assimilation,Assimilation of Laborers Blocked,country,boolean,bad,,,
global_laborers_city_desired_pop,,none,EU5-specific pop capacity,Possible Laborers in Towns and Cities,country,,good,,,
global_laborers_city_desired_pop_scaled,,none,EU5-specific pop capacity,"Possible Laborers in Towns and Cities for each 1,000 population",country,scaled,"percent, good",,,
global_laborers_conversion_blocked,,none,EU5-specific pop conversion,Conversion of Laborers Blocked,country,boolean,bad,,,
global_laborers_desired_pop,,none,EU5-specific pop capacity,Possible Laborers,country,,good,,,
global_laborers_desired_pop_scaled,,none,EU5-specific pop capacity,"Possible Laborers for each 1,000 population",country,scaled,"percent, good",,,
global_laborers_food_consumption,,none,EU5-specific food system,Laborers Food Consumption,country,,"percent, bad",,,
global_laborers_max_literacy,,none,EU5-specific literacy system,Max Literacy for Laborers,country,,"raw percent, good",,,
global_laborers_migration_allowed,,none,EU5-specific migration permission,Allows Laborers to Migrate,country,boolean,good,,,
global_laborers_pop_growth,,none,EU5-specific pop growth,Laborers Growth,country,,"percent, good",,,
global_laborers_rural_desired_pop,,none,EU5-specific pop capacity,Possible Laborers in Rural Locations,country,,good,,,
global_laborers_rural_desired_pop_scaled,,none,EU5-specific pop capacity,"Possible Laborers in Rural Locations for each 1,000 population",country,scaled,"percent, good",,,
global_levy_recruitment_speed_modifier,global_regiment_recruit_speed,medium,Related recruitment speed but EU5 uses levy system,Levy Recruitment Speed,country,multiplicative,"percent, good",Military,Modifies the base speed at which land units are recruited.,Multiplicative
global_levy_size_modifier,,none,EU5-specific levy system,Levy Size,country,multiplicative,"percent, good",,,
global_life_expectancy,monarch_lifespan,medium,Related lifespan but EU5 covers all characters not just monarchs,Character Life Expectancy,country,,good,Court,Modifies the average lifespan of a ruler.,Multiplicative
global_manpower_modifier,global_manpower_modifier,high,Direct equivalent - total manpower pool modifier,Manpower,country,multiplicative,"percent, good",Military,Modifies a country's total manpower pool.,Multiplicative
global_maritime_presence_decay,,none,EU5-specific maritime presence,Maritime Presence Decay,country,,"percent, bad",,,
global_maritime_presence_modifier,,none,EU5-specific maritime presence,Maritime Presence %,unit,multiplicative,"percent, good",,,
global_max_bureaucracy_slots,,none,EU5-specific bureaucracy slots,Max Bureaucracy Slots,country,,good,,,
global_max_control,,none,EU5-specific control system,Max Control,country,,"percent, good",,,
global_max_literacy,,none,EU5-specific literacy system,Max Literacy,country,,"raw percent, good",,,
global_max_rgo_size_modifier,,none,EU5-specific RGO system,Maximum RGO Size,country,multiplicative,"percent, good",,,
global_max_rgo_size_modifier_in_non_rural,,none,EU5-specific RGO system,Maximum RGO Size in Towns & Cities,country,,"percent, good",,,
global_max_rgo_size_modifier_in_rural,,none,EU5-specific RGO system,Maximum RGO Size in Rural,country,,"percent, good",,,
global_max_rural_control,,none,EU5-specific control system,Max Rural Control,country,,"percent, good",,,
global_max_urban_control,,none,EU5-specific control system,Max Urban Control,country,,"percent, good",,,
global_may_build_nahuatl_units,,none,EU5-specific Nahua units,May Build Eagle and Jaguar Warriors,country,boolean,good,,,
global_may_build_paik_units,,none,EU5-specific Paik units,May Build Paik Units,country,boolean,good,,,
global_mercenaries_modifier,,none,EU5-specific mercenary size (EU4 has mercenary_manpower but different),Mercenary Size,country,multiplicative,"percent, neutral",,,
global_merchant_capacity_modifier,,none,EU5-specific merchant capacity,Trade Capacity,country,multiplicative,"percent, good",,,
global_merchant_power,global_trade_power,medium,Related trade advantage but conceptually different,Trade Advantage,country,,"percent, good",Trade,Modifies the trade power in all trade nodes for a country.,Multiplicative
global_migration_attraction,,none,EU5-specific migration system,Migration Attraction,country,,good,,,
global_migration_speed,,none,EU5-specific migration system,Pop Migration Speed,country,,good,,,
global_migration_speed_modifier,,none,EU5-specific migration system,Pop Migration Speed,country,multiplicative,"percent, good",,,
global_monthly_art_start_chance,,none,EU5-specific artist system,Artist Monthly Start Chance,country,,"percent, good",,,
global_monthly_control,,none,EU5-specific control system,Monthly Control,country,,"percent, good",,,
global_monthly_control_decline,,none,EU5-specific control system,Monthly Control Decline,country,,"percent, bad",,,
global_monthly_development,,none,EU5-specific development growth,Monthly Development,country,,good,,,
global_monthly_food_modifier,,none,EU5-specific food system,Food Production %,country,multiplicative,"percent, good",,,
global_monthly_literacy,,none,EU5-specific literacy system,Monthly Literacy,country,,"raw percent, good",,,
global_monthly_prosperity,global_prosperity_growth,high,Both add to prosperity rate,Monthly Prosperity,country,,"percent, good",Economy,Adds to the prosperity rate in all provinces.,Additive
global_monthly_rural_control,,none,EU5-specific control system,Monthly Rural Control,country,,"percent, good",,,
global_monthly_urban_control,,none,EU5-specific control system,Monthly Urban Control,country,,"percent, good",,,
global_navy_levy_size_modifier,,none,EU5-specific naval levy,Navy Levy Size,country,multiplicative,"percent, good",,,
global_nobles_assimilation_blocked,,none,EU5-specific pop assimilation,Assimilation of Nobles Blocked,country,boolean,bad,,,
global_nobles_city_desired_pop,,none,EU5-specific pop capacity,Possible Nobles in Towns and Cities,country,,good,,,
global_nobles_city_desired_pop_scaled,,none,EU5-specific pop capacity,"Possible Nobles in Towns and Cities for each 1,000 population",country,scaled,"percent, good",,,
global_nobles_conversion_blocked,,none,EU5-specific pop conversion,Conversion of Nobles Blocked,country,boolean,bad,,,
global_nobles_desired_pop,,none,EU5-specific pop capacity,Possible Nobles,country,,good,,,
global_nobles_desired_pop_scaled,,none,EU5-specific pop capacity,"Possible Nobles for each 1,000 population",country,scaled,"percent, good",,,
global_nobles_estate_power,,none,EU5-specific estate power,Nobles Power,"country, estate",,"percent, bad",,,
global_nobles_food_consumption,,none,EU5-specific food system,Nobles Food Consumption,country,,"percent, bad",,,
global_nobles_max_literacy,,none,EU5-specific literacy system,Max Literacy for Nobles,country,,"raw percent, good",,,
global_nobles_migration_allowed,,none,EU5-specific migration permission,Allows Nobles to Migrate,country,boolean,good,,,
global_nobles_pop_growth,,none,EU5-specific pop growth,Nobles Growth,country,,"percent, good",,,
global_nobles_rural_desired_pop,,none,EU5-specific pop capacity,Possible Nobles in Rural Locations,country,,good,,,
global_nobles_rural_desired_pop_scaled,,none,EU5-specific pop capacity,"Possible Nobles in Rural Locations for each 1,000 population",country,scaled,"percent, good",,,
global_non_rural_monthly_development,,none,EU5-specific development growth,Monthly Development in Urban Locations,country,,good,,,
global_non_rural_monthly_prosperity,global_prosperity_growth,medium,Related prosperity but EU5 scoped to urban only,Monthly Prosperity in Urban Locations,country,,"percent, good",Economy,Adds to the prosperity rate in all provinces.,Additive
global_peasant_enfranchisment,,none,EU5-specific pop mechanic,Peasant Enfranchisement,country,,"percent, good",,,
global_peasants_assimilation_blocked,,none,EU5-specific pop assimilation,Assimilation of Peasants Blocked,country,boolean,bad,,,
global_peasants_city_desired_pop,,none,EU5-specific pop capacity,Possible Peasants in Towns and Cities,country,,good,,,
global_peasants_city_desired_pop_scaled,,none,EU5-specific pop capacity,"Possible Peasants in Towns and Cities for each 1,000 population",country,scaled,"percent, good",,,
global_peasants_conversion_blocked,,none,EU5-specific pop conversion,Conversion of Peasants Blocked,country,boolean,bad,,,
global_peasants_desired_pop,,none,EU5-specific pop capacity,Possible Peasants,country,,good,,,
global_peasants_desired_pop_scaled,,none,EU5-specific pop capacity,"Possible Peasants for each 1,000 population",country,scaled,"percent, good",,,
global_peasants_estate_power,,none,EU5-specific estate power,Peasants Power,"country, estate",,"percent, bad",,,
global_peasants_food_consumption,,none,EU5-specific food system,Peasants Food Consumption,country,,"percent, bad",,,
global_peasants_max_literacy,,none,EU5-specific literacy system,Max Literacy for Peasants,country,,"raw percent, good",,,
global_peasants_migration_allowed,,none,EU5-specific migration permission,Allows Peasants to Migrate,country,boolean,good,,,
global_peasants_pop_growth,,none,EU5-specific pop growth,Peasants Growth,country,,"percent, good",,,
global_peasants_rural_desired_pop,,none,EU5-specific pop capacity,Possible Peasants in Rural Locations,country,,good,,,
global_peasants_rural_desired_pop_scaled,,none,EU5-specific pop capacity,"Possible Peasants in Rural Locations for each 1,000 population",country,scaled,"percent, good",,,
global_pirate_spawn_chance,,none,EU5-specific pirate spawning,Chance for Pirates,country,,"raw percent, bad",,,
global_pop_assimilation_speed,,none,EU5-specific pop assimilation,Pop Assimilation Speed,country,,good,,,
global_pop_assimilation_speed_modifier,,none,EU5-specific pop assimilation,Pop Assimilation Speed,country,multiplicative,"percent, good",,,
global_pop_conversion_speed,,none,EU5-specific pop conversion,Pop Conversion Speed,country,,good,,,
global_pop_conversion_speed_modifier,global_missionary_strength,medium,Related religious conversion but EU5 is pop-based,Pop Conversion Speed %,country,multiplicative,"percent, good",Religion,Adds to the base missionary strength against all religions.,Additive
global_pop_demotion_speed,,none,EU5-specific pop mobility,Pop Demotion Speed,country,,bad,,,
global_pop_demotion_speed_modifier,,none,EU5-specific pop mobility,Pop Demotion Speed,country,multiplicative,"percent, bad",,,
global_pop_food_consumption,,none,EU5-specific food system,Pop Food Consumption,country,,"percent, bad",,,
global_pop_promotion_speed,,none,EU5-specific pop mobility,Pop Promotion Speed,country,,good,,,
global_pop_promotion_speed_modifier,,none,EU5-specific pop mobility,Pop Promotion Speed %,country,multiplicative,"percent, good",,,
global_population_capacity_modifier,,none,EU5-specific population system,Population Capacity %,country,multiplicative,"percent, good",,,
global_population_growth,,none,EU5-specific population growth,Population Growth,country,,"percent, good",,,
global_port_build_buildings_cost,,none,EU5-specific port building cost,Port Buildings Cost,country,,"percent, bad",,,
global_production_efficiency,production_efficiency,high,Direct equivalent - production income modifier,Production Efficiency,country,,"percent, good",Economy,Modifies the base production income by a percentage.,Multiplicative
global_prosperity_decay,,none,EU5-specific prosperity decay,Prosperity Decay,country,,"percent, bad",,,
global_rgo_build_time,,none,EU5-specific RGO system,Expanding Raw Materials Time,country,,"percent, bad",,,
global_road_building_time,,none,EU5-specific road system,Road Building Time,country,,"percent, bad",,,
global_roman_culture_movement_growth_modifier,,none,EU5-specific Latin revival movement,Global Latin Revival Movement Growth Modifier,movement,multiplicative,"percent, good",,,
global_roman_culture_movement_resistance_modifier,,none,EU5-specific Latin revival movement,Global Latin Revival Movement Resistance Modifier,movement,multiplicative,"percent, good",,,
global_rural_build_buildings_cost,,none,EU5-specific rural building cost,Rural Buildings Cost,country,,"percent, bad",,,
global_sailors_modifier,global_sailors_modifier,high,Direct equivalent - sailor pool modifier,Sailors,country,multiplicative,"percent, good",Navy,Modifies a country's maximum sailor pool.,Multiplicative
global_separatism,years_of_nationalism,medium,Related separatism/nationalism but different mechanism,Separatism,country,,"percent, bad",Stability,Adds to the base separatism value of provinces when conquered.,Additive
global_slave_pop_satisfaction,,none,EU5-specific pop satisfaction,Satisfaction of Slaves,country,,"percent, good",,,
global_slaves_assimilation_blocked,,none,EU5-specific pop assimilation,Assimilation of Slaves Blocked,country,boolean,bad,,,
global_slaves_city_desired_pop,,none,EU5-specific pop capacity,Possible Slaves in Towns and Cities,country,,good,,,
global_slaves_city_desired_pop_scaled,,none,EU5-specific pop capacity,"Possible Slaves in Towns and Cities for each 1,000 population",country,scaled,"percent, good",,,
global_slaves_conversion_blocked,,none,EU5-specific pop conversion,Conversion of Slaves Blocked,country,boolean,bad,,,
global_slaves_desired_pop,,none,EU5-specific pop capacity,Possible Slaves,country,,good,,,
global_slaves_desired_pop_scaled,,none,EU5-specific pop capacity,"Possible Slaves for each 1,000 population",country,scaled,"percent, good",,,
global_slaves_food_consumption,,none,EU5-specific food system,Slaves Food Consumption,country,,"percent, bad",,,
global_slaves_max_literacy,,none,EU5-specific literacy system,Max Literacy for Slaves,country,,"raw percent, good",,,
global_slaves_migration_allowed,,none,EU5-specific migration permission,Allows Slaves to Migrate,country,boolean,good,,,
global_slaves_pop_growth,,none,EU5-specific pop growth,Slaves Growth,country,,"percent, good",,,
global_slaves_rural_desired_pop,,none,EU5-specific pop capacity,Possible Slaves in Rural Locations,country,,good,,,
global_slaves_rural_desired_pop_scaled,,none,EU5-specific pop capacity,"Possible Slaves in Rural Locations for each 1,000 population",country,scaled,"percent, good",,,
global_soldiers_assimilation_blocked,,none,EU5-specific pop assimilation,Assimilation of Soldiers Blocked,country,boolean,bad,,,
global_soldiers_city_desired_pop,,none,EU5-specific pop capacity,Possible Soldiers in Towns and Cities,country,,good,,,
global_soldiers_city_desired_pop_scaled,,none,EU5-specific pop capacity,"Possible Soldiers in Towns and Cities for each 1,000 population",country,scaled,"percent, good",,,
global_soldiers_conversion_blocked,,none,EU5-specific pop conversion,Conversion of Soldiers Blocked,country,boolean,bad,,,
global_soldiers_desired_pop,,none,EU5-specific pop capacity,Possible Soldiers,country,,good,,,
global_soldiers_desired_pop_scaled,,none,EU5-specific pop capacity,"Possible Soldiers for each 1,000 population",country,scaled,"percent, good",,,
global_soldiers_food_consumption,,none,EU5-specific food system,Soldiers Food Consumption,country,,"percent, bad",,,
global_soldiers_max_literacy,,none,EU5-specific literacy system,Max Literacy for Soldiers,country,,"raw percent, good",,,
global_soldiers_migration_allowed,,none,EU5-specific migration permission,Allows Soldiers to Migrate,country,boolean,good,,,
global_soldiers_pop_growth,,none,EU5-specific pop growth,Soldiers Growth,country,,"percent, good",,,
global_soldiers_rural_desired_pop,,none,EU5-specific pop capacity,Possible Soldiers in Rural Locations,country,,good,,,
global_soldiers_rural_desired_pop_scaled,,none,EU5-specific pop capacity,"Possible Soldiers in Rural Locations for each 1,000 population",country,scaled,"percent, good",,,
global_supply_limit_modifier,global_supply_limit_modifier,high,Direct equivalent - supply limit,Supply Limit,country,multiplicative,"percent, good",Military,Modifies the supply limit of provinces,Additive
global_trade_center_power,,none,EU5-specific market attraction,Market Attraction,country,,"percent, good",,,
global_trade_protection_factor,,none,EU5-specific market protection,Market Protection,country,,"percent, good",,,
global_trade_through_owned_territory_cost_modifier,,none,EU5-specific trade range mechanic,Trade Range over Owned Land,country,multiplicative,"percent, bad",,,
global_trades_per_burgher,,none,EU5-specific burgher trade capacity,Burghers Trade Capacity,country,,"percent, good",,,
global_tribal_promotion,,none,EU5-specific pop tribal promotion,Tribesmen to Peasants,country,,"percent, good",,,
global_tribes_estate_power,,none,EU5-specific estate power,Tribes Power,"country, estate",,"percent, bad",,,
global_tribesmen_assimilation_blocked,,none,EU5-specific pop assimilation,Assimilation of Tribesmen Blocked,country,boolean,bad,,,
global_tribesmen_city_desired_pop,,none,EU5-specific pop capacity,Possible Tribesmen in Towns and Cities,country,,good,,,
global_tribesmen_city_desired_pop_scaled,,none,EU5-specific pop capacity,"Possible Tribesmen in Towns and Cities for each 1,000 population",country,scaled,"percent, good",,,
global_tribesmen_conversion_blocked,,none,EU5-specific pop conversion,Conversion of Tribesmen Blocked,country,boolean,bad,,,
global_tribesmen_desired_pop,,none,EU5-specific pop capacity,Possible Tribesmen,country,,good,,,
global_tribesmen_desired_pop_scaled,,none,EU5-specific pop capacity,"Possible Tribesmen for each 1,000 population",country,scaled,"percent, good",,,
global_tribesmen_food_consumption,,none,EU5-specific food system,Tribesmen Food Consumption,country,,"percent, bad",,,
global_tribesmen_max_literacy,,none,EU5-specific literacy system,Max Literacy for Tribesmen,country,,"raw percent, good",,,
global_tribesmen_migration_allowed,,none,EU5-specific migration permission,Allows Tribesmen to Migrate,country,boolean,good,,,
global_tribesmen_pop_growth,,none,EU5-specific pop growth,Tribesmen Growth,country,,"percent, good",,,
global_tribesmen_rural_desired_pop,,none,EU5-specific pop capacity,Possible Tribesmen in Rural Locations,country,,good,,,
global_tribesmen_rural_desired_pop_scaled,,none,EU5-specific pop capacity,"Possible Tribesmen in Rural Locations for each 1,000 population",country,scaled,"percent, good",,,
global_upper_class_capacity_modifier,,none,EU5-specific pop capacity,Upper-Class Population Capacity,country,multiplicative,"percent, good",,,
global_urban_build_buildings_cost,,none,EU5-specific urban building cost,Urban Buildings Cost,country,,"percent, bad",,,
global_war_score_efficiency,warscore_from_battles_modifier,medium,Related warscore but EU5 broader (all sources) vs EU4 (battles only),War Score Efficiency,country,,"percent, good",Military,Modifiers the amount of war score a country gain from land and naval battles.,Multiplicative
gold_importance_modifier,,none,EU5-specific AI importance modifier,Gold Importance Modifier,country,multiplicative,good,,,
government_reform_slots,,none,EU5-specific reform slots (EU4 uses different system),Possible Government Reforms,country,,good,,,
government_size,,none,EU5-specific cabinet seats system,Cabinet Seats,country,,good,,,
grant_a_triumph_cost_modifier,,none,EU5-specific Byzantine/Roman action,Grant a Triumph,country,multiplicative,"percent, bad",,,
grant_cabinet_right_price_cost_modifier,,none,EU5-specific cabinet action,Grant Cabinet Right Cost Modifier,country,multiplicative,"percent, bad",,,
grant_privilege_cost_modifier,,none,EU5-specific estate privilege action (EU4 has estate privileges but no cost modifier),Grant Privilege Cost,country,multiplicative,"percent, bad",,,
grant_shugo_office_cost_modifier,,none,EU5-specific Japanese office action,Grant Shugo Office Cost,country,multiplicative,"percent, bad",,,
grant_town_rights_cost_modifier,,none,EU5-specific urban rights action,Cost of Granting Urban Rights,country,multiplicative,"percent, bad",,,
great_power_score,,none,EU5-specific great power score,Great Power Score,country,,good,,,
great_power_score_exempt_from_forfeit,,none,EU5-specific great power score,Great Power Score (Exempt from Forfeit),country,,good,,,
great_power_score_modifier,,none,EU5-specific great power score,Great Power Score Modifier,country,multiplicative,"percent, good",,,
greek_festivals_cost_modifier,,none,EU5-specific Byzantine action,Revitalize an Ancient Greek Festival,country,multiplicative,"percent, bad",,,
hanseatic_member_cost_cost_modifier,,none,EU5-specific Hanseatic mechanic,Hanseatic Membership Fees,country,multiplicative,"percent, bad",,,
hanseatic_shipwright_guild_max_level,,none,EU5-specific Hanseatic building,Hanseatic Shipwright Guild Max Level,country,additive,good,,,
has_a_parliamentary_system,,none,EU5-specific parliament flag,Has a Parliamentary System,country,boolean,good,,,
has_appanages_subjects,,none,EU5-specific appanage subject type,Has Appanages,country,boolean,good,,,
has_ashta_pradham_council_policies,,none,EU5-specific Indian policy system,Can Enact Ashta Pradham Policy,country,boolean,good,,,
has_chivalric_order,,none,EU5-specific chivalric order flag,Has Chivalric Order,country,boolean,good,,,
has_codified_laws,,none,EU5-specific codified laws mechanic,Can Codify Laws,country,boolean,good,,,
has_complacency_effects,,none,EU5-specific complacency disaster,Complacency Impacts,country,boolean,bad,,,
has_cultural_maintenance,,none,EU5-specific culture investment,Can Invest in Culture,country,boolean,good,,,
has_panaqas,,none,EU5-specific Inca panaqa system,Has Panaqas,country,boolean,bad,,,
has_road_building,,none,EU5-specific road building flag,Road-building,country,boolean,good,,,
has_stability_investment,,none,EU5-specific stability investment,Can Invest in Stability,country,boolean,good,,,
has_taluqdar_tax_collection,,none,EU5-specific Indian tax mechanic,Has Taluqdar Tax Collection,country,boolean,good,,,
head_of_cabinet_promotion_cost_modifier,,none,EU5-specific cabinet action,Head of the Cabinet Promotion Cost Modifier,country,multiplicative,"percent, bad",,,
heir_of_any_religion,,none,EU5-specific heir religion rule,Heir of Any Religion,country,boolean,neutral,,,
heir_of_same_religion,,none,EU5-specific heir religion rule,Heir of Same Religion,country,boolean,neutral,,,
heir_of_same_religion_group,,none,EU5-specific heir religion rule,Heir of Same Religion Group,country,boolean,neutral,,,
hide_from_black_death_cost_modifier,,none,EU5-specific plague action,Hide from Black Death Cost,country,multiplicative,"percent, bad",,,
high_lakes_proximity_impact,,none,EU5-specific proximity system,High lakes Proximity Impact,country,,"percent, bad",,,
hills_proximity_impact,,none,EU5-specific proximity system,Hills Proximity Impact,country,,"percent, bad",,,
hills_wasteland_proximity_impact,,none,EU5-specific proximity system,Hills Wasteland Proximity Impact,country,,"percent, bad",,,
hire_advisor_cost_modifier,advisor_cost,high,Direct equivalent - advisor hiring cost,Hire Advisor Cost,country,multiplicative,"percent, bad",Court,Modifies the base cost of advisors.,Multiplicative
hire_artist_cost_modifier,,none,EU5-specific artist system,Hire Artist Cost,country,multiplicative,"percent, bad",,,
hire_mercenary_leader_cost_modifier,,none,EU5-specific mercenary leader hiring,Hire Mercenary Leader Cost,country,multiplicative,"percent, bad",,,
hire_mercenary_premium_cost_modifier,mercenary_cost,medium,Related mercenary hiring cost,Hire Mercenary Premium Cost,country,multiplicative,"percent, bad",Mercenary,Modifies the base cost for mercenary units.,Multiplicative
hire_prisoners_cost_modifier,,none,EU5-specific prisoner recruitment,Hire Prisoners Cost,country,multiplicative,"percent, bad",,,
hire_privateer_cost_modifier,,none,EU5-specific privateer action,Cost of Hiring Privateers,country,multiplicative,"percent, bad",,,
hold_public_kirishitan_mass_cost_modifier,,none,EU5-specific Kirishitan action,Cost of Hold Public Kirishitan Mass Action,country,multiplicative,"percent, bad",,,
honorary_titles_bureaucracy_impact_modifier,,none,EU5-specific Chinese bureaucracy,Honorary Titles Impact,country,multiplicative,"percent, good",,,
honoring_alliance_call_cost_modifier,,none,EU5-specific alliance call action,Honoring Alliance Call Cost,country,multiplicative,"percent, bad",,,
horde_unity_hit_at_ruler_death,,none,EU5-specific horde unity mechanic,Horde Unity Change on Ruler Death,country,,good,,,
host_olympiad_cost_modifier,,none,EU5-specific Olympiad action,Host Olympiad Cost Modifier,country,multiplicative,"percent, bad",,,
hostile_diplomatic_annexation_cost,diplomatic_annexation_cost,medium,Related to diplomatic annexation but hostile-specific,Hostile Diplomatic Annexation Cost,country,,"percent, bad",Diplomacy,Modifies the diplomatic power cost for annexation.,Multiplicative
hre_army_building_cost_modifier,imperial_mercenary_cost,low,Related HRE military cost but different unit type,Imperial Army Building Cost Modifier,country,multiplicative,"percent, bad",Holy Roman Empire,Modifies the cost of mercenary companies for nations within the Holy Roman Empire.,Multiplicative
hussite_wars_actions_price_cost_modifier,,none,EU5-specific Hussite Wars situation,Hussite Wars Situation Actions Cost Modifier,country,multiplicative,"percent, bad",,,
hyw_main_actions_price_cost_modifier,,none,EU5-specific Hundred Years War actions,Hundred Years' War Main Actions Cost,country,multiplicative,"percent, bad",,,
ignore_doom,,none,EU5-specific doom mechanic,Ignores Doom,country,boolean,good,,,
ignore_same_religion_colonial_claim,,none,EU5-specific colonial claim rule,Ignore Religious Colonial Claims,country,boolean,good,,,
ignore_zone_of_control,can_bypass_forts,high,Both allow ignoring fort zone of control,Ignore Zone of Control,country,boolean,good,Military,Allows units to ignore fort zones of control.,Constant
imperial_army_contribution_price_cost_modifier,,none,EU5-specific HRE contribution,Imperial Army Contribution Cost Modifier,country,multiplicative,"percent, neutral",,,
imperial_authority_modifier,imperial_authority,high,Both modify imperial authority impact,Imperial Authority Modifier,all,multiplicative,"percent, good",Holy Roman Empire,Modifies the impact of imperial authority gains.,Multiplicative
imperial_contribution_price_cost_modifier,,none,EU5-specific HRE contribution,Imperial Contribution Cost Modifier,country,multiplicative,"percent, neutral",,,
imperial_senate_bureaucracy_impact_modifier,,none,EU5-specific Byzantine bureaucracy,Imperial Senate Impact,country,multiplicative,"percent, good",,,
imperial_treasury_contribution_price_cost_modifier,,none,EU5-specific HRE treasury contribution,Imperial Treasury Contribution Cost Modifier,country,multiplicative,"percent, neutral",,,
implement_bureaucracy_price_cost_modifier,,none,EU5-specific bureaucracy action,Implement Bureaucracy Price Modifier,country,multiplicative,"percent, bad",,,
import_efficiency,,none,EU5-specific trade import mechanic,Import Efficiency,country,,"percent, good",,,
improve_our_cultural_view_price_cost_modifier,,none,EU5-specific culture opinion action,Improve our Cultural opinion Cost Modifier,country,multiplicative,"percent, bad",,,
improve_relation_impact,improve_relation_modifier,high,Direct equivalent - improve relations speed,Improve Relations,country,,"percent, good",Diplomacy,Modifies the speed of the ‘Improve Relations’ diplomatic action.,Multiplicative
increase_clergy_satisfaction_from_religious_sects_cost_modifier,,none,EU5-specific religious sect action,Cost of Appease the Temples Action,country,multiplicative,"percent, bad",,,
increase_levies_from_shogun_court_cost_modifier,,none,EU5-specific shogun court action,Cost of Increase Levies Action,country,multiplicative,"percent, bad",,,
increase_literacy_from_religious_sects_cost_modifier,,none,EU5-specific literacy action,Cost of Increase Literacy Action,country,multiplicative,"percent, bad",,,
increase_peasant_satisfaction_from_ikko_ikki_cost_modifier,,none,EU5-specific Ikko-ikki action,Cost of Appease the Commoners Action,country,multiplicative,"percent, bad",,,
increase_tax_income_from_shogun_court_cost_modifier,,none,EU5-specific shogun court action,Cost of Increase Tax Income Action,country,multiplicative,"percent, bad",,,
indulge_in_bloodbath_cost_modifier,,none,EU5-specific character action,Indulge in Bloodbath Cost,country,multiplicative,"percent, bad",,,
indulge_in_feasts_cost_modifier,,none,EU5-specific character action,Indulge in Feasts Cost,country,multiplicative,"percent, bad",,,
inland_sea_proximity_impact,,none,EU5-specific proximity system,Inland sea Proximity Impact,country,,"percent, bad",,,
institution_growth,global_institution_spread,medium,Related institution spread but EU5 is generic growth,Institution Growth,country,,good,Technology,Modifies the rate of spread for institutions in all owned provinces.,Multiplicative
institution_importance_modifier,,none,EU5-specific AI importance modifier,Institution Importance Modifier,country,multiplicative,good,,,
intervene_in_italian_campaign_price_cost_modifier,,none,EU5-specific Italian Wars action,Intervene in Italian Campaign Cost,country,multiplicative,"percent, bad",,,
inti_ceremonial_festivals_cost_modifier,,none,EU5-specific Inca religious action,Cost of Host a Ceremony Religious Action,country,multiplicative,"percent, bad",,,
invade_neighbor_beylik_price_cost_modifier,,none,EU5-specific Ottoman action,Invade Neighbor Beylik Cost Modifier,country,multiplicative,"percent, bad",,,
invite_artist_cost_modifier,,none,EU5-specific artist system,Invite Artist Cost,country,multiplicative,"percent, bad",,,
invite_foreign_cleric_cost_modifier,,none,EU5-specific religious action,Invite Foreign Cleric Cost,country,multiplicative,"percent, bad",,,
invite_patriarch_delegation_cost_modifier,,none,EU5-specific Orthodox action,Invite Patriarch Delegation Cost,country,multiplicative,"percent, bad",,,
invite_religious_figure_different_school_cost_modifier,,none,EU5-specific religious school action,Invite Religious Figure from New School Cost,country,multiplicative,"percent, bad",,,
invite_religious_figure_same_school_cost_modifier,,none,EU5-specific religious school action,Invite Religious Figure from Same School Cost,country,multiplicative,"percent, bad",,,
irrigant_cap_level,,none,EU5-specific irrigation building,Irrigation Max Level,country,,good,,,
is_battles_preordained,,none,EU5-specific mechanic,Everything is Preordained,country,boolean,good,,,
is_excluded_from_electorship,,none,EU5-specific HRE elector exclusion,Excluded from Electorship,country,boolean,bad,,,
is_hre_elector,,none,EU5-specific HRE elector flag,Is Elector,country,boolean,good,,,
is_pope,,none,EU5-specific pope flag,Is the Pope,country,boolean,good,,,
is_senior_partner,,none,EU5-specific PU/union flag,Is Senior Partner,country,boolean,good,,,
isolate_cities_black_death_cost_modifier,,none,EU5-specific plague action,Isolating the Cities Cost,country,multiplicative,"percent, bad",,,
iw_send_aid_price_cost_modifier,,none,EU5-specific Italian Wars action,Send Aid Cost,country,multiplicative,"percent, bad",,,
join_autocephalous_patriarchate_cost_modifier,,none,EU5-specific Orthodox action,Join Autocephalous Patriarchate Cost,country,multiplicative,"percent, bad",,,
join_branch_cost_modifier,,none,EU5-specific religious branch action,Join Branch Cost,country,multiplicative,"percent, bad",,,
join_italian_wars_price_cost_modifier,,none,EU5-specific Italian Wars action,Join a League Cost,country,multiplicative,"percent, bad",,,
join_sect_cost_modifier,,none,EU5-specific religious sect action,Join Sect Cost,country,multiplicative,bad,,,
jurchen_confederation_law_price_cost_modifier,,none,EU5-specific Jurchen action,Jurchen Confederation Law Cost,country,multiplicative,"percent, bad",,,
keep_kami_and_buddha_balanced_from_religious_sects_cost_modifier,,none,EU5-specific Shinto/Buddhist action,Cost of Balance Kami and Buddha Action,country,multiplicative,"percent, bad",,,
kephalai_bureaucracy_impact_modifier,,none,EU5-specific Byzantine bureaucracy,Kephalai Impact,country,multiplicative,"percent, good",,,
lack_of_control_impact_on_warscore,,none,EU5-specific control-warscore mechanic,Control Impact on Warscore,country,,"percent, good",,,
lakes_proximity_impact,,none,EU5-specific proximity system,Lakes Proximity Impact,country,,"percent, bad",,,
land_cost_going_downstream,,none,EU5-specific proximity/river system,Proximity Cost of going downstream along a River,country,,bad,,,
land_cost_going_upstream,,none,EU5-specific proximity/river system,Proximity Cost of going upstream along a River,country,,bad,,,
land_cost_on_distance_from_capital,,none,EU5-specific proximity/distance system,Land Proximity Cost without infrastructure,country,,bad,,,
land_cost_on_distance_from_capital_speed_propagation,,none,EU5-specific proximity system,Proximity Speed through Land,country,,"percent, good",,,
land_cost_on_frozen_water,,none,EU5-specific proximity system,Proximity Cost on Frozen Water,country,,bad,,,
land_morale,land_morale_constant,high,Both add to base land morale,Army Morale,unit,,good,Military,Adds to the land morale of land units.,Additive
land_morale_attrition_cost,,none,EU5-specific morale attrition,Army Morale Attrition Cost,unit,,"percent, bad",,,
land_morale_modifier,land_morale,high,Direct equivalent - land morale modifier,Army Morale,unit,multiplicative,"percent, good",Military,Modifies the land morale of land units.,Multiplicative
land_morale_movement_cost,,none,EU5-specific morale movement cost,Army Morale Movement Cost,unit,,"percent, bad",,,
land_morale_recovery,recover_army_morale_speed,high,Direct equivalent - army morale recovery speed,Army Morale Recovery Speed,unit,,"percent, good",Military,Modifies the army morale recovery speed.,Multiplicative
land_unit_attrition,land_attrition,high,Direct equivalent - land unit attrition,Army Attrition,unit,,"percent, bad",Military,Modifies the attrition taken by land units.,Multiplicative
landfriede_cooldown,,none,EU5-specific HRE Landfriede mechanic,Landfriede Time Delay,country,,bad,,,
landfriede_flat_cost,,none,EU5-specific HRE Landfriede mechanic,Landfriede Cost,country,,bad,,,
language_change_threshold_modifier,,none,EU5-specific language system,Language Change Threshold Modifier,country,multiplicative,good,,,
lat_access_to_latin_reintegration_cabinet,,none,EU5-specific cabinet action,Reintegrate Province Cabinet Action,country,boolean,good,,,
lat_access_to_reconquest_cb,,none,EU5-specific Latin reconquest CB,Can Create Latin Reconquest Casus Belli,country,boolean,good,,,
learn_from_foreigners_cost_modifier,,none,EU5-specific action,Learn from Foreigners,country,multiplicative,"percent, good",,,
leave_sect_cost_modifier,,none,EU5-specific religious sect action,Leave Sect Cost,country,multiplicative,bad,,,
legislative_efficiency,,none,EU5-specific parliament/legislative mechanic,Legislative Efficiency,country,,"percent, good",,,
levy_combat_efficiency_modifier,,none,EU5-specific levy system,Levy Combat Efficiency,unit,multiplicative,"percent, good",,,
levy_maintenance_modifier,,none,EU5-specific levy system,Levy Maintenance,country,multiplicative,"percent, bad",,,
levy_recovery_modifier,,none,EU5-specific levy system,Levy Recovery,unit,multiplicative,"percent, good",,,
lia_actions_price_cost_modifier,,none,EU5-specific Little Ice Age situation,Little Ice Age Situation Actions Cost,country,multiplicative,"percent, bad",,,
limit_movement_of_kirishitan_cost_modifier,,none,EU5-specific Kirishitan action,Cost of Limit Kirishitan Movement Action,country,multiplicative,"percent, bad",,,
loan_icon_price_cost_modifier,,none,EU5-specific religious icon action,Loan Icon Price Cost Modifier,country,multiplicative,"percent, bad",,,
lordship_of_ireland_casus_belli_cost_modifier,,none,EU5-specific Irish CB action,Acquire Casus Belli Cost,country,multiplicative,"percent, bad",,,
lordship_of_ireland_form_kingdom_cost_modifier,,none,EU5-specific Irish kingdom action,Claim the Kingdom Cost,country,multiplicative,"percent, bad",,,
lordship_of_ireland_invite_planters_cost_modifier,,none,EU5-specific Irish planter action,Request Planters Cost,country,multiplicative,"percent, bad",,,
losses_to_disease_cost_modifier,,none,EU5-specific disease/plague cost,Cost of Losses to Disease,country,multiplicative,"percent, bad",,,
loyalty_to_overlord,liberty_desire,high,Inverse concept - EU5 loyalty is opposite of EU4 liberty desire,Loyalty to Overlord,country,,good,Subject,Adds to subject liberty desire against their overlord.,Additive
magister_militum_bureaucracy_impact_modifier,,none,EU5-specific Byzantine bureaucracy,Strategarchia Impact,country,multiplicative,"percent, good",,,
maintain_bureaucracy_price_cost_modifier,,none,EU5-specific bureaucracy maintenance,Maintain Bureaucracy Price Modifier,country,multiplicative,"percent, bad",,,
make_tribals_peasants,,none,EU5-specific pop tribal promotion,Promote Tribesmen,country,boolean,good,,,
male_spouses,,none,EU5-specific polygamy mechanic,Maximum Amount of Male Spouses,country,,good,,,
manpower_importance_modifier,,none,EU5-specific AI importance modifier,Manpower Importance Modifier,country,multiplicative,good,,,
market_building_levels,,none,EU5-specific trade building system,Trade Building Levels,country,,"percent, good",,,
max_diplomats,diplomats,high,Both add to diplomat count,Maximum Diplomats,country,,good,Diplomacy,Adds to a country's diplomat count.,Additive
max_manpower,global_manpower,high,Both add to max manpower pool,Max Manpower,country,,good,Military,Adds to the country's total manpower pool. 1 equals 1000 men.,Additive
max_sailors,global_sailors,high,Both add to max sailors pool,Max Sailors,country,,good,Navy,Adds to a country's maximum sailor pool.,Additive
max_war_exhaustion,,none,EU5-specific war exhaustion cap (EU4 has war_exhaustion but different),Maximum War Exhaustion,country,,good,,,
maximum_religious_influence,,none,EU5-specific religious influence,Maximum Religious Influence,country,,good,,,
may_convert_vassals_to_celestial_governors,,none,EU5-specific Chinese celestial governor,May Convert to Celestial Governors,country,boolean,good,,,
may_explore,may_explore,high,Direct equivalent - exploration mission permission,Allows Exploration Missions,country,boolean,good,Colonisation,Allows the recruitment of explorers and conquisadors.,Constant
may_hire_eunuch_advisors,,none,EU5-specific eunuch advisor,May Hire Eunuch Courtiers,country,boolean,good,,,
may_not_take_land_in_peace_treaties,,none,EU5-specific peace treaty restriction,Disallows Taking Land in Peace Treaties,country,boolean,bad,,,
mayan_ceremonial_festivals_cost_modifier,,none,EU5-specific Mayan religious action,Cost of Host a Ceremony Religious Action,country,multiplicative,"percent, bad",,,
megalopolis_upgrade_cost_modifier,,none,EU5-specific megalopolis building,Founding Megalopolis Cost,country,multiplicative,"percent, bad",,,
mend_schism_price_cost_modifier,,none,EU5-specific religious schism action,Mend the Schism Price Cost Modifier,country,multiplicative,"percent, bad",,,
mercenary_maintenance_efficiency,merc_maintenance_modifier,high,Direct equivalent - mercenary maintenance cost,Mercenary Maintenance Efficiency,country,,"percent, good",Mercenary,Modifies the maintenance cost of all mercenary units.,Multiplicative
mercenary_range,,none,EU5-specific mercenary range,Mercenary Range,country,,good,,,
mercenary_range_modifier,,none,EU5-specific mercenary range,Mercenary Range Modifier,country,multiplicative,"percent, good",,,
mercenary_units_preference_modifier,,none,EU5-specific AI mercenary preference,Mercenary Units Preference Modifier,country,multiplicative,good,,,
merchant_guild_chapel_price_cost_modifier,,none,EU5-specific merchant guild action,Merchant Guild Chapel Price Cost Modifier,country,multiplicative,"percent, bad",,,
merchant_maintenance_efficiency,,none,EU5-specific merchant maintenance,Merchant Maintenance Efficiency,country,,"percent, good",,,
merchant_power_from_maritime,,none,EU5-specific maritime trade advantage,Maritime Trade Advantage,country,,good,,,
merchant_power_from_maritime_modifier,,none,EU5-specific maritime trade advantage,Trade Maritime Advantage,country,multiplicative,"percent, good",,,
mercury_patio_max_level,,none,EU5-specific building max level,Mercury Patio Max Level,country,additive,good,,,
mesa_wasteland_proximity_impact,,none,EU5-specific proximity system,Mesa Wasteland Proximity Impact,country,,"percent, bad",,,
miaphysite_monastery_building_cost_modifier,,none,EU5-specific Miaphysite building,Miaphysite Monastery Building Cost,country,multiplicative,"percent, bad",,,
middle_kingdom_tribute_price_cost_modifier,,none,EU5-specific Chinese tribute action,Middle Kingdom Tribute Cost Modifier,country,multiplicative,"percent, bad",,,
migrate_pop_based_country_cost_modifier,,none,EU5-specific migration action,Migrate Cost,country,multiplicative,"percent, bad",,,
migrate_to_new_waters_cost_modifier,,none,EU5-specific naval migration action,Migrate to New Waters,country,multiplicative,"percent, good",,,
military_tactics,military_tactics,high,Direct equivalent - military tactics,Military Tactics,unit,,good,Military,"Modifies the amount of Military tactics your armies have. Military tactics reduces the amount of damage a country's troops take in combat. When set in ideas it shows up like a multiplicative % modifier, but it is treated like an additive one.",Additive
minting_income_factor,,none,EU5-specific minting mechanic,Income from Minting,country,,"percent, good",,,
minting_inflation_threshold,,none,EU5-specific minting mechanic,Minting Threshold,country,,"percent, good",,,
monthly_army_tradition,army_tradition,high,Both add to army tradition rate (EU5 monthly vs EU4 yearly),Monthly Army Tradition,country,,good,Military,Adds to the rate of army tradition gained each year.,Additive
monthly_burghers_estate_rebel_growth,,none,EU5-specific estate rebel mechanic,Monthly Burghers Rebel Growth,"country, estate",,"percent, bad",,,
monthly_celestial_authority,,none,EU5-specific Chinese celestial authority,Monthly Celestial Authority Change,all,,good,,,
monthly_clergy_estate_rebel_growth,,none,EU5-specific estate rebel mechanic,Monthly Clergy Rebel Growth,"country, estate",,"percent, bad",,,
monthly_complacency,,none,EU5-specific complacency disaster,Monthly Complacency,country,,bad,,,
monthly_cossacks_estate_rebel_growth,,none,EU5-specific estate rebel mechanic,Monthly Cossacks Rebel Growth,"country, estate",,"percent, bad",,,
monthly_crown_estate_rebel_growth,,none,EU5-specific estate rebel mechanic,Monthly Crown Rebel Growth,"country, estate",,"percent, bad",,,
monthly_devotion,devotion,high,Direct equivalent - devotion gain (EU5 monthly vs EU4 yearly),Monthly Devotion,country,,good,Government,Adds to the yearly rate of devotion.Does not appear or have an effect if a country's government does not use devotion.,Additive
monthly_dhimmi_estate_rebel_growth,,none,EU5-specific estate rebel mechanic,Monthly Dhimmi Rebel Growth,"country, estate",,"percent, bad",,,
monthly_diplomats,,none,EU5-specific monthly diplomat generation,Monthly Diplomats,country,,good,,,
monthly_doom,,none,EU5-specific doom mechanic,Monthly Doom,country,,bad,,,
monthly_experience_gain,,none,EU5-specific unit experience,Monthly Experience Gain,unit,,"percent, good",,,
monthly_gold_expense,,none,EU5-specific gold expense tracking,Monthly Gold,country,,bad,,,
monthly_gold_income,global_tax_income,medium,Related monthly gold income but EU4 is tax-specific,Monthly Gold,country,,good,Economy,Adds to the base tax income per year (i.e. 12 equals 1 extra per month).,Additive
monthly_harmony,yearly_harmony,high,Direct equivalent - harmony gain (EU5 monthly vs EU4 yearly),Monthly Harmony,country,,good,Religion,Adds to the rate of harmony gained per year.,Additive
monthly_honor,,none,EU5-specific honor mechanic,Monthly Honor,country,,good,,,
monthly_horde_unity,horde_unity,high,Direct equivalent - horde unity (EU5 monthly vs EU4 yearly),Monthly Horde Unity,country,,good,Government,Adds to the yearly rate of horde unity.Does not appear or have an effect if a country's government does not use horde unity.,Additive
monthly_imperial_authority,imperial_authority_value,high,Direct equivalent - imperial authority monthly rate,Monthly Imperial Authority,all,,good,Holy Roman Empire,Adds to the rate of imperial authority gained per month.,Additive
monthly_inflation,,none,EU5-specific inflation rate (EU4 uses monthly_gold_inflation_modifier),Monthly Inflation,country,,"percent, bad",,,
monthly_karma,monthly_karma,high,Direct equivalent - monthly karma,Monthly Karma,country,,neutral,Religion,Adds to the rate of karma gained per month.,Additive
monthly_karma_decay,yearly_karma_decay,high,Direct equivalent - karma decay (EU5 monthly vs EU4 yearly),Monthly Karma Decay,country,,neutral,Religion,Modifies the yearly decay rate of Karma towards 0.,Multiplicative
monthly_legitimacy,legitimacy,high,Direct equivalent - legitimacy gain (EU5 monthly vs EU4 yearly),Monthly Legitimacy,country,,good,Government,Adds to the yearly rate of legitimacy.Does not appear or have an effect if a country's government does not use legitimacy.,Additive
monthly_loan_capacity_investment,,none,EU5-specific loan capacity mechanic,Loan Capacity Investment,country,,good,,,
monthly_nahualt_reform_progress,,none,EU5-specific Nahua reform mechanic,Monthly Nahuatl Reform Progress,country,,good,,,
monthly_monthly_navy_tradition,navy_tradition,high,Both add to navy tradition rate (typo in EU5 modifier name),Monthly Navy Tradition,country,,good,Navy,Adds to the yearly navy tradition rate.,Additive
monthly_nobles_estate_rebel_growth,,none,EU5-specific estate rebel mechanic,Monthly Nobility Rebel Growth,"country, estate",,"percent, bad",,,
monthly_papal_authority,papal_influence,high,Related papal authority/influence gain,Monthly Papal Authority,all,,good,Religion,Adds to the rate of papal influence gained per year.,Additive
monthly_peasants_estate_rebel_growth,,none,EU5-specific estate rebel mechanic,Monthly Commoners Rebel Growth,"country, estate",,"percent, bad",,,
monthly_prestige,prestige,high,Direct equivalent - prestige gain (EU5 monthly vs EU4 yearly),Monthly Prestige,country,,good,Court,Adds to the base yearly rate of prestige.,Additive
monthly_pretender_rebel_growth,,none,EU5-specific pretender rebel mechanic,Monthly Pretender Rebel Growth,country,,"percent, bad",,,
monthly_purity,,none,EU5-specific purity mechanic,Monthly Purity,country,,neutral,,,
monthly_rebel_growth,,none,EU5-specific rebel growth,Monthly Rebel Growth,country,,"percent, bad",,,
monthly_reform_desire,,none,EU5-specific reform desire,Monthly Reform Desire,religion,,"percent, bad",,,
monthly_religious_influence,,none,EU5-specific religious influence,Monthly Religious Influence,country,,good,,,
monthly_religious_rebel_growth,,none,EU5-specific religious rebel growth,Monthly Religious Rebel Growth,country,,"percent, bad",,,
monthly_republican_tradition,republican_tradition,high,Direct equivalent - republican tradition (EU5 monthly vs EU4 yearly),Monthly Republican Tradition,country,,good,Government,Adds to the yearly rate of republican tradition.Does not appear or have an effect if a country's government does not use republican tradition.,Additive
monthly_righteousness,,none,EU5-specific righteousness mechanic,Monthly Righteousness,country,,good,,,
monthly_rite_power,,none,EU5-specific religious rite power,Monthly Rite Power,country,,good,,,
monthly_self_control,,none,EU5-specific self control mechanic,Monthly Self Control,country,,good,,,
monthly_slave_rebel_growth,,none,EU5-specific slave rebel mechanic,Monthly Slave Rebel Growth,country,,"percent, bad",,,
monthly_tribal_cohesion,,none,EU5-specific tribal cohesion,Monthly Tribal Cohesion,country,,good,,,
monthly_tribes_estate_rebel_growth,,none,EU5-specific estate rebel mechanic,Monthly Tribes Rebel Growth,"country, estate",,"percent, bad",,,
monthly_war_exhaustion,war_exhaustion,high,Direct equivalent - monthly war exhaustion rate,Monthly War Exhaustion,country,,bad,Military,Adds to the monthly war exhaustion rate.,Additive
monthly_yanantin,,none,EU5-specific Inca yanantin mechanic,Monthly Yanantin,country,,bad,,,
morale_recovery_in_friendly,recover_army_morale_speed,medium,Related morale recovery but EU5 is territory-specific,Morale Recovery in Friendly Territory,unit,,"percent, good",Military,Modifies the army morale recovery speed.,Multiplicative
mountain_wasteland_proximity_impact,,none,EU5-specific proximity system,Mountain Wasteland Proximity Impact,country,,"percent, bad",,,
mountains_proximity_impact,,none,EU5-specific proximity system,Mountains Proximity Impact,country,,"percent, bad",,,
move_good_to_new_location_cost_modifier,,none,EU5-specific trade goods relocation action,Move Good to New Location,country,multiplicative,"percent, good",,,
move_to_assist_on_adjacent_combat,,none,EU5-specific battle assist mechanic,Move to Assist on Adjacent Battle,unit,boolean,good,,,
movement_speed_if_no_road,,none,EU5-specific road/movement system,Movement Speed without Road,unit,,"percent, good",,,
movement_speed_when_attached_to_another_unit,,none,EU5-specific attached unit movement,Movement Time when Attached to Another Unit,unit,,"percent, bad",,,
n_panokseon_build_cost_modifier,,none,EU5-specific Korean ship type,Panokseon Build Cost,country,multiplicative,"percent, bad",,,
n_panokseon_maintenance_cost_modifier,,none,EU5-specific Korean ship type,Panokseon Maintenance Cost,country,multiplicative,"percent, bad",,,
n_panokseon_reinforce_cost_modifier,,none,EU5-specific Korean ship type,Panokseon Repair Cost,country,multiplicative,"percent, bad",,,
nahuatl_religious_actions_price_cost_modifier,,none,EU5-specific Nahua religious actions,Nahua Religious Actions Cost Modifier,country,multiplicative,"percent, bad",,,
nanbokuchou_change_sides_cost_modifier,,none,EU5-specific Japanese Nanboku-cho action,Change Side to Support Cost,country,multiplicative,"percent, bad",,,
narrows_proximity_impact,,none,EU5-specific proximity system,Narrows Proximity Impact,country,,"percent, bad",,,
national_church_power_cost_modifier,,none,EU5-specific church power action,Costs of Church Power Actions,country,multiplicative,"percent, bad",,,
naval_damage_done,,none,EU5-specific naval damage (EU4 uses fire/shock damage on ships via artillery_fire),Naval Damage Done,unit,,"percent, good",,,
naval_damage_taken,,none,EU5-specific naval damage,Naval Damage Taken,unit,,"percent, bad",,,
naval_morale,naval_morale_constant,high,Both add to base naval morale,Navy Morale,unit,,good,Navy,Adds to the naval morale of all ships.,Additive
naval_morale_attrition_cost,,none,EU5-specific naval morale attrition,Naval Morale Attrition Cost,unit,,"percent, bad",,,
naval_morale_modifier,naval_morale,high,Direct equivalent - naval morale modifier,Navy Morale,unit,multiplicative,"percent, good",Navy,Modifies the naval morale of all ships.,Multiplicative
naval_morale_movement_cost,,none,EU5-specific naval morale movement,Naval Morale Movement Cost,unit,,"percent, bad",,,
naval_morale_recovery,recover_navy_morale_speed,high,Direct equivalent - navy morale recovery speed,Navy Morale Recovery Speed,unit,,"percent, good",Navy,Modifies the morale recovery rate of ships.,Multiplicative
naval_range,,none,EU5-specific naval range concept,Naval Range,country,,good,,,
naval_range_modifier,,none,EU5-specific naval range concept,Naval Range,country,multiplicative,"percent, good",,,
naval_unit_attrition,naval_attrition,high,Direct equivalent - navy attrition,Navy Attrition,unit,,"percent, bad",Navy,Modifies the naval attrition taken by ships.,Multiplicative
navy_galley_build_cost_modifier,galley_cost,high,Direct equivalent - galley build cost,Galley Build Cost,"country, navy",multiplicative,"percent, bad",Navy,Modifies the base cost of galley ships.,Multiplicative
navy_galley_maintenance_cost_modifier,naval_maintenance_modifier,medium,EU4 covers all naval maintenance not just galleys,Galley Maintenance Cost,"country, navy",multiplicative,"percent, bad",Navy,Modifies the naval maintenance for all ships.,Multiplicative
navy_galley_power,galley_power,high,Direct equivalent - galley power from pips,Galley Power,"unit, navy",,"percent, good",Navy,Modifies the power galley ships gain from unit pips.,Multiplicative
navy_galley_reinforce_cost_modifier,,none,EU5-specific galley repair cost (EU4 has global_ship_repair),Galley Repair Cost,"country, navy",multiplicative,"percent, bad",,,
navy_heavy_ship_build_cost_modifier,heavy_ship_cost,high,Direct equivalent - heavy ship build cost,Heavy Ship Build Cost,"country, navy",multiplicative,"percent, bad",Navy,Modifies the base cost of heavy ships.,Multiplicative
navy_heavy_ship_maintenance_cost_modifier,naval_maintenance_modifier,medium,EU4 covers all naval maintenance not just heavy ships,Heavy Ship Maintenance Cost,"country, navy",multiplicative,"percent, bad",Navy,Modifies the naval maintenance for all ships.,Multiplicative
navy_heavy_ship_power,heavy_ship_power,high,Direct equivalent - heavy ship power from pips,Heavy Ship Power,"unit, navy",,"percent, good",Navy,Modifies the power heavy ships gain from unit pips.,Multiplicative
navy_heavy_ship_reinforce_cost_modifier,,none,EU5-specific heavy ship repair cost,Heavy Ship Repair Cost,"country, navy",multiplicative,"percent, bad",,,
navy_initiative,,none,EU5-specific naval initiative,Navy Initiative,"unit, navy",,"percent, good",,,
navy_light_ship_build_cost_modifier,light_ship_cost,high,Direct equivalent - light ship build cost,Light Ship Build Cost,"country, navy",multiplicative,"percent, bad",Navy,Modifies the base cost of light ships.,Multiplicative
navy_light_ship_maintenance_cost_modifier,naval_maintenance_modifier,medium,EU4 covers all naval maintenance not just light ships,Light Ship Maintenance Cost,"country, navy",multiplicative,"percent, bad",Navy,Modifies the naval maintenance for all ships.,Multiplicative
navy_light_ship_power,light_ship_power,high,Direct equivalent - light ship power from pips,Light Ship Power,"unit, navy",,"percent, good",Navy,Modifies the power light ships gain from unit pips.,Multiplicative
navy_light_ship_reinforce_cost_modifier,,none,EU5-specific light ship repair cost,Light Ship Repair Cost,"country, navy",multiplicative,"percent, bad",,,
navy_maintenance_efficiency,naval_maintenance_modifier,high,Direct equivalent - naval maintenance efficiency,Navy Maintenance Efficiency,"unit, navy",,"percent, good",Navy,Modifies the naval maintenance for all ships.,Multiplicative
navy_movement_speed,,none,EU5-specific navy movement (EU4 has movement_speed_in_fleet_modifier),Navy Movement Speed,"unit, navy",,"percent, good",,,
navy_movement_speed,movement_speed_in_fleet_modifier,medium,Related fleet movement speed,Navy Movement Speed,"unit, navy",,"percent, good",Navy,Modifies the movement speed for ships.,Additive
navy_repair_cost,global_ship_repair,medium,Related to ship repair,Navy Repair Cost,"unit, navy",,"percent, bad",Navy,Modifies the base repair speed (in port) of all ships.,Multiplicative
navy_tradition_decay,navy_tradition_decay,high,Direct equivalent - navy tradition decay,Navy Tradition Decay,"country, navy",,"percent, bad",Navy,Adds to the decay rate of navy tradition.,Additive
navy_tradition_from_battle,naval_tradition_from_battle,high,Direct equivalent - navy tradition from battles,Navy Tradition from Battles,"country, navy",,"percent, good",Navy,Modifies the base navy tradition gained from battles.,Multiplicative
navy_transport_build_cost_modifier,transport_cost,high,Direct equivalent - transport ship build cost,Transport Build Cost,"country, navy",multiplicative,"percent, bad",Navy,Modifies the base cost of transport ships.,Multiplicative
navy_transport_maintenance_cost_modifier,naval_maintenance_modifier,medium,EU4 covers all naval maintenance not just transports,Transport Maintenance Cost,"country, navy",multiplicative,"percent, bad",Navy,Modifies the naval maintenance for all ships.,Multiplicative
navy_transport_power,transport_power,high,Direct equivalent - transport power from pips,Transport Power,"unit, navy",,"percent, good",Navy,Modifies the power transport ships gain from unit pips.,Multiplicative
navy_transport_reinforce_cost_modifier,,none,EU5-specific transport repair cost,Transport Repair Cost,"country, navy",multiplicative,"percent, bad",,,
navy_weight_modifier,,none,EU5-specific navy weight/supply mechanic,Navy Weight,"unit, navy",multiplicative,"percent, bad",,,
no_beards,,none,EU5-specific character/culture rule,No Beards,country,boolean,good,,,
no_contact_with_outsiders_cost_modifier,,none,EU5-specific isolation action,No Contact with Outsiders Cost,country,multiplicative,"percent, bad",,,
no_lowborn_leaders,,none,EU5-specific commander class restriction,Block Lowborn Commanders,country,boolean,bad,,,
nobles_estate_agenda_impact,,none,EU5-specific estate agenda,Agenda Impact for Nobility,"country, estate",,"percent, good",,,
nobles_estate_levy_size,,none,EU5-specific estate levy,Nobles Levy Size,"country, estate",,"percent, good",,,
nobles_estate_max_tax,,none,EU5-specific estate tax range,Maximum Tax for Noble Estate,"country, estate",,"percent, good",,,
nobles_estate_min_tax,,none,EU5-specific estate tax range,Minimum Tax for Noble Estate,"country, estate",,"percent, good",,,
nobles_estate_satisfaction_decay,,none,EU5-specific estate satisfaction,Noble Estate Satisfaction Decay,"country, estate",,"percent, neutral",,,
nobles_estate_satisfaction_recovery,,none,EU5-specific estate satisfaction,Noble Estate Satisfaction Recovery,"country, estate",,"percent, neutral",,,
nobles_estate_target_satisfaction,,none,EU5-specific estate satisfaction equilibrium,Noble Estate Satisfaction Equilibrium,"country, estate",,"percent, good",,,
nomos_empsychos_bureaucracy_impact_modifier,,none,EU5-specific Byzantine bureaucracy,Nómos Émpsychos Impact,country,multiplicative,"percent, good",,,
non_rural_migration_attraction,,none,EU5-specific urban migration attraction,Towns and Cities Migration Attraction,country,,good,,,
num_bailiffs,,none,EU5-specific bailiff mechanic,Number of Bailiffs,country,,good,,,
num_local_governors,,none,EU5-specific governor mechanic,Number of Local Governors,country,,good,,,
num_naval_governors,,none,EU5-specific naval governor mechanic,Number of Naval Governors,country,,good,,,
num_of_banner_cavalry,,none,EU5-specific banner cavalry,Number of Banner Cavalry,country,,good,,,
num_of_cataphracts_modifier,,none,EU5-specific Byzantine cataphract,Number of Cataphracts Modifier,country,multiplicative,"percent, good",,,
num_of_legionaries_modifier,,none,EU5-specific Roman legionary,Number of Legionaries Modifier,country,multiplicative,"percent, good",,,
num_of_varangian_units,,none,EU5-specific Byzantine Varangian,Number of Varangian Units,country,,good,,,
num_possible_artists,,none,EU5-specific artist limit,Possible Number of Artists,country,,good,,,
num_possible_rivals,,none,EU5-specific rivals limit (EU4 has 3 rivals hard-coded),Possible Rivals,country,,good,,,
number_of_allowed_avatars,,none,EU5-specific avatar mechanic,Avatars Allowed,country,,good,,,
number_of_allowed_religious_figures,,none,EU5-specific religious figure mechanic,Religious Figures Allowed,country,,good,,,
number_of_satellite_trade_buildings,,none,EU5-specific satellite trade buildings,Number of Satellite Trade Building,country,,good,,,
ocean_proximity_impact,,none,EU5-specific proximity system,Ocean Proximity Impact,country,,"percent, bad",,,
ocean_wasteland_proximity_impact,,none,EU5-specific proximity system,Ocean Wasteland Proximity Impact,country,,"percent, bad",,,
offer_diplomatic_protection_price_cost_modifier,,none,EU5-specific diplomatic protection action,Offer Diplomatic Protection Cost Modifier,country,multiplicative,"percent, bad",,,
omen_strength_modifier,,none,EU5-specific omen system,Omen Strength,country,multiplicative,"percent, good",,,
omen_time_modifier,,none,EU5-specific omen system,Omen Length,country,multiplicative,"percent, good",,,
omens_offered,,none,EU5-specific omen system,Omens Offered,country,,good,,,
organize_spiritual_retreat_cost_modifier,,none,EU5-specific religious action,Organize a Spiritual Retreat Cost,country,multiplicative,bad,,,
orthodox_monastery_building_cost_modifier,,none,EU5-specific Orthodox building action,Orthodox Monastery Building Cost,country,multiplicative,"percent, bad",,,
orthodox_synod_cost_modifier,,none,EU5-specific Orthodox synod action,Orthodox Synod Cost,country,multiplicative,"percent, bad",,,
overlord_blocked_from_building_buildings,,none,EU5-specific overlord restriction,Overlord Blocked from Building Buildings,country,boolean,neutral,,,
overlord_blocked_from_building_rgos,,none,EU5-specific overlord restriction,Overlord Blocked from Building RGO,country,boolean,neutral,,,
overlord_blocked_from_building_roads,,none,EU5-specific overlord restriction,Overlord Blocked from Building Roads,country,boolean,neutral,,,
overlord_blocked_from_building_ships,,none,EU5-specific overlord restriction,Overlord Blocked from Building Ships,country,boolean,neutral,,,
overlord_blocked_from_recruiting_regiments,,none,EU5-specific overlord restriction,Overlord Blocked from Recruiting Regiments,country,boolean,neutral,,,
own_coast_naval_combat_bonus,own_coast_naval_combat_bonus,high,Direct equivalent - naval combat bonus in own coastal waters,Combat Outside Own Coasts,unit,,"percent, good",Navy,Modifies the combat bonus navies gain when sailing in coastal tiles that border their home nation.,Multiplicative
papacy_blocked,,none,EU5-specific papacy block flag,Papacy Blocked,religion,boolean,bad,,,
papal_authority_modifier,,none,EU5-specific papal authority modifier,Papal Authority Modifier,all,multiplicative,"percent, good",,,
papal_relations,,none,EU5-specific papal relations (EU4 has papal_influence but different),Papal Relations,country,,good,,,
pardon_price_cost_modifier,,none,EU5-specific character pardon action,Pardon Cost Modifier,country,multiplicative,"percent, bad",,,
parliament_abolished,,none,EU5-specific parliament abolition flag,Parliament Abolished,country,boolean,good,,,
parliament_base_support,parliament_backing_chance,medium,Related parliament support/backing mechanic,Parliament Base Support,country,,"percent, good",Government,Modifies how many seats will back an issue in general.,Multiplicative
parliament_duration_modifier,parliament_effect_duration,medium,Related parliament duration but different phase,Parliament Duration,country,multiplicative,"percent, neutral",Government,Adds to the years for the effect duration of passed issue.,Additive
parliament_duration_modifier,parliament_debate_duration,medium,Related parliament debate duration,Parliament Duration,country,multiplicative,"percent, neutral",Government,Adds to the years of debate duration for an issue.,Additive
parliament_request_issue_support_needed,,none,EU5-specific parliament support threshold,Parliament Request Issue Support Needed,country,,"percent, bad",,,
payment_to_overlord_modifier,,none,EU5-specific overlord payment,Payment to Overlord,country,multiplicative,"percent, bad",,,
peace_offer_fairness,,none,EU5-specific peace AI mechanic,Peace Offer Fairness,country,,good,,,
peace_offer_negotiation_power,,none,EU5-specific peace AI mechanic,Peace Offer Negotiation Power,country,,good,,,
peasants_allowed_weapons,,none,EU5-specific peasant rights,Peasants Allowed Weapons,country,boolean,good,,,
peasants_estate_agenda_impact,,none,EU5-specific estate agenda,Agenda Impact for Commoners,"country, estate",,"percent, good",,,
peasants_estate_levy_size,,none,EU5-specific estate levy,Peasants Levy Size,"country, estate",,"percent, good",,,
peasants_estate_max_tax,,none,EU5-specific estate tax range,Maximum Tax for Peasants Estate,"country, estate",,"percent, good",,,
peasants_estate_min_tax,,none,EU5-specific estate tax range,Minimum Tax for Peasants Estate,"country, estate",,"percent, good",,,
peasants_estate_satisfaction_decay,,none,EU5-specific estate satisfaction,Peasant Estate Satisfaction Decay,"country, estate",,"percent, neutral",,,
peasants_estate_satisfaction_recovery,,none,EU5-specific estate satisfaction,Peasant Estate Satisfaction Recovery,"country, estate",,"percent, neutral",,,
peasants_estate_target_satisfaction,,none,EU5-specific estate satisfaction equilibrium,Peasant Estate Satisfaction Equilibrium,"country, estate",,"percent, good",,,
peasants_war_actions_price_cost_modifier,,none,EU5-specific Peasants' War situation,Peasants' War Main Actions Price Cost Modifier,country,multiplicative,"percent, bad",,,
perform_tantric_ritual_cost_modifier,,none,EU5-specific tantric ritual action,Perform a Tantric Ritual Cost,country,multiplicative,bad,,,
perform_yoga_cost_modifier,,none,EU5-specific yoga action,Perform Yoga Cost,country,multiplicative,"percent, bad",,,
periphora_cost_modifier,,none,EU5-specific Byzantine action,Periphora Cost,country,multiplicative,"percent, bad",,,
permanent_parliament_location,,none,EU5-specific parliament location flag,Permanent Parliament,country,boolean,good,,,
pilgrimage_action_cost_modifier,,none,EU5-specific pilgrimage religious action,Cost of Pilgrimage Religious Action,country,multiplicative,"percent, bad",,,
plan_italian_campaign_wars_price_cost_modifier,,none,EU5-specific Italian Wars action,Campaign in Italy Cost,country,multiplicative,"percent, bad",,,
plateau_proximity_impact,,none,EU5-specific proximity system,Plateau Proximity Impact,country,,"percent, bad",,,
plateau_wasteland_proximity_impact,,none,EU5-specific proximity system,Plateau Wasteland Proximity Impact,country,,"percent, bad",,,
policy_vote_cost_modifier,,none,EU5-specific policy vote action,Policy Proposal Cost,country,multiplicative,"percent, bad",,,
pop_countries_opinions,,none,EU5-specific pop opinion system,Society of Pops Opinions,country,,good,,,
pop_join_rebel_threshold,,none,EU5-specific pop rebel mechanic,Pop Join Rebels Threshold,country,,"percent, bad",,,
pop_leave_rebels_threshold,,none,EU5-specific pop rebel mechanic,Pop Leave Rebels Threshold,country,,"percent, bad",,,
port_cost_distance_from_capital,,none,EU5-specific port proximity system,Proximity Cost through Port,country,,bad,,,
possible_frontage_modifier,,none,EU5-specific battle frontage,Possible Frontage,unit,multiplicative,"percent, good",,,
power_projection,,none,EU5-specific power projection (EU4 has power_projection_from_insults),Power Projection,country,,good,,,
prestige_decay,prestige_decay,high,Direct equivalent - prestige decay,Prestige Decay,country,,"percent, bad",Court,Adds to the base rate of prestige decay.,Additive
prestige_from_land_battle,prestige_from_land,high,Direct equivalent - prestige from land battles,Prestige from Land Battles,country,,"percent, good",Military,Modifies the prestige bonus from combat.,Multiplicative
prestige_from_naval_battle,prestige_from_naval,high,Direct equivalent - prestige from naval battles,Prestige from Naval Battles,country,,"percent, good",Navy,Modifies the prestige gained through naval battles.,Multiplicative
prevented_from_changing_court_language_by_overlord,,none,EU5-specific overlord restriction,Prevented from Changing Court Language by Overlord,country,boolean,good,,,
privateer_durability,,none,EU5-specific privateer mechanic,Privateer Durability,country,,"percent, good",,,
privateer_maintenance_cost_modifier,,none,EU5-specific privateer maintenance,Privateer Maintenance,country,multiplicative,"percent, bad",,,
proclaim_decree_cost_modifier,,none,EU5-specific decree action,Proclaim Decree Cost,country,multiplicative,"percent, bad",,,
procure_remedies_cost_modifier,,none,EU5-specific plague/disease action,Procure Remedies Cost,country,multiplicative,"percent, bad",,,
promote_sect_cost_modifier,,none,EU5-specific religious sect action,Promote Sect Cost,country,multiplicative,bad,,,
propose_curia_action_cost_modifier,curia_powers_cost,high,Both modify curia action costs,Propose Curia Action Cost,country,multiplicative,"percent, bad",Religion,Modifies the papal influence cost of the curia actions.,Multiplicative
province_integration_speed,global_integration_speed_modifier,high,Related to integration/annexation speed of provinces,Speed of Integration,province,,good,,,
provoke_rebels_price_cost_modifier,,none,EU5-specific rebel provocation action,Provoke Rebels Main Actions Price Cost Modifier,country,multiplicative,"percent, bad",,,
rank_duchy_upgrade_cost_modifier,,none,EU5-specific rank upgrade cost,Upgrade to Duchy Cost,country,multiplicative,"percent, bad",,,
rank_empire_upgrade_cost_modifier,,none,EU5-specific rank upgrade cost,Upgrade to Empire Cost,country,multiplicative,"percent, bad",,,
rank_kingdom_upgrade_cost_modifier,,none,EU5-specific rank upgrade cost,Upgrade to Kingdom Cost,country,multiplicative,"percent, bad",,,
ransom_units_cost_modifier,,none,EU5-specific ransom action,Ransom Units Cost,country,multiplicative,"percent, bad",,,
raw_material_in_province_impact,,none,EU5-specific raw materials system,Local Access to Raw Materials,country,,"percent, good",,,
reach_compromise_with_huguenots_price_cost_modifier,,none,EU5-specific Huguenots situation action,Compromise with the Huguenots Cost,country,multiplicative,"percent, bad",,,
reasons_to_elect,reasons_to_elect,high,Direct equivalent - reasons for HRE electors to vote,Reasons to Elect,country,,good,Holy Roman Empire,Adds to the reasons a country should elect you as emperor,Additive
reasons_to_vote,,none,EU5-specific voting reasons (EU4 has legitimate_subject_elector but different),Reasons to Vote,country,,good,,,
rebel_monthly_progress,,none,EU5-specific rebel progress (EU4 uses global_unrest),Rebel Monthly Progress,rebel,,"percent, bad",,,
recruit_conquistador_cost_modifier,,none,EU5-specific conquistador recruitment cost,Conquistador Cost,country,multiplicative,"percent, bad",,,
recruit_explorer_cost_modifier,,none,EU5-specific explorer recruitment cost,Recruiting Explorers,country,multiplicative,"percent, bad",,,
reduce_rebels_from_ikko_ikki_cost_modifier,,none,EU5-specific Ikko-ikki action,Cost of Reduce Religious Rebel Progress Action,country,multiplicative,"percent, bad",,,
reestablish_hellenism_price_cost_modifier,,none,EU5-specific Hellenism action,Reestablish Hellenism Price Cost Modifier,country,multiplicative,"percent, bad",,,
regiment_recruit_speed,global_regiment_recruit_speed,high,Direct equivalent - regiment recruitment speed,Recruitment Speed,country,,"percent, good",Military,Modifies the base speed at which land units are recruited.,Multiplicative
regiment_reinforcement_speed,reinforce_speed,high,Direct equivalent - regiment reinforcement speed,Reinforcement Speed,unit,,"percent, good",Military,Modifies the rate at which units are reinforced with new men.,Multiplicative
reject_subjugation_reasons,,none,EU5-specific subjugation rejection (inverse of accept_subjugation_reasons),Reject Subjugation Reasons,country,,neutral,,,
religious_icon_power_modifier,,none,EU5-specific religious icon system,Religious Icon Power Modifier,country,multiplicative,"percent, good",,,
religious_offering_cost_modifier,,none,EU5-specific religious offering action,Cost of Religious Offering Religious Action,country,multiplicative,"percent, bad",,,
religious_turmoil_actions_price_cost_modifier,,none,EU5-specific religious turmoil situation,Religious Turmoil Main Actions Price Cost Modifier,country,multiplicative,"percent, bad",,,
religious_unity_importance_modifier,,none,EU5-specific AI importance modifier,Religious Unity Importance Modifier,country,multiplicative,good,,,
relocate_ecumenical_patriarchate_cost_modifier,,none,EU5-specific Orthodox patriarchate action,Relocate Ecumenical Patriarchate Cost,country,multiplicative,"percent, bad",,,
relocate_market_cost_modifier,,none,EU5-specific market relocation action,Relocate Market Cost,country,multiplicative,"percent, bad",,,
remove_accepted_culture_cost_modifier,,none,EU5-specific culture removal action,Remove Accepted Culture Cost,country,multiplicative,"percent, bad",,,
remove_bureaucracy_price_cost_modifier,,none,EU5-specific bureaucracy removal,Remove Bureaucracy Price Modifier,country,multiplicative,"percent, bad",,,
remove_government_reform_cost_modifier,,none,EU5-specific reform removal action,Remove Government Reform Cost,country,multiplicative,"percent, bad",,,
remove_location_from_international_organization_cost_modifier,,none,EU5-specific international organization action,Remove Location from International Organization Cost,country,multiplicative,"percent, bad",,,
remove_lutheran_preacher_cost_modifier,,none,EU5-specific Lutheran preacher action,Remove Lutheran Preacher Cost,country,multiplicative,"percent, bad",,,
remove_panaqa_early_cost_modifier,,none,EU5-specific Inca panaqa action,Remove Panaqa Early,country,multiplicative,"percent, bad",,,
remove_religious_aspect_christian_cost_modifier,,none,EU5-specific religious aspect action,Cost of Removing Religious Aspect,country,multiplicative,"percent, bad",,,
remove_religious_aspect_hellenism_cost_modifier,,none,EU5-specific religious aspect action,Cost of Removing Religious Aspect,country,multiplicative,"percent, bad",,,
remove_religious_aspect_inti_cost_modifier,,none,EU5-specific religious aspect action,Cost of Ceasing Worshipping a God,country,multiplicative,"percent, bad",,,
remove_tolerated_culture_cost_modifier,,none,EU5-specific tolerated culture action,Remove Tolerated Culture Cost,country,multiplicative,"percent, bad",,,
replace_cabinet_member_cost_modifier,,none,EU5-specific cabinet action,Replace Cabinet Member Cost,country,multiplicative,"percent, bad",,,
replace_rival_cost_modifier,rival_change_cost,high,Direct equivalent - cost to replace rival,Replace Rival Cost,country,multiplicative,"percent, bad",Diplomacy,Modifies the diplomatic power cost to change rivals.,Multiplicative
request_aid_price_cost_modifier,,none,EU5-specific aid request action,Request Aid Cost Modifier,country,multiplicative,"percent, bad",,,
reroll_avatar_cost_modifier,,none,EU5-specific avatar action,Change Avatar Cost,country,multiplicative,"percent, bad",,,
research_speed,,none,EU5-specific research speed (EU4 uses technology_cost),Monthly Research Progress,country,,good,,,
research_speed_modifier,technology_cost,medium,Related tech progress but different mechanic (cost vs speed),Monthly Research Progress %,country,multiplicative,"percent, good",Technology,Modifies the monarch power cost of all technologies.,Multiplicative
reshape_bureaucracy_cost_modifier,,none,EU5-specific bureaucracy reshape action,Reshape our Bureaucracy Cost,country,multiplicative,"percent, bad",,,
restore_rome_primacy_price_cost_modifier,,none,EU5-specific Roman primacy action,Restore Rome Primacy Price Cost Modifier,country,multiplicative,"percent, bad",,,
restrict_peranakan_trading_rights_price_cost_modifier,,none,EU5-specific Peranakan action,Restrict Peranakan Trading Rights Cost,country,multiplicative,"percent, bad",,,
retreat_delay,,none,EU5-specific retreat mechanic,Retreat Delay,country,,bad,,,
revoke_privilege_cost_modifier,,none,EU5-specific estate privilege action,Revoke Privilege Cost,country,multiplicative,"percent, bad",,,
revoke_privileges_importance_modifier,,none,EU5-specific AI importance modifier,Revoke Privileges Importance Modifier,country,multiplicative,good,,,
revoke_privileges_stability_tolerance,,none,EU5-specific stability tolerance,Revoke Privileges Stability Tolerance,country,,good,,,
revoke_shugo_office_cost_modifier,,none,EU5-specific shugo office action,Revoke Shugo Office Cost,country,multiplicative,"percent, bad",,,
revoke_town_rights_cost_modifier,,none,EU5-specific urban rights action,Cost of Revoking Urban Rights,country,multiplicative,"percent, bad",,,
revolution_actions_price_cost_modifier,,none,EU5-specific revolution situation,People's Uprising Main Actions Cost,country,multiplicative,"percent, bad",,,
rise_of_the_szlachta_actions_price_cost_modifier,,none,EU5-specific Szlachta situation,Rise of the Szlachta Main Actions Price Cost modifier,country,multiplicative,"percent, bad",,,
ritualistic_court_bureaucracy_impact_modifier,,none,EU5-specific Chinese bureaucracy,Ritualistic Court Impact,country,multiplicative,"percent, good",,,
road_cost_on_distance_from_capital,,none,EU5-specific road proximity system,Proximity Cost through Roads,country,,bad,,,
roman_festivals_cost_modifier,,none,EU5-specific Roman festival action,Organize a Roman Festival,country,multiplicative,"percent, bad",,,
romanitas_bureaucracy_impact_modifier,,none,EU5-specific Byzantine bureaucracy,Romanitas Impact,country,multiplicative,"percent, good",,,
rot_reform_into_monarchy_price_cost_modifier,,none,EU5-specific Rise of Turks action,Reform into a Monarchy Cost,country,multiplicative,"percent, bad",,,
rot_select_core_region_price_cost_modifier,,none,EU5-specific Rise of Turks action,Select Core Region Cost,country,multiplicative,"percent, bad",,,
rto_create_uc_bey_cost_modifier,,none,EU5-specific Ottoman Uc bey action,Create Uç Bey Cost Modifier,country,multiplicative,"percent, bad",,,
rto_press_claims_price_cost_modifier,,none,EU5-specific Rise of Turks Ottoman action,Press Claims Cost Modifier,country,multiplicative,"percent, bad",,,
rtr_appease_the_court_price_cost_modifier,,none,EU5-specific rebel/turmoil action,Appease the Court Cost,country,multiplicative,"percent, bad",,,
rtr_demand_annexation_price_cost_modifier,,none,EU5-specific rebel/turmoil action,Demand Annexation Cost,country,multiplicative,"percent, bad",,,
rtr_grant_titles_price_cost_modifier,,none,EU5-specific rebel/turmoil action,Grant Titles Cost,country,multiplicative,"percent, bad",,,
rtr_negotiate_with_rebels_price_cost_modifier,,none,EU5-specific rebel/turmoil action,Negotiate with Rebels Cost,country,multiplicative,"percent, bad",,,
rtr_rein_in_area_price_cost_modifier,,none,EU5-specific rebel/turmoil action,Rein in Area Cost,country,multiplicative,"percent, bad",,,
ruler_must_be_commander_during_war,,none,EU5-specific ruler restriction,Ruler must be Commander of the Biggest Military Force,country,boolean,bad,,,
ruler_name_in_court_language,,none,EU5-specific court language mechanic,Ruler Name Uses Court Language,country,boolean,good,,,
rural_disease_resistance,,none,EU5-specific rural disease resistance,Rural Disease Resistance,country,,"percent, good",,,
rural_migration_attraction,,none,EU5-specific rural migration,Rural Migration Attraction,country,,good,,,
rural_settlement_downgrade_cost_modifier,,none,EU5-specific settlement downgrade,Downgrading to Rural Settlement Cost,country,multiplicative,"percent, bad",,,
rural_settlement_upgrade_cost_modifier,,none,EU5-specific settlement upgrade (marked NOT USED),NOT USED,country,multiplicative,"percent, bad",,,
sacrifice_noble_blood_cost_modifier,,none,EU5-specific Nahua religious action,Cost of Sacrifice Noble Blood Religious Action,country,multiplicative,"percent, bad",,,
salt_pans_proximity_impact,,none,EU5-specific proximity system,Salt pans Proximity Impact,country,,"percent, bad",,,
scaled_lost_war_cost_modifier,,none,EU5-specific war loss impact,Impact of Losing a War,country,multiplicative,"percent, good",,,
sea_cost_on_distance_from_capital,,none,EU5-specific sea proximity system,Proximity Cost without Maritime Presence,country,,bad,,,
sea_cost_on_distance_from_capital_when_maritime,,none,EU5-specific sea proximity system,Proximity Cost with Maritime Presence,country,,bad,,,
seek_alliance_with_overlord_rival_cost_modifier,,none,EU5-specific subject diplomatic action,Seek Support of Overlord's Rival Cost Modifier,country,multiplicative,"percent, bad",,,
seek_relations_with_the_byzantines_price_cost_modifier,,none,EU5-specific Byzantine relations action,Seek Relations with the Byzantines Cost Modifier,country,multiplicative,"percent, bad",,,
segregate_the_infected_cost_modifier,,none,EU5-specific plague/disease action,Segregate the Infected Cost,country,multiplicative,"percent, bad",,,
select_expensive_child_education_cost_modifier,,none,EU5-specific education action,Selecting Expensive Education,country,multiplicative,"percent, bad",,,
select_omen_god_cost_modifier,,none,EU5-specific omen action,Select Omen God Cost,country,multiplicative,"percent, bad",,,
select_orthodox_education_cost_modifier,,none,EU5-specific Orthodox education action,Selecting Patriarch Education,country,multiplicative,"percent, bad",,,
sell_icon_cost_modifier,,none,EU5-specific Orthodox icon action,Cost of Sell Icon Action,country,multiplicative,"percent, bad",,,
selling_efficiency,,none,EU5-specific trade selling,Selling Efficiency,country,,"percent, good",,,
send_diplomat_cost_modifier,,none,EU5-specific diplomat sending (EU4 has envoy_travel_time but different),Send Diplomat,country,multiplicative,"percent, good",,,
send_gift_cost_modifier,,none,EU5-specific diplomatic gift action,Send Gift Cost,country,multiplicative,"percent, bad",,,
set_cabine_action_cost_modifier,,none,EU5-specific cabinet action (typo in EU5 modifier name),Set Cabinet Action Cost,country,multiplicative,"percent, bad",,,
set_cabinet_member_cost_modifier,,none,EU5-specific cabinet action,Set Cabinet Member Cost,country,multiplicative,"percent, bad",,,
set_policy_cost_modifier,,none,EU5-specific policy action,Set Policy Cost,country,multiplicative,"percent, bad",,,
settle_country_cost_modifier,settle_cost,medium,Related settle cost but EU4 is province tribal settle,Settle Cost,country,multiplicative,"percent, bad",Economy,Modifies the cost for settling tribal development into a province.,Multiplicative
shameless_privateering_modifier,,none,EU5-specific privateering flag,Shameless Privateering,country,boolean,neutral,,,
shared_border_impact,,none,EU5-specific opinion mechanic,Opinion Impact from Shared Borders,country,,"percent, bad",,,
ship_build_speed,global_ship_recruit_speed,high,Direct equivalent - ship building/recruit speed,Ship-building Speed,country,,"percent, good",Navy,Modifies the base recruitment speed of all ships.,Multiplicative
ship_capture_chance,capture_ship_chance,high,Direct equivalent - chance to capture ships in battle,Ship Capture Chance,country,,"percent, good",Navy,Adds to the chance for ship capture during naval battles.,Additive
ship_repair_at_sea,,none,EU5-specific at-sea repair mechanic (EU4 has sea_repair permission),Ship Repair Speed at Sea,unit,,"percent, good",,,
ship_repair_at_sea_to_max_strength,,none,EU5-specific at-sea repair mechanic,Maximum Ship Strength to Repair at Sea,unit,,"percent, good",,,
siege_ability,siege_ability,high,Direct equivalent - siege ability,Siege Ability,unit,,"percent, good",Military,Modifies the siege ability that affects siege phase length. Reverse concept of defensiveness.,Multiplicative
sixty_books_of_the_basilika_bureaucracy_impact_modifier,,none,EU5-specific Byzantine bureaucracy,Books of the Basiliká Impact,country,multiplicative,"percent, good",,,
skill_of_new_artists,,none,EU5-specific artist system,Skill of New Artists,country,,"percent, good",,,
slave_market_max_level,,none,EU5-specific slave market building,Slave Market Max Level,country,additive,good,,,
slave_raid_efficiency,,none,EU5-specific slave raid effectiveness,Slave Raid Efficiency,country,,"percent, good",,,
slavery_blocked,,none,EU5-specific slavery block,Slavery Blocked,country,boolean,good,,,
small_estate_building_cost_modifier,,none,EU5-specific estate building cost,Small Estate Building Cost,"country, estate",multiplicative,"percent, bad",,,
societal_value_importance_modifier,,none,EU5-specific AI importance modifier,Societal Value Importance Modifier,country,multiplicative,good,,,
sow_discontent_monthly_cost_cost_modifier,,none,EU5-specific espionage action,Sow Discontent Monthly Cost Modifier,country,multiplicative,"percent, bad",,,
sponsor_sin_forgiveness_cost_modifier,,none,EU5-specific religious action,Sponsor Mass Forgiveness Cost,country,multiplicative,"percent, bad",,,
sponsor_troop_feast_cost_modifier,,none,EU5-specific troop feast action,Sponsor a Feast for the Troops,country,multiplicative,"percent, bad",,,
spy_network_construction,spy_offence,high,Both modify spy network construction/effectiveness,Spy Network Construction,country,,"percent, good",Espionage,Modifies the base effectiveness of spies against enemies.,Multiplicative
stability_cost,stability_cost_modifier,high,Direct equivalent - stability investment/cost,Stability Investment Cost,country,,"percent, bad",Stability,Modifies the administrative power cost of raising stability.,Multiplicative
stability_decay,,none,EU5-specific stability decay,Stability Decay,country,,"percent, bad",,,
stability_importance_modifier,,none,EU5-specific AI importance modifier,Stability Importance Modifier,country,multiplicative,good,,,
stability_investment,,none,EU5-specific stability investment resource,Stability Investment,country,,good,,,
start_exploration_land_cost_modifier,,none,EU5-specific land exploration action,Land Exploration Mission Cost,country,multiplicative,"percent, bad",,,
start_exploration_sea_cost_modifier,,none,EU5-specific sea exploration action,Sea Exploration Mission Cost,country,multiplicative,"percent, bad",,,
stop_blame_the_minorities_cost_modifier,,none,EU5-specific plague/disaster action,Stop Finding the Culprits Cost,country,multiplicative,"percent, bad",,,
stop_disfavoring_sect_cost_modifier,,none,EU5-specific religious sect action,Stop Disfavoring Sect Cost,country,multiplicative,bad,,,
stop_procure_remedies_cost_modifier,,none,EU5-specific plague action,Stop to Procure Remedies Cost,country,multiplicative,"percent, bad",,,
stop_promoting_sect_cost_modifier,,none,EU5-specific religious sect action,Stop Promoting Sect Cost,country,multiplicative,bad,,,
stop_sponsor_sin_forgiveness_cost_modifier,,none,EU5-specific religious action,Stop Sponsor Mass Forgiveness Cost,country,multiplicative,"percent, bad",,,
strengthen_ministry_cost_modifier,,none,EU5-specific ministry action,Strengthen Ministry Cost,country,multiplicative,"percent, bad",,,
strict_quarantines_cost_modifier,,none,EU5-specific plague/quarantine action,Expel the Sick Cost,country,multiplicative,"percent, bad",,,
subject_income_modifier,vassal_income,high,Direct equivalent - income from subjects/vassals,Subject Income,country,multiplicative,"percent, good",Subject,Modifies the bonus to a country's income from their subjects.,Multiplicative
subject_loyalty,,none,EU5-specific subject loyalty (EU4 uses liberty desire inverse),Loyalty of Subjects,country,,good,,,
subject_not_obligated_to_join_war,,none,EU5-specific subject war exemption,Can avoid to Join Overlord's Wars,country,boolean,bad,,,
subject_opinions,,none,EU5-specific subject opinion,Subject Opinions,country,,good,,,
subject_pays_colonial_cost_modifier,global_tariffs,medium,Related colonial income but EU4 is tariff-specific,Income from Colonial Subjects,country,multiplicative,"percent, good",Colonisation,Modifies the tariff income from colonial nations.,Multiplicative
subject_pays_maha_samanta_cost_modifier,,none,EU5-specific Indian Maha-samanta subject type,Income from Mahā-Sāmanta Subjects,country,multiplicative,"percent, good",,,
subject_pays_march_cost_modifier,,none,EU5-specific march subject income,Income from March Subjects,country,multiplicative,"percent, good",,,
subject_pays_pradhana_maha_samanta_cost_modifier,,none,EU5-specific Indian subject type,Income from Pradhāna-Mahā-Sāmanta Subjects,country,multiplicative,"percent, good",,,
subject_pays_pronoia_cost_modifier,,none,EU5-specific Byzantine Pronoia subject type,Income from Prónoia Subjects,country,multiplicative,"percent, good",,,
subject_pays_samanta_cost_modifier,,none,EU5-specific Indian Samanta subject type,Income from Sāmanta Subjects,country,multiplicative,"percent, good",,,
subject_pays_trade_company_cost_modifier,,none,EU5-specific trade company subject income,Trade Company Pays Owner,country,multiplicative,"percent, good",,,
subject_pays_tributary_cost_modifier,,none,EU5-specific tributary subject income,Income from Tributary Subjects,country,multiplicative,"percent, good",,,
subject_pays_vassal_cost_modifier,vassal_income,high,Direct equivalent - vassal income to overlord,Income from Vassal Subjects,country,multiplicative,"percent, good",Subject,Modifies the bonus to a country's income from their subjects.,Multiplicative
subjugation_preference_modifier,,none,EU5-specific AI subjugation preference,Subjugation Preference,country,multiplicative,good,,,
succession_crisis_price_cost_modifier,,none,EU5-specific succession crisis action,Succession Crisis Actions Price Cost Modifier,country,multiplicative,"percent, bad",,,
supply_depot_capacity,,none,EU5-specific supply depot mechanic,Supply Depot Capacity,country,,good,,,
take_on_debt_cost_modifier,,none,EU5-specific debt action,Take On Debt Cost Modifier,country,multiplicative,"percent, bad",,,
target_of_military_sponsorships,,none,EU5-specific military sponsorship flag,May be Target of Military Sponsorships,country,boolean,good,,,
tatar_yoke_contribution_price_cost_modifier,,none,EU5-specific Tatar Yoke situation,Weather the Western Schism,country,multiplicative,"percent, bad",,,
tatar_yoke_leader_payments_price_cost_modifier,,none,EU5-specific Tatar Yoke situation,Yoke Payments,country,multiplicative,"percent, bad",,,
tax_income_efficiency,global_tax_modifier,high,Direct equivalent - tax income modifier,Tax Efficiency,country,,"percent, good",Economy,Modifies the base tax income by a percentage.,Multiplicative
themata_bureaucracy_impact_modifier,,none,EU5-specific Byzantine bureaucracy,Thémata Impact,country,multiplicative,"percent, good",,,
third_rome_cost_modifier,third_rome_cost_modifier,high,Direct name match - third rome action cost,Third Rome Cost,country,multiplicative,"percent, bad",,,
tithe_cost_modifier,,none,EU5-specific tithe action,Tithe Cost Modifier,country,multiplicative,"percent, bad",,,
tithe_price_cost_modifier,,none,EU5-specific tithe action (duplicate concept),Tithe Cost Modifier,country,multiplicative,"percent, bad",,,
tolerance_heathen,tolerance_heathen,high,Direct equivalent - tolerance of heathens,Tolerance of Heathen Beliefs,country,,good,Religion,Adds to the base tolerance for heathens within a country.,Additive
tolerance_heretic,tolerance_heretic,high,Direct equivalent - tolerance of heretics,Tolerance of Heretical Beliefs,country,,good,Religion,Adds to the base tolerance for heretics within a country.,Additive
tolerance_own,tolerance_own,high,Direct equivalent - tolerance of true faith,Tolerance of the True Faith,country,,good,Religion,Adds to the base tolerance for the true faith within a country.,Additive
total_loan_capacity_modifier,,none,EU5-specific loan capacity mechanic,Total Loan Capacity,country,multiplicative,"percent, good",,,
town_upgrade_cost_modifier,,none,EU5-specific town founding action,Founding Town Cost,country,multiplicative,"percent, bad",,,
trade_company_headquarters_level,,none,EU5-specific trade company HQ mechanic,Max Level of Trade Company Headquarters,country,,good,,,
trade_importance_modifier,,none,EU5-specific AI importance modifier,Trade Importance Modifier,country,multiplicative,good,,,
trade_income,trade_efficiency,high,Direct equivalent - trade income modifier,Trade Income,country,,"percent, good",Trade,Modifies a country's trade income. (Maximum is 200%),Multiplicative
trade_isolation,,none,EU5-specific trade isolation flag,Foreigners Banned from Imports and Exports,country,boolean,good,,,
trade_land_efficiency,,none,EU5-specific trade land efficiency,Trade Land Efficiency,country,,"percent, good",,,
trade_range,trade_range_modifier,high,Both modify trade range,Trade Range,country,,good,Trade,Modifies the trade range used to determine if a country can place a merchant in a trade node.,Multiplicative
trade_range_modifier,trade_range_modifier,high,Direct name match - trade range modifier,Trade Range,country,multiplicative,"percent, good",Trade,Modifies the trade range used to determine if a country can place a merchant in a trade node.,Multiplicative
trade_sea_efficiency,,none,EU5-specific trade sea efficiency,Trade Sea Efficiency,country,,"percent, good",,,
train_admiral_ability,,none,EU5-specific admiral training,Increased Admiral Ability,country,,good,,,
train_admiral_cost_modifier,admiral_cost,high,Direct equivalent - cost to hire/train admiral,Train Admiral Cost,country,multiplicative,"percent, bad",Navy,Modifies the cost of hiring an admiral.,Multiplicative
train_general_ability,,none,EU5-specific general training,Increased General Ability,country,,good,,,
train_general_cost_modifier,general_cost,high,Direct equivalent - cost to hire/train general,Train General Cost,country,multiplicative,"percent, bad",Military,Modifies the base military power cost for recruiting Generals.,Multiplicative
transfer_subject_price_cost_modifier,,none,EU5-specific subject transfer action,Transfer Subject Cost Modifier,country,multiplicative,"percent, bad",,,
treasure_voyage_cargo_size_modifier,treasure_fleet_income,medium,Related colonial treasure but EU4 is income-side,Treasure Voyage Cargo Size Modifier,country,multiplicative,"percent, good",Colonisation,Modifies the income from treasure fleets sent by colonial nations.,Multiplicative
tribes_estate_agenda_impact,,none,EU5-specific estate agenda,Agenda Impact for Tribes,"country, estate",,"percent, good",,,
tribes_estate_levy_size,,none,EU5-specific estate levy,Tribes Levy Size,"country, estate",,"percent, good",,,
tribes_estate_max_tax,,none,EU5-specific estate tax range,Maximum Tax for Tribes,"country, estate",,"percent, good",,,
tribes_estate_min_tax,,none,EU5-specific estate tax range,Minimum Tax for Tribes,"country, estate",,"percent, good",,,
tribes_estate_satisfaction_decay,,none,EU5-specific estate satisfaction,Tribes Satisfaction Decay,"country, estate",,"percent, neutral",,,
tribes_estate_satisfaction_recovery,,none,EU5-specific estate satisfaction,Tribes Satisfaction Recovery,"country, estate",,"percent, neutral",,,
tribes_estate_target_satisfaction,,none,EU5-specific estate satisfaction equilibrium,Tribes Satisfaction Equilibrium,"country, estate",,"percent, good",,,
tribute_payment_received_modifier,,none,EU5-specific Chinese Middle Kingdom tribute,Middle Kingdom Tribute Received Modifier,country,multiplicative,"percent, good",,,
trust_decay,,none,EU5-specific trust mechanic,Trust Decay Modifier,country,,bad,,,
trust_recovery,,none,EU5-specific trust mechanic,Trust Recovery Modifier,country,,good,,,
uc_bey_pays_cost_modifier,,none,EU5-specific Ottoman Uc bey income,Income from Uç Beys,country,multiplicative,"percent, good",,,
unemployed_slave_promotion,,none,EU5-specific pop mechanic,Unemployed Slave Promotion,country,,"percent, good",,,
union_blocked_from_declaring_war,,none,EU5-specific union restriction,Blocked from Declaring War outside of Union,country,boolean,bad,,,
union_contribution_price_cost_modifier,,none,EU5-specific union contribution,Union Contribution Cost Modifier,country,multiplicative,"percent, bad",,,
university_construction_blocked,,none,EU5-specific university block,Cannot Construct Universities,country,boolean,bad,,,
unlock_prikazi_reform_cabinet_actions,,none,EU5-specific Russian Prikazi reform,Unlock Prikazi Cabinet Actions,country,boolean,good,,,
violate_treaty_of_tordesillas_cost_modifier,,none,EU5-specific Tordesillas action,Violate the Treaty,country,multiplicative,"percent, good",,,
war_breaking_truce_cost_modifier,,none,EU5-specific truce breaking cost,War Breaking Truce Cost,country,multiplicative,"percent, bad",,,
war_breaking_truce_with_guarantor_cost_modifier,,none,EU5-specific truce/guarantor cost,War breaking Truce with Guarantor Cost,country,multiplicative,"percent, bad",,,
war_declaration_stab_hit_tolerance,stability_cost_to_declare_war,medium,Related war declaration stability tolerance,War Declaration Stability Hit Tolerance,country,,good,Diplomacy,Modifies the stability cost to declare war. Default is 0 with a casus belli and no truce.,Additive
war_declaration_war_exhaustion_tolerance,,none,EU5-specific war exhaustion tolerance,War Declaration War-Exhaustion Tolerance,country,,good,,,
war_good_relations_cost_modifier,,none,EU5-specific war cost based on relations,War when Good Relations Cost,country,multiplicative,"percent, bad",,,
war_great_relations_cost_modifier,,none,EU5-specific war cost based on relations,War when Great Relations Cost,country,multiplicative,"percent, bad",,,
war_no_cb_cost_modifier,unjustified_demands,medium,Related unjustified war cost (EU4 is peace deal specific),War with No Casus Belli Cost,country,multiplicative,"percent, bad",Diplomacy,Modifies the cost in diplomatic power of making unjustified demands in a peace deal.,Multiplicative
war_on_different_religion_cost_modifier,,none,EU5-specific war cost modifier,War on Different Religion Penalty,country,multiplicative,"percent, bad",,,
war_on_same_religion_cb_cost_modifier,,none,EU5-specific war cost modifier,War on Same Religion Penalty,country,multiplicative,"percent, bad",,,
war_on_same_religion_no_cb_cost_modifier,,none,EU5-specific war cost modifier,Unjustified War on Same Religion Penalty,country,multiplicative,"percent, bad",,,
war_on_subject_cost_modifier,,none,EU5-specific war on subject cost,War on Subject Penalty,country,multiplicative,"percent, bad",,,
war_score_vs_other_religion_efficiency,warscore_cost_vs_other_religion,high,Direct equivalent - warscore cost vs other religion wars,War Score vs other Religion Efficiency,country,,"percent, good",Religion,Modifies the war score costs for peace terms while in war against countries of a different religion.,Multiplicative
war_when_military_acces_cost_modifier,,none,EU5-specific military access war cost,War when Military Access Cost,country,multiplicative,"percent, bad",,,
western_schism_gold_actions_price_cost_modifier,,none,EU5-specific Western Schism situation action,Weather the Western Schism,country,multiplicative,"percent, bad",,,
western_schism_ri_actions_price_cost_modifier,,none,EU5-specific Western Schism situation action,Influence the Western Schism,country,multiplicative,"percent, bad",,,
wetlands_proximity_impact,,none,EU5-specific proximity system,Wetlands Proximity Impact,country,,"percent, bad",,,
wetlands_wasteland_proximity_impact,,none,EU5-specific proximity system,Wetlands Wasteland Proximity Impact,country,,"percent, bad",,,
win_war_chance_threshold,,none,EU5-specific AI war chance threshold,Win War Chance Threshold,country,,"percent, good",,,
wrong_culture_levy_size,,none,EU5-specific non-culture levy penalty,Non-Culture Levy Size,country,,"percent, good",,,
,army_tradition,none,EU4 army tradition yearly rate (partially covered by monthly_army_tradition in EU5),,,,,Military,Adds to the rate of army tradition gained each year.,Additive
,army_professionalism,none,EU4 army professionalism concept - no direct EU5 equivalent,,,,,,,
,drill_gain_modifier,none,EU4 army drill mechanic - no EU5 equivalent,,,,,Military,Modifies the army drill gains while drilling,Multiplicative
,drill_decay_modifier,none,EU4 army drill mechanic - no EU5 equivalent,,,,,Military,Modifies the army drill decay rate per year.,Multiplicative
,cav_to_inf_ratio,none,EU4 cavalry-to-infantry ratio penalty - no EU5 equivalent,,,,,Military,Adds to the ratio required to negate the insufficient support penalty.,Additive
,cavalry_flanking,none,EU4 cavalry flanking effectiveness (loosely covered by army_light_cavalry_power),,,,,Military,Modifies the effectiveness of cavalry flanking.,Multiplicative
,backrow_artillery_damage,none,EU4 artillery backrow damage - no EU5 equivalent,,,,,Military,Modifies the bonus damage artillery inflict when in the backrow during combat.,Multiplicative
,fire_damage,none,EU4 fire phase damage - no EU5 equivalent (EU5 uses unit-specific power),,,,,Military,Modifies the fire damage done by land units.,Multiplicative
,fire_damage_received,none,EU4 fire damage received - no EU5 equivalent,,,,,Military,Modifies the fire damage taken by land units.,Multiplicative
,shock_damage,none,EU4 shock phase damage - no EU5 equivalent,,,,,Military,Modifies the shock damage done by land units.,Multiplicative
,shock_damage_received,none,EU4 shock damage received - no EU5 equivalent,,,,,Military,Modifies the shock damage taken by land units.,Multiplicative
,morale_damage,none,EU4 morale damage - no EU5 equivalent,,,,,Military,Modifies the morale damage done by land units.,Multiplicative
,morale_damage_received,none,EU4 morale damage received - no EU5 equivalent,,,,,Military,Modifies the morale damage taken by land units.,Multiplicative
,reserves_organisation,none,EU4 reserves organization concept - no EU5 equivalent,,,,,Military,"Modifies the morale damage taken by units in reserves (i.e. not in battle, but engaged with another unit)",Multiplicative
,no_cost_for_reinforcing,none,EU4 free reinforcement flag - no EU5 equivalent,,,,,Military,Allows free reinforcement for units.,Constant
,manpower_recovery_speed,none,EU4 manpower recovery speed - no direct EU5 equivalent,,,,,Military,Modifies the rate at which manpower is recovered.,Multiplicative
,global_regiment_cost,none,EU4 all-regiment cost (EU5 splits by unit type),,,,,Military,Modifies the base unit cost for all land units.,Multiplicative
,land_forcelimit,none,EU4 land force limit (EU5 uses expected_army_size),,,,,Military,Adds to a country's force limit.,Additive
,land_forcelimit_modifier,none,EU4 land force limit modifier,,,,,Military,Modifies a country's force limit.,Multiplicative
,max_hostile_attrition,none,EU4 max hostile attrition cap - no EU5 equivalent,,,,,Military,Modifies the maximum attrition enemies have in a country,Additive
,artillery_barrage_cost,none,EU4 artillery barrage action cost - no EU5 equivalent,,,,,Military,Modifies the cost for using 'Artillery Barrage' action during sieges.,Multiplicative
,rival_border_fort_maintenance,none,EU4 rival border fort maintenance - no EU5 equivalent,,,,,Military,Modifies the base fort maintenance cost for forts in provinces that border rivals.,Multiplicative
,war_exhaustion_cost,none,EU4 war exhaustion reduction cost - no EU5 equivalent,,,,,Military,Modifies the diplomatic power cost for reducing war exhaustion.,Multiplicative
,leader_land_fire,none,EU4 leader pip min - no EU5 equivalent (EU5 uses train_general_ability),,,,,Military,Adds to the minimum fire pip count a leader can be generated with.,Additive
,leader_land_manuever,none,EU4 leader pip min - no EU5 equivalent,,,,,Military,Adds to the minimum maneuver pip count a leader can be generated with.,Additive
,leader_land_shock,none,EU4 leader pip min - no EU5 equivalent,,,,,Military,Adds to the minimum shock pip count a leader can be generated with.,Additive
,leader_siege,none,EU4 leader pip min - no EU5 equivalent,,,,,Military,Adds to the minimum siege pip count a leader can be generated with.,Additive
,max_general_fire,none,EU4 leader pip max - no EU5 equivalent,,,,,Military,Adds to the max amounts of fire pips a leader can have.,Additive
,max_general_maneuver,none,EU4 leader pip max - no EU5 equivalent,,,,,Military,Adds to the max amounts of maneuver pips a leader can have.,Additive
,max_general_shock,none,EU4 leader pip max - no EU5 equivalent,,,,,Military,Adds to the max amounts of shock pips a leader can have.,Additive
,max_general_siege,none,EU4 leader pip max - no EU5 equivalent,,,,,Military,Adds to the max amounts of siege pips a leader can have.,Additive
,free_leader_pool,none,EU4 free leader pool - no EU5 equivalent,,,,,Military,Adds to the maximum amount of free leaders (both land leaders and navy leaders pool).,Additive
,free_land_leader_pool,none,EU4 free land leader pool - no EU5 equivalent,,,,,Military,Adds to the maximum amount of free land leaders.,Additive
,free_navy_leader_pool,none,EU4 free navy leader pool - no EU5 equivalent,,,,,Military,Adds to the maximum amount of free navy leaders.,Additive
,raze_power_gain,none,EU4 monarch power from razing - EU5 removed monarch power,,,,,Military,Modifies the amount of monarch power gained from razing.,Multiplicative
,war_taxes_cost_modifier,none,EU4 war taxes action - no EU5 equivalent,,,,,Military,Modifies the military power cost for raising war taxes.,Multiplicative
,leader_cost,none,EU4 leader hiring cost - partially covered by train_general/admiral_cost,,,,,Military,Modifies the military power cost for hiring leaders.,Multiplicative
,manpower_in_true_faith_provinces,none,EU4 manpower from true faith provinces,,,,,Military,Modifies the amount of manpower gained from provinces that follow the true faith of a country.,Multiplicative
,regiment_manpower_usage,none,EU4 regiment manpower usage - no EU5 equivalent,,,,,Military,Modifies the manpower usage for reinforcement by regiments.,Multiplicative
,capped_by_forcelimit,none,EU4 forcelimit cap flag - no EU5 equivalent,,,,,Military,Forbids countries to go over their forcelimit,Constant
,global_attacker_dice_roll_bonus,none,EU4 attacker dice bonus - no EU5 equivalent,,,,,Military,Adds to the global attacker dice roll bonus,Additive
,global_defender_dice_roll_bonus,none,EU4 defender dice bonus - no EU5 equivalent,,,,,Military,Adds to the global defender dice roll bonus,Additive
,own_territory_dice_roll_bonus,none,EU4 own territory dice bonus - no EU5 equivalent,,,,,Military,Adds to the dice roll bonus for the territory owner,Additive
,manpower_in_accepted_culture_provinces,none,EU4 manpower from accepted culture - no EU5 equivalent,,,,,Military,Modifies the manpower in your accepted culture provinces but not in the provinces of your primary culture,Multiplicative
,manpower_in_culture_group_provinces,none,EU4 manpower from culture group - no EU5 equivalent,,,,,Military,Modifies the manpower in the provinces of your culture group,Multiplicative
,manpower_in_own_culture_provinces,none,EU4 manpower from own culture - no EU5 equivalent,,,,,Military,Modifies the manpower in the provinces with your own culture,Multiplicative
,may_build_supply_depot,none,EU4 supply depot permission (EU5 has create_supply_depot_cost_modifier),,,,,Military,Allows a country to build supply depots,Constant
,may_refill_garrison,none,EU4 refill garrison from armies - no EU5 equivalent,,,,,Military,Allows a country to refill garrisons from armies,Constant
,may_return_manpower_on_disband,none,EU4 manpower return on disband - no EU5 equivalent,,,,,Military,Allows a country to regain the manpower of units they are disbanding,Constant
,attack_bonus_in_capital_terrain,none,EU4 capital terrain attack bonus - no EU5 equivalent,,,,,Military,Grants attack bonus in provinces with the same terrain as capital province.,Additive
,force_march_free,none,EU4 free force march - no EU5 equivalent,,,,,Military,Allows usage of the ‘Force March’ action for free.,Constant
,enable_forced_march,none,EU4 forced march enable - no EU5 equivalent,,,,,Military,Allows to use Force March regardless of current tech level.,Constant
,mercenary_discipline,none,EU4 mercenary discipline - no EU5 equivalent (EU5 has general discipline),,,,,Mercenary,Modifies the discipline of mercenary units.,Multiplicative
,mercenary_manpower,none,EU4 mercenary manpower - no EU5 equivalent,,,,,Mercenary,Modifies the amount of manpower mercenary companies have.,Multiplicative
,merc_leader_army_tradition,none,EU4 merc leader tradition - no EU5 equivalent,,,,,Mercenary,Modifies the army tradition a leader of a merc company is spawned with.,Multiplicative
,merc_independent_from_trade_range,none,EU4 merc trade range - no EU5 equivalent,,,,,Mercenary,Allows a country to recruit merc companies which have their home in provinces which are outside your trade range.,Constant
,allow_mercenaries_to_split,none,EU4 mercenary splitting flag - no EU5 equivalent,,,,,Mercenary,"Allow mercenaries to split (as of 1.37, only works using split hotkey). They are supposed to be able to merge with regiments of their own company, but as of 1.37, this functionality is broken. Using the hotkey to create a new unit also creates empty 0-stacks that cannot be readjusted.",Constant
,special_unit_forcelimit,none,EU4 special unit forcelimit - no EU5 equivalent (units restructured),,,,,Special Regiments,Modifies the allowed forcelimit of special units.,Multiplicative
,special_unit_cost_modifier,none,EU4 special unit cost - no EU5 equivalent,,,,,Special Regiments,Modifies the recruitment cost of special units.,Multiplicative
,special_unit_manpower_cost_modifier,none,EU4 special unit manpower cost - no EU5 equivalent,,,,,Special Regiments,"Modifies the manpower/sailors cost for recruitment of special units. As of 1.37, does not work on marines.",Multiplicative
,has_marines,none,EU4 marines flag - no EU5 equivalent,,,,,Special Regiments,Allows the usage of Marine units. Basically it's always yes.,Constant
,allowed_marine_fraction,none,EU4 marines fraction - no EU5 equivalent,,,,,Special Regiments,Modifies the amount of marines allowed to be recruited.,Multiplicative
,has_banners,none,EU4 Manchu banners - no EU5 equivalent,,,,,Special Regiments,"Allows the usage of Manchu banner units. It also requires the province to have the ""local_has_banners = yes"" modifier.",Constant
,amount_of_banners,none,EU4 Manchu banners amount - no EU5 equivalent,,,,,Special Regiments,Modifies the maximum amount of banners available.,Multiplicative
,can_recruit_cawa,none,EU4 Cawa units - no EU5 equivalent,,,,,Special Regiments,Allows the usage of Cawa units. Doesn't work properly in 1.35.3,Constant
,amount_of_cawa,none,EU4 Cawa amount - no EU5 equivalent,,,,,Special Regiments,Modifies the maximum amount of Cawa units available.,Multiplicative
,cawa_cost_modifier,none,EU4 Cawa cost - no EU5 equivalent,,,,,Special Regiments,Modifies the military power cost for recruiting Cawa units.,Multiplicative
,has_carolean,none,EU4 Carolean units - no EU5 equivalent,,,,,Special Regiments,"Allows the usage of Carolean units. It also requires the province to have the ""local_has_carolean = yes"" modifier.",Constant
,amount_of_carolean,none,EU4 Carolean amount - no EU5 equivalent,,,,,Special Regiments,Modifies the maximum amount of Carolean units available.,Multiplicative
,can_recruit_hussars,none,EU4 Winged Hussars - no EU5 equivalent,,,,,Special Regiments,Allows the usage of Winged Hussar units. (Winged Hussars can only be recruited in provinces where the culture is either part of the primary group or accepted.),Constant
,amount_of_hussars,none,EU4 Hussars amount - no EU5 equivalent,,,,,Special Regiments,Adds to the maximum amount of Winged Hussar units available.,Additive
,hussars_cost_modifier,none,EU4 Hussars cost - no EU5 equivalent,,,,,Special Regiments,"(Recruiting Winged Hussars costs nothing, so this modifier seems to be practically non-functional)",Multiplicative
,can_recruit_janissaries,none,EU4 Janissaries - no EU5 equivalent,,,,,Special Regiments,Allows the usage of Janissary units.,Constant
,janissary_cost_modifier,none,EU4 Janissary cost - no EU5 equivalent,,,,,Special Regiments,Modifies the military power cost for recruiting Janissary units.,Multiplicative
,allow_janissaries_from_own_faith,none,EU4 Janissary faith rule - no EU5 equivalent,,,,,Special Regiments,Allows to recruit Janissary units in true faith provinces as well as heathen provinces.,Constant
,can_recruit_cossacks,none,EU4 Cossack units - no EU5 equivalent (EU5 has cossacks estate instead),,,,,Special Regiments,Allows the usage of Cossack units.,Constant
,allowed_cossack_fraction,none,EU4 Cossack fraction - no EU5 equivalent,,,,,Special Regiments,Modifies the amount of cossacks that can be recruited.,Multiplicative
,can_recruit_rajputs,none,EU4 Rajput units - no EU5 equivalent,,,,,Special Regiments,Allows the usage of Rajput units.,Constant
,allowed_rajput_fraction,none,EU4 Rajput fraction - no EU5 equivalent,,,,,Special Regiments,Modifies the amount of rajputs that can be recruited.,Multiplicative
,can_recruit_revolutionary_guards,none,EU4 Revolutionary Guards - no EU5 equivalent,,,,,Special Regiments,Allows the usage of Revolutionary Guard units.,Constant
,allowed_rev_guard_fraction,none,EU4 Revolutionary Guards fraction - no EU5 equivalent,,,,,Special Regiments,Modifies the amount of revolutionary guards that can be recruited.,Multiplicative
,has_streltsy,none,EU4 Streltsy - no EU5 equivalent,,,,,Special Regiments,"Allows the usage of Streltsy units. It also requires the province to have the ""local_has_streltsy = yes"" modifier.",Constant
,allowed_streltsy_fraction,none,EU4 Streltsy fraction - no EU5 equivalent,,,,,Special Regiments,Modifies the amount of streltsy that can be recruited.,Multiplicative
,amount_of_streltsy,none,EU4 Streltsy amount - no EU5 equivalent,,,,,Special Regiments,Adds to the maximum amount of Streltsy units available.,Additive
,has_tercio,none,EU4 Tercio units - no EU5 equivalent,,,,,Special Regiments,"Allows the usage of Tercio units. It also requires the province to have the ""local_has_tercio = yes"" modifier.",Constant
,allowed_tercio_fraction,none,EU4 Tercio fraction - no EU5 equivalent,,,,,Special Regiments,Modifies the amount of tercios that can be recruited.,Multiplicative
,amount_of_tercio,none,EU4 Tercio amount - no EU5 equivalent,,,,,Special Regiments,Adds to the maximum amount of Tercio units available.,Additive
,has_samurai,none,EU4 Samurai units - no EU5 equivalent,,,,,Special Regiments,"Allows the usage of Samurai units. It also requires the province to have the ""local_has_samurai = yes"" modifier.",Constant
,allowed_samurai_fraction,none,EU4 Samurai fraction - no EU5 equivalent,,,,,Special Regiments,Modifies the amount of samurai that can be recruited.,Multiplicative
,amount_of_samurai,none,EU4 Samurai amount - no EU5 equivalent,,,,,Special Regiments,Adds to the maximum amount of Samurai units available.,Additive
,has_musketeer,none,EU4 Musketeer units - no EU5 equivalent,,,,,Special Regiments,"Allows the usage of Musketeer units. It also requires the province to have the ""local_has_musketeers = yes"" modifier.",Constant
,allowed_musketeer_fraction,none,EU4 Musketeer fraction - no EU5 equivalent,,,,,Special Regiments,Modifies the amount of musketeers that can be recruited.,Multiplicative
,amount_of_musketeers,none,EU4 Musketeer amount - no EU5 equivalent,,,,,Special Regiments,Adds to the maximum amount of Musketeer units available.,Additive
,has_mamluks,none,EU4 Mamluk units - no EU5 equivalent,,,,,Special Regiments,"Allows the usage of Mamluk units. It also requires the province to have the ""local_has_mamluks = yes"" modifier.",Constant
,allowed_mamluks_fraction,none,EU4 Mamluk fraction - no EU5 equivalent,,,,,Special Regiments,Modifies the amount of mamluks that can be recruited.,Multiplicative
,amount_of_mamluks,none,EU4 Mamluk amount - no EU5 equivalent,,,,,Special Regiments,Adds to the maximum amount of Mamluk units available.,Additive
,has_qizilbash,none,EU4 Qizilbash units - no EU5 equivalent,,,,,Special Regiments,"Allows the usage of Qizilbash units. It also requires the province to have the ""local_has_qizilbash = yes"" modifier.",Constant
,allowed_qizilbash_fraction,none,EU4 Qizilbash fraction - no EU5 equivalent,,,,,Special Regiments,Modifies the amount of qizilbash that can be recruited.,Multiplicative
,amount_of_qizilbash,none,EU4 Qizilbash amount - no EU5 equivalent,,,,,Special Regiments,Adds to the maximum amount of Qizilbash units available.,Additive
,siege_blockade_progress,none,EU4 blockade siege progress bonus - no EU5 equivalent,,,,,Navy,Modifies the bonus siege status by blockaded.,Additive
,global_naval_engagement_modifier,none,EU4 naval engagement width modifier - no EU5 equivalent,,,,,Navy,Modifies the maximum naval engagement width.,Multiplicative
,global_naval_engagement,none,EU4 naval engagement width - no EU5 equivalent,,,,,Navy,Adds to the maximum naval engagement width.,Additive
,naval_morale_damage,none,EU4 naval morale damage - no EU5 equivalent,,,,,Navy,Modifies the morale damage done by naval units.,Multiplicative
,naval_morale_damage_received,none,EU4 naval morale damage received - no EU5 equivalent,,,,,Navy,Modifies the morale damage taken by naval units.,Multiplicative
,ship_durability,none,EU4 ship durability - no EU5 equivalent,,,,,Navy,Modifies the durability of all ships.,Multiplicative
,sunk_ship_morale_hit_recieved,none,EU4 sunk ship morale hit - no EU5 equivalent,,,,,Navy,Modifies the morale damage taken during battle by losing ships.,Multiplicative
,leader_naval_fire,none,EU4 naval leader pip min - no EU5 equivalent,,,,,Navy,Adds to the minimum fire pip count a leader can be generated with.,Additive
,leader_naval_manuever,none,EU4 naval leader pip min - no EU5 equivalent,,,,,Navy,Adds to the minimum maneuver pip count a leader can be generated with.,Additive
,leader_naval_shock,none,EU4 naval leader pip min - no EU5 equivalent,,,,,Navy,Adds to the minimum shock pip count a leader can be generated with.,Additive
,max_admiral_fire,none,EU4 admiral pip max - no EU5 equivalent,,,,,Navy,Adds to the max amounts of fire pips a leader can have.,Additive
,max_admiral_maneuver,none,EU4 admiral pip max - no EU5 equivalent,,,,,Navy,Adds to the max amounts of maneuver pips a leader can have.,Additive
,max_admiral_shock,none,EU4 admiral pip max - no EU5 equivalent,,,,,Navy,Adds to the max amounts of shock pips a leader can have.,Additive
,max_admiral_siege,none,EU4 admiral pip max - no EU5 equivalent,,,,,Navy,Adds to the max amounts of siege pips a leader can have.,Additive
,global_naval_barrage_cost,none,EU4 naval barrage action cost - no EU5 equivalent,,,,,Navy,Modifies the cost for using the ‘Naval Barrage’ action.,Multiplicative
,flagship_cost,none,EU4 flagship cost - no EU5 equivalent (EU5 removed flagships),,,,,Navy,Modifies the cost of building a flagship.,Multiplicative
,disengagement_chance,none,EU4 disengagement chance - no EU5 equivalent,,,,,Navy,Modifies the chance of disengagement for ships during battle.,Multiplicative
,transport_attrition,none,EU4 transport attrition - no EU5 equivalent,,,,,Navy,Modifies the attrition units takes while being on ships.,Multiplicative
,landing_penalty,none,EU4 landing combat penalty - no EU5 equivalent,,,,,Navy,Adds to the combat penalty when landing.,Additive
,may_perform_slave_raid,none,EU4 slave raid permission (EU5 has auto_slave_raid),,,,,Navy,Allows ships to perform slave raids.,Constant
,may_perform_slave_raid_on_same_religion,none,EU4 slave raid same religion - no EU5 equivalent,,,,,Navy,Grants the abiliy to conduct slave raids against nations that share the same religion.,Constant
,coast_raid_range,none,EU4 coast raid range - no EU5 equivalent,,,,,Navy,Adds to the amounts of sea tiles a country can raid in.,Additive
,sea_repair,none,EU4 sea repair permission - partially covered by ship_repair_at_sea,,,,,Navy,Allows ships to repair in coastal sea zones adjacent to owned provinces.,Constant
,movement_speed_in_fleet_modifier,none,EU4 fleet movement speed - partially matched to navy_movement_speed,,,,,Navy,Modifies the movement speed for ships.,Additive
,max_flagships,none,EU4 max flagships - no EU5 equivalent,,,,,Navy,Adds to the number of flagships a country can have at the same time.,Additive
,number_of_cannons,none,EU4 ship cannons - no EU5 equivalent,,,,,Navy,Adds to the number of cannons for all ships.,Additive
,number_of_cannons_modifier,none,EU4 ship cannons modifier - no EU5 equivalent,,,,,Navy,Modifies the number of cannons for all ships.,Multiplicative
,heavy_ship_number_of_cannons_modifier,none,EU4 heavy ship cannons - no EU5 equivalent,,,,,Navy,Modifies the number of cannons for heavy ships.,Multiplicative
,light_ship_number_of_cannons_modifier,none,EU4 light ship cannons - no EU5 equivalent,,,,,Navy,Modifies the number of cannons for light ships.,Multiplicative
,galley_number_of_cannons_modifier,none,EU4 galley cannons - no EU5 equivalent,,,,,Navy,Modifies the number of cannons for galley ships.,Multiplicative
,transport_number_of_cannons_modifier,none,EU4 transport cannons - no EU5 equivalent,,,,,Navy,Modifies the number of cannons for transport ships.,Multiplicative
,hull_size,none,EU4 ship hull size - no EU5 equivalent,,,,,Navy,Adds to the hull size of all ships.,Additive
,hull_size_modifier,none,EU4 hull size modifier - no EU5 equivalent,,,,,Navy,Modifies the hull size of all ships.,Multiplicative
,heavy_ship_hull_size_modifier,none,EU4 heavy ship hull - no EU5 equivalent,,,,,Navy,Modifies the hull size of heavy ships.,Multiplicative
,light_ship_hull_size_modifier,none,EU4 light ship hull - no EU5 equivalent,,,,,Navy,Modifies the hull size of light ships.,Multiplicative
,galley_hull_size_modifier,none,EU4 galley hull - no EU5 equivalent,,,,,Navy,Modifies the hull size of galley ships.,Multiplicative
,transport_hull_size_modifier,none,EU4 transport hull - no EU5 equivalent,,,,,Navy,Modifies the hull size of transport ships.,Multiplicative
,engagement_cost,none,EU4 engagement width per ship - no EU5 equivalent,,,,,Navy,Adds to the engagement width occupied by a ship.,Additive
,engagement_cost_modifier,none,EU4 engagement width modifier - no EU5 equivalent,,,,,Navy,Modifies the engagement width occupied by a ship.,Multiplicative
,ship_trade_power,none,EU4 ship trade power - no EU5 equivalent,,,,,Navy,Adds to the trade power of ships. Only works properly with unit scope.,Additive
,ship_trade_power_modifier,none,EU4 ship trade power modifier - no EU5 equivalent,,,,,Navy,Modifies the trade power of ships. Only works properly with unit scope.,Multiplicative
,can_transport_units,none,EU4 non-transport ships transport ability - no EU5 equivalent,,,,,Navy,Allows non-transport ships to transport land units. Only works properly with unit scope.,Constant
,admiral_skill_gain_modifier,none,EU4 flagship-related admiral skill - no EU5 equivalent,,,,,Flagships,The monthly chance that an admiral gains a pip while he is assigned to a fleet that is on a mission and contains a flagship with this modifier,Additive
,flagship_durability,none,EU4 flagship modifier - no EU5 equivalent,,,,,Flagships,Modifies the ship durability for the flagship.,Multiplicative
,flagship_morale,none,EU4 flagship modifier - no EU5 equivalent,,,,,Flagships,Modifies the naval morale for the flagship.,Multiplicative
,flagship_naval_engagement_modifier,none,EU4 flagship modifier - no EU5 equivalent,,,,,Flagships,Modifies the fleet engagement width of the flagship's fleet.,Additive
,movement_speed_onto_off_boat_modifier,none,EU4 flagship disembark modifier - partially matches army_disembark_speed,,,,,Flagships,Modifies the speed at which troops disembark off ships into provinces.,Multiplicative
,flagship_landing_penalty,none,EU4 flagship landing - no EU5 equivalent,,,,,Flagships,Modifies the disembarkment penalty for the flagship.,Multiplicative
,number_of_cannons_flagship_modifier,none,EU4 flagship cannons - no EU5 equivalent,,,,,Flagships,Modifies the number of cannons for the flagship.,Multiplicative
,number_of_cannons_flagship,none,EU4 flagship cannons - no EU5 equivalent,,,,,Flagships,Modifies the number of cannons for the flagship.,Additive
,naval_maintenance_flagship_modifier,none,EU4 flagship maintenance - no EU5 equivalent,,,,,Flagships,Modifies the naval maintenance for the flagship.,Multiplicative
,trade_power_in_fleet_modifier,none,EU4 flagship fleet trade - no EU5 equivalent,,,,,Flagships,Modifies the trade power conferred by the flagship and all other ships within its fleet.,Multiplicative
,morale_in_fleet_modifier,none,EU4 flagship fleet morale - no EU5 equivalent,,,,,Flagships,Modifies the naval morale for the flagship and all other ships within its fleet.,Multiplicative
,blockade_impact_on_siege_in_fleet_modifier,none,EU4 flagship blockade impact - no EU5 equivalent,,,,,Flagships,Modifies the blockade impact of the flagship and all other ships within its fleet.,Multiplicative
,exploration_mission_range_in_fleet_modifier,none,EU4 flagship exploration range - no EU5 equivalent,,,,,Flagships,Modifies the exploration mission range for the flagship and all other ships within its fleet.,Additive
,barrage_cost_in_fleet_modifier,none,EU4 flagship barrage cost - no EU5 equivalent,,,,,Flagships,Modifies the ‘Naval Barrage’ action cost for the flagship and all other ships within its fleet.,Multiplicative
,naval_attrition_in_fleet_modifier,none,EU4 flagship attrition - no EU5 equivalent,,,,,Flagships,Modifies the naval attrition suffered by the flagship and all other ships within its fleet.,Multiplicative
,privateering_efficiency_in_fleet_modifier,none,EU4 flagship privateer efficiency - no EU5 equivalent,,,,,Flagships,Modifies the privateering efficiency of the flagship and all other ships within its fleet.,Multiplicative
,prestige_from_battles_in_fleet_modifier,none,EU4 flagship prestige - no EU5 equivalent,,,,,Flagships,Modifies the amount of prestige gained from battles for the flagship and all other ships within its fleet.,Multiplicative
,naval_tradition_in_fleet_modifier,none,EU4 flagship tradition - no EU5 equivalent,,,,,Flagships,Modifies the amount of Naval Tradition gained from battles for the flagship and all other ships within its fleet.,Multiplicative
,cannons_for_hunting_pirates_in_fleet,none,EU4 flagship pirate hunting - no EU5 equivalent,,,,,Flagships,Modifies the amount of cannons for the flagship and all other ships within its fleet while on the Hunting Pirates mission.,Multiplicative
,has_geobukseon,none,EU4 Geobukseon ships - no EU5 equivalent,,,,,Special Ships,"Allows the usage of Geobukseon ships. It also requires the province to have the ""local_has_geobukseon = yes"" modifier.",Constant
,allowed_geobukseon_fraction,none,EU4 Geobukseon fraction - no EU5 equivalent,,,,,Special Ships,Modifies the amount of geobukseon that can be recruited.,Multiplicative
,amount_of_geobukseon,none,EU4 Geobukseon amount - no EU5 equivalent,,,,,Special Ships,Adds to the maximum amount of Geobukseon ships available.,Additive
,has_galleass,none,EU4 Galleass ships - no EU5 equivalent,,,,,Special Ships,"Allows the usage of Galleass ships. It also requires the province to have the ""local_has_galleass = yes"" modifier.",Constant
,allowed_galleass_fraction,none,EU4 Galleass fraction - no EU5 equivalent,,,,,Special Ships,Modifies the amount of galleasses that can be recruited.,Multiplicative
,amount_of_galleass,none,EU4 Galleass amount - no EU5 equivalent,,,,,Special Ships,Adds to the maximum amount of Galleas ships available.,Additive
,has_voc_indiamen,none,EU4 VOC Indiamen ships - no EU5 equivalent,,,,,Special Ships,"Allows the usage of VOC Indiaman ships. It also requires the province to have the ""local_has_voc_indiamen = yes"" modifier.",Constant
,allowed_voc_indiamen_fraction,none,EU4 VOC Indiamen fraction - no EU5 equivalent,,,,,Special Ships,Modifies the amount of VOC indiamen that can be recruited.,Multiplicative
,amount_of_voc_indiamen,none,EU4 VOC Indiamen amount - no EU5 equivalent,,,,,Special Ships,Adds to the maximum amount of VOC Indiaman ships available.,Additive
,has_man_of_war,none,EU4 Man of War ships - no EU5 equivalent,,,,,Special Ships,"Allows the usage of Man of War ships. It also requires the province to have the ""local_has_man_of_war = yes"" modifier.",Constant
,allowed_man_of_war_fraction,none,EU4 Man of War fraction - no EU5 equivalent,,,,,Special Ships,Modifies the amount of men of war that can be recruited.,Multiplicative
,amount_of_man_of_war,none,EU4 Man of War amount - no EU5 equivalent,,,,,Special Ships,Adds to the maximum amount of Man of War ships available.,Additive
,has_galleon,none,EU4 Galleon ships - no EU5 equivalent,,,,,Special Ships,"Allows the usage of Galleon ships. It also requires the province to have the ""local_has_galleon = yes"" modifier.",Constant
,allowed_galleon_fraction,none,EU4 Galleon fraction - no EU5 equivalent,,,,,Special Ships,Modifies the amount of galleons that can be recruited.,Multiplicative
,amount_of_galleon,none,EU4 Galleon amount - no EU5 equivalent,,,,,Special Ships,Adds to the maximum amount of Galleon ships available.,Additive
,has_caravel,none,EU4 Caravel ships - no EU5 equivalent,,,,,Special Ships,"Allows the usage of Caravel ships. It also requires the province to have the ""local_has_caravel = yes"" modifier.",Constant
,allowed_caravel_fraction,none,EU4 Caravel fraction - no EU5 equivalent,,,,,Special Ships,Modifies the amount of caravels that can be recruited.,Multiplicative
,amount_of_caravel,none,EU4 Caravel amount - no EU5 equivalent,,,,,Special Ships,Adds to the maximum amount of Caravel ships available.,Additive
,envoy_travel_time,none,EU4 diplomat/merchant/colonist travel time - no EU5 equivalent,,,,,Diplomacy,"Modifies diplomat, merchant, and colonist travel time during actions.",Multiplicative
,province_warscore_cost,none,EU4 province warscore cost - no EU5 equivalent,,,,,Diplomacy,Modifies the warscore cost for taking provinces.,Multiplicative
,accept_vassalization_reasons,none,Already matched to EU5 accept_subjugation_reasons,,,,,Diplomacy,Gives reasons to accept vassalization.,Additive
,transfer_trade_power_reasons,none,EU4 transfer trade reasons - no EU5 equivalent,,,,,Diplomacy,Gives reasons to transfer trade.,Additive
,monthly_federation_favor_growth,none,EU4 native federation favor - no EU5 equivalent,,,,,Diplomacy,Adds to the monthly change of favors with other countries in the native federation.,Additive
,monthly_favor_modifier,none,EU4 favors gained modifier - no EU5 equivalent,,,,,Diplomacy,Modifies the amount of favour gained by the country.,Multiplicative
,cb_on_overseas,none,EU4 overseas CB - no EU5 equivalent,,,,,Diplomacy,Allows claims to be fabricated on overseas provinces in trade company regions.,Constant
,idea_claim_colonies,none,EU4 colonial claim CB - no EU5 equivalent,,,,,Diplomacy,Allows claims to be fabricated on overseas provinces in colonial regions that are owned by another nation that is also overseas.,Constant
,cb_on_government_enemies,none,EU4 government enemies CB flag - no EU5 equivalent,,,,,Diplomacy,Acts a visible script flag. Can be checked in triggers with cb_on_government_enemies = yes,Constant
,cb_on_religious_enemies,none,EU4 religious enemies CB flag - no EU5 equivalent,,,,,Diplomacy,Acts a visible script flag. Can be checked in triggers with cb_on_religious_enemies = yes,Constant
,reduced_stab_impacts,none,EU4 stab hit reduction on diplo - no EU5 equivalent,,,,,Diplomacy,Reduces the stability hits when taking diplomatic actions that cause them (i.e. 'Break Marriage').,Constant
,can_fabricate_for_vassals,none,EU4 fabricate for vassals - no EU5 equivalent,,,,,Diplomacy,Grants the ability to fabricate claims for vassals.,Constant
,state_maintenance_modifier,none,EU4 state maintenance - no EU5 equivalent (EU5 removed states),,,,,Economy,Modifies the maintenance cost for states.,Multiplicative
,inflation_action_cost,none,EU4 reduce inflation cost - no EU5 equivalent,,,,,Economy,Modifies the administrative power cost for reducing inflation.,Multiplicative
,may_not_reduce_inflation,none,EU4 inflation reduction block - no EU5 equivalent,,,,,Economy,Forbids a country to use the 'Reduce Inflation' button.,Constant
,inflation_reduction,none,EU4 yearly inflation reduction - no EU5 equivalent,,,,,Economy,Adds to the base yearly inflation reduction rate.,Additive
,monthly_gold_inflation_modifier,none,EU4 gold mine inflation - no EU5 equivalent,,,,,Economy,Modifies the amount of inflation generated by gold mines.,Multiplicative
,gold_depletion_chance_modifier,none,EU4 gold mine depletion - no EU5 equivalent,,,,,Economy,Modifies the depletation chance of a gold mine.,Multiplicative
,can_not_build_buildings,none,EU4 building block - no EU5 equivalent,,,,,Economy,Forbids a country to build buildings,Constant
,development_cost,none,EU4 development cost - no EU5 equivalent (EU5 removed dev clicking),,,,,Economy,Modifies the development cost for provinces.,Multiplicative
,development_cost_in_primary_culture,none,EU4 dev cost primary culture - no EU5 equivalent,,,,,Economy,Modifies the development cost for provinces of primary culture.,Multiplicative
,development_cost_modifier,none,EU4 development cost modifier - no EU5 equivalent,,,,,Economy,"Modifies the base Development Cost Modifier. ""Development Cost Modifier"" was called ""Development Efficiency"" before 1.34",Multiplicative
,tribal_development_growth,none,EU4 tribal dev growth - no EU5 equivalent,,,,,Economy,Adds to the growth of tribal development,Additive
,add_tribal_land_cost,none,EU4 add tribal land - no EU5 equivalent,,,,,Economy,Modifies the cost of adding tribal land.,Multiplicative
,global_allowed_num_of_buildings,none,EU4 building slots - no EU5 equivalent,,,,,Economy,Adds to the number of allowed buildings in every owned province.,Additive
,global_allowed_num_of_manufactories,none,EU4 manufactory slots - no EU5 equivalent,,,,,Economy,Adds to the number of allowed manufactories in every owned province.,Additive
,great_project_upgrade_cost,none,EU4 great project upgrade - no EU5 equivalent,,,,,Economy,Modifies all great project upgrade costs.,Multiplicative
,great_project_upgrade_time,none,EU4 great project time - no EU5 equivalent,,,,,Economy,Modifies the time needed to upgrade a great project.,Multiplicative
,global_monthly_devastation,none,EU4 monthly devastation - no EU5 equivalent,,,,,Economy,Adds to the devastation rate in all provinces.,Additive
,administrative_efficiency,none,EU4 admin efficiency - partially covered by global_integration_speed_modifier & diplomatic_annexation_cost,,,,,Economy,"Modifies the base core creation cost, diplo-annexation costs and the impact of province development on overextension and warscore cost.",Multiplicative
,free_concentrate_development,none,EU4 free develop concentration - no EU5 equivalent,,,,,Economy,Allows a country to concentrate development without the cost.,Constant
,expand_infrastructure_cost_modifier,none,EU4 expand infrastructure - no EU5 equivalent,,,,,Economy,Modifies the adm and government reform progress cost for expanding infrastructure.,Multiplicative
,centralize_state_cost,none,EU4 centralize state - no EU5 equivalent,,,,,Economy,Modifies the adm and government reform progress cost for centralizing a state.,Multiplicative
,core_creation,none,EU4 core creation cost - no EU5 equivalent,,,,,Core Creation,Modifies the base core creation cost.,Multiplicative
,core_decay_on_your_own,none,EU4 core decay - no EU5 equivalent,,,,,Core Creation,Modifies the rate at which the cores of a country will decay when under the ownership of a different country.,Multiplicative
,enemy_core_creation,none,EU4 enemy core creation - no EU5 equivalent,,,,,Core Creation,Modifies the cost of coring provinces for enemies that have your cores.,Multiplicative
,ignore_coring_distance,none,EU4 coring distance - no EU5 equivalent,,,,,Core Creation,"Allows coring in any uncored province, regardless of distance.",Constant
,idea_cost,none,EU4 idea cost - no EU5 equivalent (EU5 removed ideas),,,,,Technology,Modifies the monarch power cost of purchasable ideas.,Multiplicative
,institution_spread_from_true_faith,none,EU4 institution spread from faith - no EU5 equivalent,,,,,Technology,Modifies the rate of spread for institutions in owned provinces following the owner's religion.,Multiplicative
,native_advancement_cost,none,EU4 native advancement - no EU5 equivalent,,,,,Technology,Modifies the monarch power cost of native advancements.,Multiplicative
,all_power_cost,none,EU4 all monarch power cost - no EU5 equivalent (EU5 removed monarch power),,,,,Technology,Modifies the monarch power cost of every action that costs monarch power.,Multiplicative
,innovativeness_gain,none,EU4 innovativeness gain - no EU5 equivalent,,,,,Technology,Modifies the amount of innovativeness gained.,Multiplicative
,yearly_innovativeness,none,EU4 yearly innovativeness - no EU5 equivalent,,,,,Technology,Adds to the yearly rate of innovativeness.,Additive
,free_adm_policy,none,EU4 free admin policy - no EU5 equivalent,,,,,Technology,Modifies the amount of free administrative policies.,Additive
,free_dip_policy,none,EU4 free dip policy - no EU5 equivalent,,,,,Technology,Modifies the amount of free diplomatic policies.,Additive
,free_mil_policy,none,EU4 free mil policy - no EU5 equivalent,,,,,Technology,Modifies the amount of free military policies.,Additive
,possible_adm_policy,none,EU4 admin policy slots - no EU5 equivalent,,,,,Technology,Modifies the amount of administrative policy slots.,Additive
,possible_dip_policy,none,EU4 dip policy slots - no EU5 equivalent,,,,,Technology,Modifies the amount of diplomatic policy slots.,Additive
,possible_mil_policy,none,EU4 mil policy slots - no EU5 equivalent,,,,,Technology,Modifies the amount of military policy slots.,Additive
,possible_policy,none,EU4 all policy slots - no EU5 equivalent,,,,,Technology,Modifies the amount of all policy slots.,Additive
,free_policy,none,EU4 all free policies - no EU5 equivalent,,,,,Technology,Modifies the amount of all free policies.,Additive
,country_admin_power,none,EU4 monthly admin power - no EU5 equivalent (EU5 removed monarch power),,,,,Technology,Modifies the monthly administrative power a country generates.,Additive
,country_diplomatic_power,none,EU4 monthly dip power - no EU5 equivalent,,,,,Technology,Modifies the monthly diplomatic power a country generates.,Additive
,country_military_power,none,EU4 monthly mil power - no EU5 equivalent,,,,,Technology,Modifies the monthly military power a country generates.,Additive
,monthly_splendor,none,EU4 splendor points - no EU5 equivalent,,,,,Court,Adds to the monthly rate of splendor points.,Additive
,yearly_corruption,none,EU4 yearly corruption - no EU5 equivalent,,,,,Court,Adds to the yearly rate of corruption.,Additive
,same_culture_advisor_cost,none,EU4 same culture advisor cost - no EU5 equivalent,,,,,Court,Modifies the advisor cost for advisors that share the same culture as the country's court they're in.,Multiplicative
,same_religion_advisor_cost,none,EU4 same religion advisor cost - no EU5 equivalent,,,,,Court,Modifies the advisor cost for advisors that share the same religion as the country's court they're in.,Multiplicative
,advisor_pool,none,EU4 advisor pool size - no EU5 equivalent,,,,,Court,Adds to the pool size for advisors.,Additive
,female_advisor_chance,none,EU4 female advisor chance - no EU5 equivalent,,,,,Court,Modifies the base chance rate for female advisors.,Multiplicative
,heir_chance,none,EU4 heir generation chance - no EU5 equivalent,,,,,Court,Modifies the base chance for an heir during the heir generation tick.,Multiplicative
,monthly_heir_claim_increase,none,EU4 heir claim increase - no EU5 equivalent,,,,,Court,Adds to the monthly change of heir claim.,Additive
,monthly_heir_claim_increase_modifier,none,EU4 heir claim modifier - no EU5 equivalent,,,,,Court,Modifies the monthly change of heir claim.,Multiplicative
,block_introduce_heir,none,EU4 introduce heir block - no EU5 equivalent,,,,,Court,Disallows the country to use the 'Introduce New Heir' interaction.,Constant
,monarch_admin_power,none,EU4 monarch ADM skill - no EU5 equivalent,,,,,Court,"Adds to the base ADM skill a ruler, heir and consort can be generated with. Does not affect rulers created with fixed = yes.",Additive
,monarch_diplomatic_power,none,EU4 monarch DIP skill - no EU5 equivalent,,,,,Court,"Adds to the base DIP skill a ruler, heir and consort can be generated with. Does not affect rulers created with fixed = yes.",Additive
,monarch_military_power,none,EU4 monarch MIL skill - no EU5 equivalent,,,,,Court,"Adds to the base MIL skill a ruler, heir and consort can be generated with. Does not affect rulers created with fixed = yes.",Additive
,adm_advisor_cost,none,EU4 admin advisor cost - no EU5 equivalent,,,,,Court,Modifies the cost of hiring an administrative advisor.,Multiplicative
,dip_advisor_cost,none,EU4 dip advisor cost - no EU5 equivalent,,,,,Court,Modifies the cost of hiring an diplomatic advisor.,Multiplicative
,mil_advisor_cost,none,EU4 mil advisor cost - no EU5 equivalent,,,,,Court,Modifies the cost of hiring an military advisor.,Multiplicative
,monthly_support_heir_gain,none,EU4 elective monarchy heir support - no EU5 equivalent,,,,,Court,Modifies the monthly gain in support for the heir of a country in a country that uses the ‘Elective Monarchy’ mechanics.,Multiplicative
,power_projection_from_insults,none,EU4 PP from insults - no EU5 equivalent,,,,,Court,Modifies the amount of power projection gained when using the ‘Insult’ diplomatic action.,Multiplicative
,local_heir_adm,none,EU4 elective heir ADM - no EU5 equivalent,,,,,Court,Adds to the base ADM skill that non-foreign heirs for Elective Monarchy can be generated with.,Additive
,local_heir_dip,none,EU4 elective heir DIP - no EU5 equivalent,,,,,Court,Adds to the base DIP skill that non-foreign heirs for Elective Monarchy can be generated with.,Additive
,local_heir_mil,none,EU4 elective heir MIL - no EU5 equivalent,,,,,Court,Adds to the base MIL skill that non-foreign heirs for Elective Monarchy can be generated with.,Additive
,national_focus_years,none,EU4 national focus cooldown - no EU5 equivalent,,,,,Court,Adds to the cooldown of setting the national focus,Additive
,yearly_absolutism,none,EU4 absolutism - no EU5 equivalent,,,,,Government,Adds to the yearly base rate of absolutism.,Additive
,max_absolutism,none,EU4 max absolutism - no EU5 equivalent,,,,,Government,Adds to the maximum value of absolutism. Internally absolutism bonuses do not scale above 100.,Additive
,max_absolutism_effect,none,EU4 max absolutism effect - no EU5 equivalent,,,,,Government,Modifies the maximum effect of absolutism on modifiers.,Multiplicative
,<government_power_type_id>_gain_modifier,none,EU4 gov power gain - no EU5 equivalent,,,,,Government,Modifies the gain of power from the add_government_power effect for governments with the particular mechanic.,Multiplicative
,monthly_<government_power_type_id>,none,EU4 gov mechanic power - no EU5 equivalent,,,,,Government,Adds to the monthly rate of power for governments with the particular mechanic.,Additive
,yearly_government_power,none,EU4 gov power yearly - no EU5 equivalent,,,,,Government,Adds to the yearly rate of power for governments with mechanics.,Additive
,<faction>_influence,none,EU4 faction influence - no EU5 equivalent,,,,,Government,Adds to the monthly rate of faction influence. Generated automatically for all factions in /Europa Universalis IV/common/factions.,Additive
,imperial_mandate,none,EU4 Chinese mandate - no EU5 equivalent,,,,,Government,Adds to the rate of Mandate gained per month.,Additive
,candidate_random_bonus,none,EU4 republic candidate bonus - no EU5 equivalent,,,,,Government,Adds to the randomized stats a republican candidate may receive during elections.,Additive
,reelection_cost,none,EU4 reelection cost - no EU5 equivalent,,,,,Government,Modifies the cost in Republican Tradition when re-electing candidates.,Multiplicative
,max_terms,none,EU4 max terms - no EU5 equivalent,,,,,Government,,Additive
,governing_capacity,none,EU4 governing capacity - no EU5 equivalent (EU5 removed states),,,,,Government,Adds to the base governing capacity.,Additive
,governing_capacity_modifier,none,EU4 governing capacity modifier - no EU5 equivalent,,,,,Government,Modifies the base governing capacity.,Multiplicative
,governing_cost,none,EU4 governing cost - no EU5 equivalent,,,,,Government,Modifies the governing capacity usage of all provinces.,Multiplicative
,state_governing_cost,none,EU4 state governing cost - no EU5 equivalent,,,,,Government,Modifies the governing capacity usage of states.,Multiplicative
,territories_governing_cost,none,EU4 territories governing cost - no EU5 equivalent,,,,,Government,Modifies the governing capacity usage of territories.,Multiplicative
,trade_company_governing_cost,none,EU4 trade company gov cost - no EU5 equivalent,,,,,Government,Modifies the governing capacity usage of trade companies.,Multiplicative
,state_governing_cost_increase,none,EU4 state gov cost increase - no EU5 equivalent,,,,,Government,Adds to the governing capacity usage of states.,Additive
,expand_administration_cost,none,EU4 expand admin cost - no EU5 equivalent,,,,,Government,Modifies the cost of the ‘Expand Administration’ action.,Multiplicative
,yearly_revolutionary_zeal,none,EU4 revolutionary zeal - no EU5 equivalent,,,,,Government,Adds to the yearly base rate of revolutionary zeal.,Additive
,max_revolutionary_zeal,none,EU4 max revolutionary zeal - no EU5 equivalent,,,,,Government,Adds to the maximum value of revolutionary zeal. Internally revolutionary zeal bonuses do not scale above 100.,Additive
,reform_progress_growth,none,EU4 reform progress from autonomy - no EU5 equivalent,,,,,Government,Changes the rate of government reform progress gain from autonomy.,Multiplicative
,monthly_reform_progress,none,EU4 monthly reform progress - no EU5 equivalent,,,,,Government,"Adds to the rate of government reform progress gain (this is modified by monthly_reform_progress_modifier, but not by reform_progress_growth).",Additive
,monthly_reform_progress_modifier,none,EU4 reform progress modifier - no EU5 equivalent,,,,,Government,Changes the rate of government reform progress gain (both from monthly_reform_progress as well as the progress from autonomy).,Multiplicative
,can_revoke_parliament_seats,none,EU4 revoke parliament seats - no EU5 equivalent,,,,,Government,Allows a country to remove seats from a province.,Constant
,parliament_chance_of_decision,none,EU4 parliament decision chance - no EU5 equivalent,,,,,Government,Adds to the chance for the debate to be ended after debate duration.,Multiplicative
,num_of_parliament_issues,none,EU4 parliament issues count - no EU5 equivalent,,,,,Government,Adds to the maximum number of issues a country can pick from.,Additive
,max_possible_parliament_seats,none,EU4 max parliament seats - no EU5 equivalent,,,,,Government,Defines the minimum amount of seats needed,Additive
,<estate>_influence_modifier,none,EU4 estate influence - EU5 uses different estate system,,,,,Estates,Modifies to the influence of the specified estate. These modifiers are defined in /Europa Universalis IV/common/estates_preload.,Multiplicative
,<estate>_loyalty_modifier,none,EU4 estate loyalty - EU5 uses estate satisfaction instead,,,,,Estates,Modifies to the loyalty equilibrium of the specified estate. These modifiers are defined in /Europa Universalis IV/common/estates_preload.,Multiplicative
,<estate>_privilege_slots,none,EU4 estate privilege slots - no EU5 equivalent,,,,,Estates,Adds to the number of possible privilege slots on the specified estate. These modifiers are defined in /Europa Universalis IV/common/estates_preload.,Additive
,all_estate_influence_modifier,none,EU4 all estate influence - no EU5 equivalent,,,,,Estates,Modifies to the influence of all estates in the country,Multiplicative
,all_estate_loyalty_equilibrium,none,EU4 all estate loyalty - no EU5 equivalent,,,,,Estates,Modifies to the loyalty equilibrium of all estates in the country.,Multiplicative
,all_estate_possible_privileges,none,EU4 all estate privileges - no EU5 equivalent,,,,,Estates,Adds to the number of possible privilege slots on all estates in the country.,Additive
,allow_free_estate_privilege_revocation,none,EU4 free estate revocation - no EU5 equivalent,,,,,Estates,Allows to revoke estate privileges without having the loyalty higher than the estates influence,Constant
,loyalty_change_on_revoked,none,EU4 revoke loyalty hit - no EU5 equivalent,,,,,Estates,Modifies the estate loyalty hit when a privilege is revoked.,Multiplicative
,estate_interaction_cooldown_modifier,none,EU4 estate interaction cooldown - no EU5 equivalent,,,,,Estates,Modifies the cooldown of the estate interactions like Seizing Land.,Multiplicative
,imperial_authority_value,none,Already matched to EU5 monthly_imperial_authority,,,,,Holy Roman Empire,Adds to the rate of imperial authority gained per month.,Additive
,free_city_imperial_authority,none,EU4 free city IA - no EU5 equivalent,,,,,Holy Roman Empire,Adds to the rate of imperial authority gained per month from Free Cities.,Additive
,imperial_mercenary_cost,none,EU4 HRE merc cost - partially matched to hre_army_building_cost_modifier,,,,,Holy Roman Empire,Modifies the cost of mercenary companies for nations within the Holy Roman Empire.,Multiplicative
,max_free_cities,none,EU4 max free cities - no EU5 equivalent,,,,,Holy Roman Empire,Adds to the maximum number of free cities allowed.,Additive
,max_electors,none,EU4 max electors - no EU5 equivalent,,,,,Holy Roman Empire,Adds to the maximum number of electors allowed.,Additive
,legitimate_subject_elector,none,EU4 elector desire - no EU5 equivalent,,,,,Holy Roman Empire,Adds to the elector desire for the current country to become Emperor (if they are a valid choice).,Additive
,manpower_against_imperial_enemies,none,EU4 manpower vs imperial enemies - no EU5 equivalent,,,,,Holy Roman Empire,Adds to the total manpower pool when at war (doesn't matter if you are rivals),Additive
,imperial_reform_catholic_approval,none,EU4 HRE reform approval - no EU5 equivalent,,,,,Holy Roman Empire,"Adds reasons for the country its applied to to vote for a reform of the Holy Roman Empire. This only has an effect on AI members of the HRE. The name of the modifier is confusing, because the modifier has nothing to do with religion at all and is also not a global modifier applied to the Emperor.",Additive
,culture_conversion_cost,none,EU4 culture conversion cost - no EU5 equivalent,,,,,Culture,Modifies the diplomatic power cost for culture conversion in provinces.,Multiplicative
,culture_conversion_time,none,EU4 culture conversion time - no EU5 equivalent,,,,,Culture,Modifies the speed for culture conversion in provinces.,Multiplicative
,num_accepted_cultures,none,Already matched to EU5 cultures_capacity,,,,,Culture,Adds to the maximum number of accepted cultures a country can have.,Additive
,relation_with_same_culture,none,EU4 relation same culture - no EU5 equivalent,,,,,Culture,Modifiers this countries opinion of countries whose primary culture is the same.,Additive
,relation_with_same_culture_group,none,EU4 relation culture group - no EU5 equivalent,,,,,Culture,Modifies this countries opinion of countries whose primary culture is in the same culture group but do not share the same primary culture.,Additive
,relation_with_accepted_culture,none,EU4 relation accepted culture - no EU5 equivalent,,,,,Culture,Modifies this countries opinion of countries whose primary culture is an accepted culture.,Additive
,relation_with_other_culture,none,EU4 relation other culture - no EU5 equivalent,,,,,Culture,Modifies this countries opinion of countries that are not within the same culture group and whose culture they do not accept.,Additive
,can_not_declare_war,none,Already matched to EU5 blocked_from_declaring_war,,,,,Stability,Fobids a country from declaring wars,Constant
,global_unrest,none,EU4 unrest - no EU5 equivalent (EU5 uses pop_join_rebel_threshold),,,,,Stability,Adds to the base unrest value.,Additive
,global_autonomy,none,EU4 autonomy - no EU5 equivalent (EU5 removed autonomy),,,,,Stability,Adds to the monthly rate of autonomy in owned provinces.,Additive
,min_autonomy,none,EU4 min autonomy - no EU5 equivalent,,,,,Stability,Sets the minimum autonomy level allowed in all owned provinces.,Constant
,autonomy_change_time,none,EU4 autonomy cooldown - no EU5 equivalent,,,,,Stability,Modifies the cooldown for the autonomy reduction and increase buttons.,Multiplicative
,harsh_treatment_cost,none,EU4 harsh treatment - no EU5 equivalent,,,,,Stability,Modifies the military power cost for using harsh treatment.,Multiplicative
,global_rebel_suppression_efficiency,none,EU4 rebel suppression - no EU5 equivalent,,,,,Stability,Modifies the efficiency of unrest reduction by units stationed in provinces or deployed for autonomous rebel suppression.,Multiplicative
,min_autonomy_in_territories,none,EU4 territory autonomy - no EU5 equivalent,,,,,Stability,Modifies the minimum autonomy experienced in territories.,Additive
,unrest_catholic_provinces,none,EU4 Catholic unrest - no EU5 equivalent,,,,,Stability,Modifies the local unrest in all provinces of the catholic religion,Additive
,no_stability_loss_on_monarch_death,none,EU4 no stab loss on death - no EU5 equivalent,,,,,Stability,Removes the stability penalty that occurs when ruler dies.,Constant
,overextension_impact_modifier,none,EU4 overextension - no EU5 equivalent,,,,,Stability,Modifies the impact of conquered provinces in regards to the overextension.,Multiplicative
,vassal_forcelimit_bonus,none,EU4 vassal FL bonus - partially matched via subject types,,,,,Subject,Modifies the bonus to a country's forcelimit from their subjects.,Multiplicative
,vassal_naval_forcelimit_bonus,none,EU4 vassal naval FL - no EU5 equivalent,,,,,Subject,Modifies the bonus to a country's naval forcelimit from their subjects.,Multiplicative
,vassal_manpower_bonus,none,EU4 vassal manpower - no EU5 equivalent,,,,,Subject,Modifies the bonus to a country's manpower from their subjects.,Multiplicative
,vassal_sailors_bonus,none,EU4 vassal sailors - no EU5 equivalent,,,,,Subject,Modifies the bonus to a country's sailors from their subjects.,Multiplicative
,overlord_naval_forcelimit,none,EU4 overlord naval FL - no EU5 equivalent,,,,,Subject,Adds to the bonus to a country's naval forcelimit to their overlord. Applied to the subject.,Additive
,overlord_naval_forcelimit_modifier,none,EU4 overlord naval FL modifier - no EU5 equivalent,,,,,Subject,Modifies the bonus to a country's naval forcelimit to their overlord. Applied to the subject.,Multiplicative
,can_transfer_vassal_wargoal,none,EU4 transfer vassal wargoal - no EU5 equivalent,,,,,Subject,Allows usage of the ‘Transfer Subject’ peace term at half cost.,Constant
,liberty_desire,none,EU4 liberty desire - inverse of EU5 loyalty_to_overlord (already matched),,,,,Subject,Adds to subject liberty desire against their overlord.,Additive
,liberty_desire_from_subject_development,none,EU4 liberty from dev - no EU5 equivalent,,,,,Subject,"Modifies the subject liberty desire from development against their overlord (Note: Tooltip is bugged as of 1.29. A modifier of -0.2 shows as ""-0.20%"" when it reduces it by 20%).",Multiplicative
,reduced_liberty_desire,none,EU4 reduced liberty desire - no EU5 equivalent,,,,,Subject,Adds to the liberty desire subjects have against their overlord. Applied to the overlord.,Additive
,reduced_liberty_desire_on_same_continent,none,EU4 reduced LD same continent - no EU5 equivalent,,,,,Subject,Adds to the liberty desire subjects have against their overlord if on the same continent. Applied to the overlord.,Additive
,reduced_liberty_desire_on_other_continent,none,EU4 reduced LD other continent - no EU5 equivalent,,,,,Subject,Adds to the liberty desire subjects have against their overlord if on the other continent. Applied to the overlord.,Additive
,allow_client_states,none,EU4 client state permission - partially matched to allow_subjects,,,,,Subject,Allows a country to create client states.,Constant
,colonial_type_change_cost_modifier,none,EU4 colonial type change - no EU5 equivalent,,,,,Subject,Modifies the cost of changing colonial type.,Multiplicative
,colonial_subject_type_upgrade_cost_modifier,none,EU4 colonial upgrade - no EU5 equivalent,,,,,Subject,Modifies the cost of upgrading colonial subject type.,Multiplicative
,years_to_integrate_personal_union,none,EU4 PU integration years - partially matched to annexation_speed_base,,,,,Subject,Adds to the years it takes to integrate a personal union,Additive
,chance_to_inherit,none,EU4 PU inheritance chance - no EU5 equivalent,,,,,Subject,Modifies the chance to inherit a personal union when ruler dies.,Multiplicative
,monarch_power_tribute,none,EU4 tributary monarch power - no EU5 equivalent,,,,,Subject,Adds to the yearly monarch power tribute a tributary pays to its overlord.,Additive
,tributary_conversion_cost_modifier,none,EU4 tributary conversion - no EU5 equivalent,,,,,Subject,"Modifies the cost of the mandate that is required to turn a tributary into a vassal, which is unlocked via the final reform of the mandate.",Multiplicative
,annexation_relations_impact,none,EU4 annexation relations - no EU5 equivalent,,,,,Subject,Modifies the impact of the relations applied to all subjects when their overlord is annexing a subject. Applied to the overlord.,Multiplicative
,claim_duration,none,EU4 claim duration - no EU5 equivalent,,,,,Espionage,Modifies the duration of claims. (not used in vanilla),Multiplicative
,can_chain_claim,none,EU4 chain claim - no EU5 equivalent,,,,,Espionage,Allows to chain claims,Constant
,discovered_relations_impact,none,EU4 discovered espionage relations - no EU5 equivalent,,,,,Espionage,Modifies the relations impact applied to a country when discovered committing an espionage action.,Multiplicative
,rebel_support_efficiency,none,EU4 rebel support - no EU5 equivalent,,,,,Espionage,Modifies the effectiveness of supported rebels in other countries.,Multiplicative
,can_claim_states,none,EU4 claim states - no EU5 equivalent,,,,,Espionage,Allows to fabricate claims on areas instead of provinces.,Constant
,no_claim_cost_increasement,none,EU4 no claim cost increase - no EU5 equivalent,,,,,Espionage,Removes the additional cost for fabricating a claim if a country already have a claim on the target country.,Constant
,spy_action_cost_modifier,none,EU4 spy action cost - no EU5 equivalent,,,,,Espionage,Modifies the spy network costs of all spy actions.,Multiplicative
,global_missionary_strength,none,EU4 missionary strength - partially matched to building_missionary_effort_modifier,,,,,Religion,Adds to the base missionary strength against all religions.,Additive
,can_not_build_missionaries,none,Already matched to EU5 blocked_from_conversion,,,,,Religion,Forbids a country to convert provinces with missionaries.,Constant
,may_not_convert_territories,none,EU4 no territory conversion - no EU5 equivalent,,,,,Religion,Forbids a country to convert territory provinces with missionaries.,Constant
,missionaries,none,EU4 missionary count - no EU5 equivalent,,,,,Religion,Adds to the base missionary count for a country.,Additive
,missionary_maintenance_cost,none,EU4 missionary maintenance - no EU5 equivalent,,,,,Religion,Modifies the cost of missionary maintenance while converting provinces.,Multiplicative
,religious_unity,none,EU4 religious unity - no EU5 equivalent,,,,,Religion,Adds to the base religious unity value for a country.,Additive
,tolerance_of_heretics_capacity,none,EU4 max heretic tolerance - no EU5 equivalent,,,,,Religion,Adds to the maximum tolerance for heretics within a country.,Additive
,tolerance_of_heathens_capacity,none,EU4 max heathen tolerance - no EU5 equivalent,,,,,Religion,Adds to the maximum tolerance for heathens within a country.,Additive
,papal_influence_from_cardinals,none,EU4 papal influence from cardinals - no EU5 equivalent,,,,,Religion,Modifiers the papal influence gain from holding cardinals.,Multiplicative
,curia_treasury_contribution,none,EU4 curia treasury - no EU5 equivalent,,,,,Religion,Modifies the amount of treasury contribution to the Curia.,Multiplicative
,monthly_church_power,none,EU4 church power - no EU5 equivalent,,,,,Religion,Adds to the monthly gained churchpower,Additive
,church_power_modifier,none,EU4 church power modifier - no EU5 equivalent,,,,,Religion,Modifies the effectiveness of church power gains.,Multiplicative
,monthly_fervor_increase,none,EU4 Reformed fervor - no EU5 equivalent,,,,,Religion,Adds to the rate of fervor gained per month.,Additive
,yearly_patriarch_authority,none,EU4 Orthodox patriarch authority - no EU5 equivalent,,,,,Religion,Adds to the amount of yearly patriarch authority gained.,Additive
,monthly_piety,none,EU4 Muslim piety - no EU5 equivalent (EU5 has monthly_purity but different),,,,,Religion,Adds to the rate of piety gained per month.,Additive
,monthly_piety_accelerator,none,EU4 piety accelerator - no EU5 equivalent,,,,,Religion,Increases the rate of piety gained per month when piety is above zero. Reduces the rate of piety gained per month when piety is below zero.,Additive
,harmonization_speed,none,EU4 Confucian harmonization - no EU5 equivalent (EU5 has monthly_harmony),,,,,Religion,Modifies the rate at which harmonization occurs.,Multiplicative
,monthly_karma_accelerator,none,EU4 karma accelerator - no EU5 equivalent,,,,,Religion,Increases the rate of karma gained per month when karma is above zero. Reduces the rate of karma gained per month when karma is below zero.,Additive
,yearly_doom_reduction,none,EU4 doom reduction - no EU5 equivalent,,,,,Religion,Adds to the yearly reduction rate of doom.,Additive
,yearly_authority,none,EU4 Inti authority - no EU5 equivalent,,,,,Religion,Adds to the rate of Inti authority gained per year.,Additive
,enforce_religion_cost,none,EU4 enforce religion cost - no EU5 equivalent,,,,,Religion,Modifies the war score cost for the Enforce Religion peace term.,Multiplicative
,prestige_per_development_from_conversion,none,EU4 prestige from conversion - no EU5 equivalent,,,,,Religion,Adds to the prestige bonus gained per development when successfully converting a province to a state religion.,Additive
,establish_order_cost,none,EU4 establish order - no EU5 equivalent,,,,,Religion,Modifies the cost for using the ‘Establish Order’ action.,Multiplicative
,global_religious_conversion_resistance,none,EU4 conversion resistance - no EU5 equivalent,,,,,Religion,Adds to conversion resistance from centres of reformation in all provinces.,Multiplicative
,relation_with_same_religion,none,EU4 relation same religion - no EU5 equivalent,,,,,Religion,Adds to this countries opinion towards other countries with the same religion.,Additive
,relation_with_heretics,none,EU4 relation heretics - no EU5 equivalent,,,,,Religion,Adds to this countries opinion towards other countries with heretic religions.,Additive
,relation_with_heathens,none,EU4 relation heathens - no EU5 equivalent,,,,,Religion,Adds to this countries opinion towards other countries with heathen religions.,Additive
,reverse_relation_with_same_religion,none,EU4 reverse relation same religion - no EU5 equivalent,,,,,Religion,Adds to the opinion of OTHER countries with the same religion towards this country.,Additive
,reverse_relation_with_heretic_religion,none,EU4 reverse relation heretic - no EU5 equivalent,,,,,Religion,Adds to the opinion of OTHER countries with heretic religions towards this country.,Additive
,reverse_relation_with_heathen_religion,none,EU4 reverse relation heathen - no EU5 equivalent,,,,,Religion,Adds to the opinion of OTHER countries with heathen religions towards this country.,Additive
,no_religion_penalty,none,EU4 no religion penalty - no EU5 equivalent,,,,,Religion,Removes the penalties associated with negative religious tolerance.,Constant
,extra_manpower_at_religious_war,none,EU4 religious war manpower - no EU5 equivalent,,,,,Religion,Grants an increase in manpower recovery by a factor of 3 during religious wars.,Constant
,can_not_build_colonies,none,Already matched to EU5 can_colonize (inverse),,,,,Colonisation,Forbids the country to form colonies,Constant
,colonists,none,EU4 colonist count - no EU5 equivalent,,,,,Colonisation,Modifies the base colonist count for a country.,Additive
,colonist_placement_chance,none,EU4 colonist placement - partially matched to colonial_migration_size_modifier,,,,,Colonisation,"Adds to the base colonial placement chance for colonists, which is the chance that additional settlers will be spawned while the colonist is present.",Additive
,native_uprising_chance,none,EU4 native uprising - no EU5 equivalent,,,,,Colonisation,Adds to the chance of native uprisings in a colony province.,Multiplicative
,native_assimilation,none,EU4 native assimilation - no EU5 equivalent,,,,,Colonisation,Modifies the bonus from assimilation in colonies. Native assimilation is bonus to goods produced depends on the native population.,Multiplicative
,migration_cost,none,EU4 primitive migration - no EU5 equivalent,,,,,Colonisation,Modifies the cost for the migration action for primitive nations that can migrate.,Multiplicative
,global_tariffs,none,EU4 colonial tariffs - partially matched to subject_pays_colonial_cost_modifier,,,,,Colonisation,Modifies the tariff income from colonial nations.,Multiplicative
,treasure_fleet_income,none,EU4 treasure fleet income - partially matched to treasure_voyage_cargo_size_modifier,,,,,Colonisation,Modifies the income from treasure fleets sent by colonial nations.,Multiplicative
,expel_minorities_cost,none,EU4 expel minorities - no EU5 equivalent,,,,,Colonisation,Modifies the cost of using the ‘Expel Minorities’ action.,Multiplicative
,auto_explore_adjacent_to_colony,none,EU4 auto-explore near colony - no EU5 equivalent,,,,,Colonisation,Grants the abiliy to automatically discover undiscovered provinces adjacent to colonies.,Constant
,may_establish_frontier,none,EU4 Siberian frontier - no EU5 equivalent,,,,,Colonisation,Allows the usage of the Siberian frontier mechanic.,Constant
,free_maintenance_on_expl_conq,none,EU4 free explorer maintenance - no EU5 equivalent,,,,,Colonisation,Removes maintenance cost for explorers and conquisadors.,Constant
,colony_development_boost,none,EU4 colony dev boost - no EU5 equivalent,,,,,Colonisation,"Grants bonus tax, production and manpower on completed colonies.",Additive
,caravan_power,none,EU4 caravan power (inland nodes) - no EU5 equivalent,,,,,Trade,Modifies the bonus trade power inland nodes receive from trade power sources.,Multiplicative
,can_not_send_merchants,none,EU4 merchant send block - no EU5 equivalent,,,,,Trade,Forbids a nations to send merchants to trade nodes,Constant
,merchants,none,EU4 merchant count - no EU5 equivalent,,,,,Trade,Adds to the base merchant count for a country.,Additive
,placed_merchant_power,none,EU4 placed merchant power - no EU5 equivalent,,,,,Trade,Adds to the additional trade power when a merchant present in a trade node.,Additive
,placed_merchant_power_modifier,none,EU4 placed merchant modifier - no EU5 equivalent,,,,,Trade,Modifies the additional trade power when a merchant present in a trade node.,Multiplicative
,global_trade_power,none,EU4 global trade power - partially matched to global_merchant_power,,,,,Trade,Modifies the trade power in all trade nodes for a country.,Multiplicative
,global_foreign_trade_power,none,EU4 foreign trade power - no EU5 equivalent,,,,,Trade,Modifies the trade power for a country in trade nodes that are not domestic.,Multiplicative
,global_own_trade_power,none,EU4 domestic trade power - no EU5 equivalent,,,,,Trade,Modifies the trade power for a country in trade nodes that are domestic.,Multiplicative
,global_prov_trade_power_modifier,none,EU4 province trade power - no EU5 equivalent,,,,,Trade,Modifies the base trade power of owned provinces.,Multiplicative
,global_trade_goods_size_modifier,none,EU4 trade good size modifier - no EU5 equivalent,,,,,Trade,Modifies the base trade good size of owned provinces.,Multiplicative
,global_trade_goods_size,none,EU4 trade good size - no EU5 equivalent,,,,,Trade,Adds to the trade good size in a country,Additive
,trade_efficiency,none,Already matched to EU5 trade_income,,,,,Trade,Modifies a country's trade income. (Maximum is 200%),Multiplicative
,trade_steering,none,EU4 trade steering - no EU5 equivalent,,,,,Trade,"Modifies the bonus to trade power used for steering when determining which outgoing node trade is steered to. If you have a merchant present, it also slightly increases the outgoing value.",Multiplicative
,global_ship_trade_power,none,EU4 ship trade power - no EU5 equivalent,,,,,Trade,Modifies the trade power ships grant when protecting trade.,Multiplicative
,privateer_efficiency,none,EU4 privateer efficiency - no EU5 equivalent,,,,,Trade,Modifies the effectiveness of privateers in a trade node.,Multiplicative
,embargo_efficiency,none,EU4 embargo efficiency - no EU5 equivalent,,,,,Trade,Modifies the effectiveness of embargoing another country.,Multiplicative
,ship_power_propagation,none,EU4 trade power propagation - no EU5 equivalent,,,,,Trade,Modifies the propagation of trade power from ships protecting trade.,Multiplicative
,center_of_trade_upgrade_cost,none,EU4 CoT upgrade cost - no EU5 equivalent,,,,,Trade,Modifies the cost of upgrading a center of trade in a province.,Multiplicative
,trade_company_investment_cost,none,EU4 TC investment - no EU5 equivalent,,,,,Trade,Modifies the cost of purchasing a trade company investment in a state.,Multiplicative
,mercantilism_cost,none,EU4 mercantilism - no EU5 equivalent,,,,,Trade,Modifies the cost of the ‘Boost Mercantilism’ action.,Multiplicative
,reduced_trade_penalty_on_non_main_tradenode,none,EU4 non-main node trade - no EU5 equivalent,,,,,Trade,Modifies the trade power penalty from collecting in your non-main trade nodes.,Multiplicative
,<tech>_cost_modifier,none,EU4 specific tech cost - no EU5 equivalent (EU5 uses research_speed),,,,,Technology,Modifies the monarch power cost of <tech> technologies. Generated automatically for all technology tables in /Europa Universalis IV/common/technology.txt.,Multiplicative
,technology_cost,none,EU4 all tech cost - partially matched to research_speed_modifier,,,,,Technology,Modifies the monarch power cost of all technologies.,Multiplicative
,embracement_cost,none,Already matched to EU5 absorb_institutions_cost_modifier & embrace_institution_cost_modifier,,,,,Technology,Modifies the ducat cost for embracing an institution.,Multiplicative
,global_institution_spread,none,Already matched to EU5 global_institution_growth_modifier,,,,,Technology,Modifies the rate of spread for institutions in all owned provinces.,Multiplicative
,ae_impact,none,Already matched to EU5 aggressiveness_modifier,,,,,Diplomacy,Modifies the total size of aggressive expansion gained during actions that confer it.,Multiplicative
