tag,name,file,culture,religion
SWE,,_scandinavia.txt,swedish,catholic
DAN,,_scandinavia.txt,danish,catholic
SKE,,_scandinavia.txt,danish,catholic
NOR,,_scandinavia.txt,norwegian,catholic
FIN,,_scandinavia.txt,finnish,catholic
BJA,,_scandinavia.txt,bjarmian,orthodox
#TAV,,_scandinavia.txt,tavastian,muinaisusko
#KVE,,_scandinavia.txt,kvens,muinaisusko
#SVO,,_scandinavia.txt,savonian,muinaisusko
ICE,,_scandinavia.txt,icelandic,catholic
GRL,,_scandinavia.txt,icelandic,catholic
#SMI,,_scandinavia.txt,sapmi,sapmi_shamanism
AHI,,anatolia.txt,turkish_culture,shia
ALY,,anatolia.txt,turkish_culture,sunni
ATQ,,anatolia.txt,syriac_culture,nestorianism
AYD,,anatolia.txt,turkish_culture,sunni
BFR,,anatolia.txt,turkoman_culture,sunni
CIL,,anatolia.txt,armenian_culture,miaphysite
CND,,anatolia.txt,turkish_culture,sunni
CYP,,anatolia.txt,poitevin,catholic
DIL,,anatolia.txt,turkish_culture,sunni
DUL,,anatolia.txt,turkish_culture,shia
ERE,,anatolia.txt,turkish_culture,sunni
GRM,,anatolia.txt,turkish_culture,sunni
HMD,,anatolia.txt,turkish_culture,sunni
HCI,,anatolia.txt,turkoman_culture,sunni
HSN,,anatolia.txt,kurdish_culture,sunni
INA,,anatolia.txt,turkish_culture,sunni
KAR,,anatolia.txt,turkish_culture,sunni
KBD,,anatolia.txt,turkish_culture,sunni
KRD,,anatolia.txt,turkish_culture,sunni
MEN,,anatolia.txt,turkish_culture,sunni
SHP,,anatolia.txt,turkish_culture,sunni
SRU,,anatolia.txt,turkish_culture,sunni
SUT,,anatolia.txt,mongolian_culture,sunni
TDJ,,anatolia.txt,turkish_culture,sunni
TEK,,anatolia.txt,turkish_culture,sunni
TRE,,anatolia.txt,pontic_greek_culture,orthodox
TUR,,anatolia.txt,turkish_culture,sunni
BHT,,anatolia.txt,kurdish_culture,yazidism
BIN,,anatolia.txt,kurdish_culture,sunni
BIT,,anatolia.txt,kurdish_culture,sunni
CEM,,anatolia.txt,kurdish_culture,sunni
DSN,,anatolia.txt,kurdish_culture,yazidism
DMB,,anatolia.txt,kurdish_culture,yazidism
EGL,,anatolia.txt,kurdish_culture,sunni
HKK,,anatolia.txt,kurdish_culture,sunni
HZN,,anatolia.txt,kurdish_culture,sunni
HZR,,anatolia.txt,kurdish_culture,sunni
JLM,,anatolia.txt,kurdish_culture,sunni
MZJ,,anatolia.txt,kurdish_culture,sunni
MUS,,anatolia.txt,kurdish_culture,sunni
SOH,,anatolia.txt,kurdish_culture,sunni
ZRQ,,anatolia.txt,kurdish_culture,sunni
ZZR,,anatolia.txt,kurdish_culture,sunni
KIL,,anatolia.txt,kurdish_culture,sunni
TVS,,anatolia.txt,turkish_culture,sunni
#QTO,Quito,andes.txt,quitu_culture,pi_religion
CHM,,andes.txt,chimu_culture,inti
XLL,,andes.txt,xllang_culture,naylamp_religion
CYA,,andes.txt,sacha_p_qulla_culture,inti
#TLN,Tallan,andes.txt,tallan_culture,pi_religion
ICM,,andes.txt,ychsma_culture,inti
#WAN,Wanka,andes.txt,wanka_culture,inti
HNK,,andes.txt,chanka_culture,chanka_religion
URC,,andes.txt,chanka_culture,chanka_religion
CIC,,andes.txt,chincha_culture,chincha_religion
CSU,,andes.txt,inka_culture,inti
AYA,,andes.txt,wari_culture,inti
PIG,,andes.txt,wari_culture,inti
PCJ,,andes.txt,aimara_culture,inti
LUP,,andes.txt,aimara_culture,inti
#OMG,Omaguaca,andes.txt,omaguaca_culture,cebil_religion
CAV,,andes.txt,palta_culture,pi_religion
MLT,,andes.txt,palta_culture,pi_religion
GRR,,andes.txt,palta_culture,pi_religion
#MNT,Manta,andes.txt,manta_culture,umina_religion
#GCV,Guancavilca,andes.txt,guancavilca_culture,umina_religion
#BBA,Baba,andes.txt,guancavilca_culture,umina_religion
#SLL,Shabalula,andes.txt,kanari_culture,pi_religion
#HKR,Hatun Kañar,andes.txt,kanari_culture,pi_religion
#CAX,Cara,andes.txt,cara_culture,pi_religion
#PUU,Puruhá,andes.txt,puruha_culture,pi_religion
CRA,,andes.txt,charka_culture,mororuma_religion
KNA,,andes.txt,aimara_culture,inti
KRK,,andes.txt,aimara_culture,inti
QUL,,andes.txt,aimara_culture,inti
SUR,,andes.txt,aimara_culture,inti
#PUK,Pukamuru,andes.txt,pukamuru_culture,arutam_religion
#BAG,Bagua,andes.txt,bagua_culture,arutam_religion
HCH,,andes.txt,wari_culture,inti
CUI,,andes.txt,wari_culture,inti
#HUA,Huaylas,andes.txt,huayla_culture,naylamp_religion
#XAU,Xauxa,andes.txt,xauxa_culture,inti
#CSA,Casma,andes.txt,casma_culture,inti
CLQ,,andes.txt,collique_culture,naylamp_religion
NTA,,andes.txt,canta_culture,naylamp_religion
#ATV,Atavillos,andes.txt,atavillos_culture,naylamp_religion
#YAW,Yawyu,andes.txt,yawyu_culture,naylamp_religion
#CCY,Chancay,andes.txt,chancay_culture,naylamp_religion
#HPP,Huancapampa,andes.txt,huancapampa_culture,arutam_religion
#HCR,Huacrachuco,andes.txt,wari_culture,inti
HRC,,andes.txt,huarco_culture,chincha_religion
SRA,,andes.txt,wari_culture,inti
MYM,,andes.txt,wari_culture,inti
PCR,,andes.txt,wari_culture,inti
PCO,,andes.txt,wari_culture,inti
ANI,,andes.txt,wari_culture,inti
CHJ,,andes.txt,churajon_culture,inti
#CBY,Chiribaya,andes.txt,chiribaya_culture,inti
CNC,,andes.txt,wari_culture,inti
#LLG,Collagua,andes.txt,aimara_culture,inti
#AMN,Camana,andes.txt,wari_culture,inti
UMA,,andes.txt,aimara_culture,inti
#QQH,Qhara Qhara,andes.txt,qhara_qhara_culture,cebil_religion
#CCT,Ccantumarcani,andes.txt,chicha_culture,cebil_religion
#TUP,Tupiza,andes.txt,chicha_culture,cebil_religion
#CHW,Chuwi,andes.txt,chuwi_culture,mororuma_religion
#KWY,Kallawaya,andes.txt,kallawaya_culture,pava_religion
#KLL,Killaka,andes.txt,killaka_culture,inti
KKE,,andes.txt,killke_culture,inti
#CNO,,andes.txt,chono_culture,umina_religion
#BAU,,andes.txt,baure_culture,zemi_religion
#ALC,,andes.txt,warpe_culture,yastay_religion
#MYC,,andes.txt,warpe_culture,yastay_religion
#PHE,,andes.txt,pikumche_culture,tain_feyentun_religion
#CPU,,andes.txt,pazioca_culture,yastay_religion
#CYC,,andes.txt,pazioca_culture,yastay_religion
#CCH,,andes.txt,pazioca_culture,yastay_religion
#QIM,,andes.txt,pazioca_culture,yastay_religion
#QTR,,andes.txt,licanantay_culture,cebil_religion
YEM,Yemen,arabia.txt,yemeni_culture,sunni
JRW,Jarwanids,arabia.txt,bahrani_culture,shia
OMA,Oman,arabia.txt,omani_culture,ibadi
MEC,Mecca,arabia.txt,hijazi_culture,shia
SHM,Shammar,arabia.txt,najdi_culture,sunni
ANZ,Anizah,arabia.txt,najdi_culture,sunni
#SKH,Sakher,arabia.txt,najdi_culture,sunni
#HWT,Huwaitat,arabia.txt,najdi_culture,sunni
#DFR,Al-Dhafeer,arabia.txt,najdi_culture,sunni
#AWZ,Al-Awazem,arabia.txt,najdi_culture,sunni
#BLL,Bali tribe,arabia.txt,najdi_culture,sunni
HUT,Hutaym,arabia.txt,najdi_culture,sunni
HRB,Harb,arabia.txt,hijazi_culture,sunni
MUT,Mutayr,arabia.txt,najdi_culture,sunni
#JUH,Juhaynah,arabia.txt,najdi_culture,sunni
UTB,Utaybah,arabia.txt,hijazi_culture,sunni
DWS,Dawasir,arabia.txt,najdi_culture,sunni
QHT,Qahtan,arabia.txt,yemeni_culture,shia
SBY,Subay,arabia.txt,hijazi_culture,shia
MRH,Al Murrah,arabia.txt,najdi_culture,sunni
YAM,Yam,arabia.txt,yemeni_culture,shia
YAS,Yas,arabia.txt,kaliji_culture,sunni
#GMD,Ghamd,arabia.txt,najdi_culture,sunni
#ZHR,Zahran,arabia.txt,najdi_culture,sunni
MDA,Medina,arabia.txt,hijazi_culture,shia
KLB,Banu Kilab,arabia.txt,najdi_culture,sunni
AAD,Al A'idh,arabia.txt,najdi_culture,sunni
BNL,Banu Lam,arabia.txt,najdi_culture,sunni
AZF,Al-Zafir,arabia.txt,najdi_culture,sunni
ZIB,Zi'b,arabia.txt,najdi_culture,sunni
DHF,Dhofar,arabia.txt,dhofari_culture,sunni
#ACX,Acaxee,aridoamerica.txt,acaxee_culture,cahita_religion
#COP,Cocopa,aridoamerica.txt,cocopa_culture,yuman_religion
#GUC,Guachichil,aridoamerica.txt,guachichil_culture,chichimecah_religion
#YRM,Mayo (Yoreme),aridoamerica.txt,mayo_culture,cahita_religion
#EUD,Eudeve,aridoamerica.txt,opata_culture,cahita_religion
#TGU,Tegüis,aridoamerica.txt,opata_culture,cahita_religion
#JOV,Jovas,aridoamerica.txt,opata_culture,cahita_religion
#TEG,Tegüima,aridoamerica.txt,opata_culture,cahita_religion
#CNH,Caüinachis,aridoamerica.txt,opata_culture,cahita_religion
#PIM,Akimel o'odham (Upper Pima/River Pima),aridoamerica.txt,pima_culture,cahita_religion
#HHK,Hohokam,aridoamerica.txt,hohokam_culture,cahita_religion
#SOB,Sobaipuri (Upper Pima),aridoamerica.txt,pima_culture,cahita_religion
#TOO,Tohono O'odham (Upper Pima/Desert Pima),aridoamerica.txt,pima_culture,cahita_religion
#OOB,O'ob (Lower Pima),aridoamerica.txt,pima_culture,cahita_religion
#RAR,Rarámuri,aridoamerica.txt,raramuri_culture,cahita_religion
#YAQ,Yaqui (Yoreme),aridoamerica.txt,yaqui_culture,cahita_religion
#HOP,Hopi,aridoamerica.txt,hopi_culture,kachina_religion
#DNE,Diné,aridoamerica.txt,dine_culture,dene_shamanism
#ZNI,Zuni,aridoamerica.txt,zuni_culture,kachina_religion
TEY,,aridoamerica.txt,tanoan_culture,kachina_religion
ISL,,aridoamerica.txt,keres_culture,kachina_religion
ACO,,aridoamerica.txt,keres_culture,kachina_religion
KER,,aridoamerica.txt,keres_culture,kachina_religion
TNN,,aridoamerica.txt,tanoan_culture,kachina_religion
TAO,,aridoamerica.txt,tanoan_culture,kachina_religion
TST,,aridoamerica.txt,tanoan_culture,kachina_religion
OHK,,aridoamerica.txt,tanoan_culture,kachina_religion
#TTR,Totorame,aridoamerica.txt,totorame_culture,nahuatl
#XIX,Xixime,aridoamerica.txt,xixime_culture,cahita_religion
#TAE,Tahue,aridoamerica.txt,tahue_culture,cahita_religion
#GUV,Guasave,aridoamerica.txt,guasave_culture,guasave_religion
#TPH,Tepehuan,aridoamerica.txt,tepehuan_culture,tepehuan_religion
#XUM,Xumanos,aridoamerica.txt,xumani_culture,kachina_religion
#TML,Tamauliteco,aridoamerica.txt,tamauliteco_culture,coahuilteco_religion
#KIH,K'itaish,aridoamerica.txt,kitsai_culture,mississippian_ceremonial
#HTS,,aridoamerica.txt,ancestral_pueblo_culture,kachina_religion
#NUW,,aridoamerica.txt,nuwuvi_culture,paiute_shamanism
#NWV,,aridoamerica.txt,nuwuvu_culture,paiute_shamanism
LIV,,baltics.txt,german_baltic,catholic
TEU,,baltics.txt,prussian,catholic
ERM,,baltics.txt,prussian,catholic
CHL,,baltics.txt,prussian,catholic
PMS,,baltics.txt,prussian,catholic
SMD,,baltics.txt,prussian,catholic
BIO,,baltics.txt,german_baltic,catholic
KUR,,baltics.txt,german_baltic,catholic
BID,,baltics.txt,german_baltic,catholic
RIG,,baltics.txt,german_baltic,catholic
ARR,,baltics.txt,liv,catholic
#KRL,,baltics.txt,karelian,muinaisusko
LIT,,baltics.txt,aukstaitian,romuva
SXM,,baltics.txt,samogitian,romuva
SGN,Sonargaon,bengal.txt,bengali,sunni
GAU,Gaur,bengal.txt,bengali,sunni
STN,Saptagram,bengal.txt,bengali,sunni
AHO,Ahom,bengal.txt,tai_nua_culture,satsana_phi
KMA,Kamata,bengal.txt,kamarupi,hindu
DIM,Dimasa,bengal.txt,dimasa_culture,dimasa_religion
TWI,Twipra,bengal.txt,tripuri_culture,hindu
CUT,Chutia,bengal.txt,chutia_culture,chutia_religion
JNT,Jaintia,bengal.txt,khasi_culture,hindu
TRF,Taraf,bengal.txt,bengali,sunni
LUR,Laur,bengal.txt,bengali,hindu
BHP,Mallabhum/Bishnupur,bengal.txt,bengali,hindu
CER,Chero,bengal.txt,bhojpuri_culture,hindu
UJJ,Ujjainiya,bengal.txt,bhojpuri_culture,hindu
RKS,Raksel,bengal.txt,nagpuri_culture,hindu
ONW,Oiniwar,bengal.txt,maithili_culture,hindu
KKR,Khokhra,bengal.txt,nagpuri_culture,hindu
GWL,Garhwal,bengal.txt,garhwali,hindu
KHS,Khasa,bengal.txt,khas_culture,hindu
KMN,Kumaon,bengal.txt,kumaoni,hindu
KTU,Kathmandu,bengal.txt,newar_culture,tibetan_buddhism
DTI,Doti,bengal.txt,kumaoni,hindu
SRM,Nahan/Sirmur,bengal.txt,garhwali,hindu
JBL,Jubbal,bengal.txt,kangri,hindu
LWA,Limbuwan,bengal.txt,limbu_culture,hindu
CDD,Chaundandi,bengal.txt,newar_culture,hindu
DGL,Maldives,bengal.txt,dhivehi_culture,sunni
#KUI,Kuikuro,brasil.txt,kuikuro_culture,akinha_ekugu_religion
#MRJ,Marajoara,brasil.txt,marajo_culture,doi_wahire_religion
#TPA,Tupinamba,brasil.txt,tupinamba_culture,namandu_religion
#TPQ,Tupiniquim,brasil.txt,tupiniquim_culture,namandu_religion
#CRJ,,brasil.txt,kaxixo_culture,tunpa_religion
#NDV,,brasil.txt,ava_culture,tunpa_religion
#KIO,,brasil.txt,ava_culture,tunpa_religion
#XTA,,brasil.txt,xeta_culture,namandu_religion
#AVA,,brasil.txt,ava_culture,tunpa_religion
#GCZ,,brasil.txt,guaitaka_culture,doi_wahire_religion
#AIM,,brasil.txt,kren_culture,doi_wahire_religion
#KRR,,brasil.txt,kiriri_culture,jurema_religion
#CAE,,brasil.txt,kaete_culture,namandu_religion
#SUC,,brasil.txt,tarairiu_culture,jurema_religion
#POT,,brasil.txt,potiguara_culture,namandu_religion
ENG,,british_isles.txt,english,catholic
SCO,,british_isles.txt,scottish,catholic
SBL,,british_isles.txt,scottish,catholic
CLA,,british_isles.txt,irish,catholic
CLR,,british_isles.txt,anglo_irish,catholic
CWM,,british_isles.txt,anglo_irish,catholic
ULS,,british_isles.txt,anglo_irish,catholic
ORD,Ormond,british_isles.txt,anglo_irish,catholic
DMS,Desmond,british_isles.txt,anglo_irish,catholic
KID,Kildare,british_isles.txt,anglo_irish,catholic
BEA,Beare,british_isles.txt,irish,catholic
CMA,,british_isles.txt,irish,catholic
UMH,,british_isles.txt,irish,catholic
OSS,,british_isles.txt,irish,catholic
MCM,,british_isles.txt,irish,catholic
OIL,,british_isles.txt,irish,catholic
AMA,,british_isles.txt,irish,catholic
DHM,,british_isles.txt,northumbrian,catholic
CET,,british_isles.txt,english,catholic
LAN,,british_isles.txt,northumbrian,catholic
CNN,,british_isles.txt,irish,catholic
MTH,,british_isles.txt,irish,catholic
ANN,,british_isles.txt,irish,catholic
PLE,,british_isles.txt,anglo_irish,catholic
WLS,,british_isles.txt,welsh,catholic
TYR,,british_isles.txt,irish,catholic
AMH,,british_isles.txt,irish,catholic
INI,,british_isles.txt,irish,catholic
LEI,,british_isles.txt,irish,catholic
TRY,,british_isles.txt,irish,catholic
KEE,,british_isles.txt,irish,catholic
GLS,,british_isles.txt,scottish,catholic
IVG,,british_isles.txt,irish,catholic
HYM,,british_isles.txt,irish,catholic
IMA,,british_isles.txt,irish,catholic
DCI,,british_isles.txt,anglo_irish,catholic
TGH,Tireragh,british_isles.txt,irish,catholic
ELY,Ely,british_isles.txt,irish,catholic
FCL,Firceall,british_isles.txt,irish,catholic
LOI,,british_isles.txt,norse_gael,catholic
FMA,,british_isles.txt,irish,catholic
BFN,,british_isles.txt,irish,catholic
CVN,,british_isles.txt,irish,catholic
MYO,,british_isles.txt,anglo_irish,catholic
THO,,british_isles.txt,irish,catholic
SLN,,british_isles.txt,irish,catholic
FLY,,british_isles.txt,irish,catholic
CRN,,british_isles.txt,cornish,catholic
GWR,,british_isles.txt,welsh,catholic
GMG,,british_isles.txt,welsh,catholic
MAC,,british_isles.txt,welsh,catholic
AUD,,british_isles.txt,welsh,catholic
BRO,,british_isles.txt,welsh,catholic
POS,,british_isles.txt,welsh,catholic
EWY,,british_isles.txt,welsh,catholic
CMS,,british_isles.txt,welsh,catholic
PMB,,british_isles.txt,welsh,catholic
DEN,,british_isles.txt,welsh,catholic
GDD,,british_isles.txt,welsh,catholic
PWS,,british_isles.txt,welsh,catholic
DHB,,british_isles.txt,welsh,catholic
MWG,,british_isles.txt,welsh,catholic
BCN,,british_isles.txt,welsh,catholic
GWT,,british_isles.txt,welsh,catholic
MNN,,british_isles.txt,norse_gael,catholic
ORK,,british_isles.txt,norn_culture,catholic
MOY,,british_isles.txt,scottish,catholic
ROS,,british_isles.txt,highland,catholic
NOL,,british_isles.txt,northumbrian,catholic
GLY,,british_isles.txt,norse_gael,catholic
#TRT,,canadian.txt,taontaenrat_culture,iroquoian_totemism
#AGW,,canadian.txt,attignawantan_culture,iroquoian_totemism
#ARN,,canadian.txt,arendaronon_culture,iroquoian_totemism
#ATG,,canadian.txt,attigneenongnahac_culture,iroquoian_totemism
#ATC,,canadian.txt,ataronchronon_culture,iroquoian_totemism
#ADR,,canadian.txt,aondironon_culture,iroquoian_totemism
#ONG,,canadian.txt,onghniaahra_culture,iroquoian_totemism
#TIO,,canadian.txt,tionontate_culture,iroquoian_totemism
#OSG,,canadian.txt,osheaga_culture,iroquoian_totemism
#MAS,,canadian.txt,maisouna_culture,iroquoian_totemism
#STD,,canadian.txt,stadaconan_culture,iroquoian_totemism
#AGJ,,canadian.txt,agojuda_culture,iroquoian_totemism
#SOK,,canadian.txt,western_abenaki_culture,midewiwin_religion
#PNS,,canadian.txt,eastern_abenaki_culture,midewiwin_religion
#MLS,,canadian.txt,wolastoqiyik_culture,midewiwin_religion
#AKW,,canadian.txt,atikamekw_culture,midewiwin_religion
#TMG,,canadian.txt,timiscaming_culture,midewiwin_religion
#ABT,,canadian.txt,abitibi_culture,midewiwin_religion
#OJI,,canadian.txt,ojibwe_culture,midewiwin_religion
#ODW,,canadian.txt,odawa_culture,midewiwin_religion
#NPS,,canadian.txt,nipissing_culture,midewiwin_religion
#MSG,,canadian.txt,missisage_culture,midewiwin_religion
#MIK,,canadian.txt,mikmaq_culture,midewiwin_religion
#PEN,,canadian.txt,penobscot_culture,midewiwin_religion
#PQD,,canadian.txt,passamaquoddy_culture,midewiwin_religion
#WSK,,canadian.txt,weskarini_culture,midewiwin_religion
#KSP,,canadian.txt,kichesipirini_culture,midewiwin_religion
HUN,,carpathia.txt,hungarian,catholic
WAL,,carpathia.txt,wallachian,orthodox
MOL,,carpathia.txt,moldovan,orthodox
BIA,,carpathia.txt,moldovan,orthodox
BLD,,carpathia.txt,moldovan,orthodox
HTN,,carpathia.txt,moldovan,orthodox
HSC,,carpathia.txt,moldovan,orthodox
IAS,,carpathia.txt,moldovan,orthodox
SRC,,carpathia.txt,moldovan,orthodox
SSI,,carpathia.txt,moldovan,orthodox
TRA,,carpathia.txt,hungarian,catholic
GEO,Georgia,caucasus.txt,georgian_culture,orthodox
AAI,Alastani,caucasus.txt,georgian_culture,orthodox
IME,Imereti,caucasus.txt,georgian_culture,orthodox
SME,Samtskhe,caucasus.txt,georgian_culture,orthodox
SRV,Shirvan,caucasus.txt,adhari_culture,sunni
AVR,Avaria,caucasus.txt,avar_culture,sunni
TRK,Shamkhalate of Tarki,caucasus.txt,kumyk_culture,sunni
ARM,Armenia,caucasus.txt,armenian_culture,miaphysite
AMB,Amberd,caucasus.txt,armenian_culture,miaphysite
VDZ,Vayots Dzor,caucasus.txt,armenian_culture,miaphysite
CIR,Circassia,caucasus.txt,circassian_culture,orthodox
CPA,Copa,caucasus.txt,circassian_culture,orthodox
HTY,Hatukay,caucasus.txt,circassian_culture,orthodox
HYT,Hytuk,caucasus.txt,circassian_culture,orthodox
KDA,Kabardia,caucasus.txt,circassian_culture,orthodox
KIP,Kipike,caucasus.txt,circassian_culture,orthodox
TEM,Temirgoy,caucasus.txt,circassian_culture,orthodox
SKI,Shaki,caucasus.txt,lezgin_culture,sunni
KCN,Khachen,caucasus.txt,armenian_culture,miaphysite
SYU,Syunik,caucasus.txt,armenian_culture,miaphysite
ALN,Alania,caucasus.txt,alan_culture,orthodox
DZK,Durdzuketia,caucasus.txt,nakh_culture,vainakh_paganism
SMS,Simsir,caucasus.txt,nakh_culture,orthodox
KAI,Kaitag,caucasus.txt,dargin_culture,orthodox
LEK,Lekhia,caucasus.txt,lezgin_culture,lezgin_paganism
RUT,Rutul,caucasus.txt,lezgin_culture,lezgin_paganism
TBA,Tabasaran,caucasus.txt,lezgin_culture,lezgin_paganism
ABRIN,Yerezrum,caucasus.txt,armenian_culture,miaphysite
#HAA,,central_north_america.txt,haaninin_culture,midewiwin_religion
#ASH,,central_north_america.txt,ashalaho_culture,great_plains_shamanism
#ASP,,central_north_america.txt,ashshipite_culture,great_plains_shamanism
#KTK,kitikitish,central_north_america.txt,kitikitish_culture,great_plains_shamanism
#TVY,taovaya,central_north_america.txt,taovaya_culture,great_plains_shamanism
#PTW,pitahwarita,central_north_america.txt,pitahwarita_culture,great_plains_shamanism
#KIA,kitkehaki,central_north_america.txt,kitkehaki_culture,great_plains_shamanism
#SII,Skiri,central_north_america.txt,skiri_culture,great_plains_shamanism
#TSW,tsawi,central_north_america.txt,tsawi_culture,great_plains_shamanism
#SHH,sahnish,central_north_america.txt,sahnish_culture,great_plains_shamanism
#NUE,nueta,central_north_america.txt,nueta_culture,great_plains_shamanism
#HIR,hiraaca,central_north_america.txt,hiraaca_culture,great_plains_shamanism
#PCH,pacaha,central_north_america.txt,tunica_culture,mississippian_ceremonial
#CSQ,casqui,central_north_america.txt,yazoo_culture,mississippian_ceremonial
#ANL,anilco,central_north_america.txt,tiou_culture,mississippian_ceremonial
#COL,coligua,central_north_america.txt,koroa_culture,mississippian_ceremonial
#CYS,cayas,central_north_america.txt,cayas_culture,mississippian_ceremonial
#CTI,chitimacha,central_north_america.txt,chitimacha_culture,mississippian_ceremonial
#BYG,bayagoula,central_north_america.txt,bayagoula_culture,mississippian_ceremonial
#NST,nashitush,central_north_america.txt,caddo_culture,mississippian_ceremonial
#AVY,avoyel,central_north_america.txt,avoyel_culture,mississippian_ceremonial
#KDW,kadawdaachuh,central_north_america.txt,caddo_culture,mississippian_ceremonial
#TUA,Tula,central_north_america.txt,tula_culture,mississippian_ceremonial
#ISH,,central_north_america.txt,atakapa_culture,atakapa_religion
#QMG,,central_north_america.txt,quasmigdo_culture,atakapa_religion
#TWK,,central_north_america.txt,tawakoni_culture,mississippian_ceremonial
#CAD,Caddo,central_north_america.txt,caddo_culture,mississippian_ceremonial
#HNO,,central_north_america.txt,hinonoeino_culture,midewiwin_religion
#NWN,,central_north_america.txt,nanwuinenan_culture,midewiwin_religion
#NDA,,central_north_america.txt,nakoda_culture,great_plains_shamanism
#LKT,,central_north_america.txt,lahkota_culture,great_plains_shamanism
#IKW,,central_north_america.txt,ithanktunwanna_culture,great_plains_shamanism
#IUW,,central_north_america.txt,ithanktunwan_culture,great_plains_shamanism
#NCH,,central_north_america.txt,niuachi_culture,mississippian_ceremonial
#NKW,,central_north_america.txt,nakawe_culture,midewiwin_religion
#TTS,,central_north_america.txt,tsetsehesahese_culture,midewiwin_religion
#SOO,,central_north_america.txt,sotaeoo_culture,midewiwin_religion
#BKT,,central_north_america.txt,bdewekhantunwan_culture,mississippian_ceremonial
#STW,,central_north_america.txt,sisithunwan_culture,mississippian_ceremonial
#WKH,,central_north_america.txt,wahpekhute_culture,mississippian_ceremonial
#WPW,,central_north_america.txt,wahpetunwan_culture,mississippian_ceremonial
#WGH,,central_north_america.txt,waghtochtatta_culture,mississippian_ceremonial
KUS,,centralamerica.txt,pipil_culture,nahuatl
QUA,,centralamerica.txt,pipil_culture,nahuatl
#LNC,Lenca,centralamerica.txt,lenca_culture,lenca_religion
#XIN,Xinca,centralamerica.txt,xinka_culture,mayan
#GAR,Garabito,centralamerica.txt,huetar_culture,wan_aisa_religion
#GUO,Guarco,centralamerica.txt,huetar_culture,wan_aisa_religion
#PAC,Pacaca,centralamerica.txt,huetar_culture,wan_aisa_religion
#NEK,Nekok Yaotl,centralamerica.txt,chorotega_culture,mesoamerican
#CTO,Coto,centralamerica.txt,boruca_culture,suwo_religion
#TRC,Tariaca,centralamerica.txt,huetar_culture,wan_aisa_religion
#CBC,Cabecar,centralamerica.txt,cabecar_culture,suwo_religion
#MOX,Moxo,chaco.txt,moxo_culture,zemi_religion
#MPC,Mapuche,chaco.txt,mapuche_culture,tain_feyentun_religion
#CUA,Charrua,chaco.txt,charrua_culture,tunpa_religion
TAI,,colombia.txt,tayrona_culture,naoma_religion
ZIP,,colombia.txt,muisca_culture,muisca_religion
ZAQ,,colombia.txt,muisca_culture,muisca_religion
#ZEN,Zenú,colombia.txt,sinu_culture,sinu_religion
#QBY,Quimbaya,colombia.txt,quimbaya_culture,zemi_religion
#GYP,Guayupe,colombia.txt,guayupe_culture,muisca_religion
#CMG,Cumanagoto,colombia.txt,cumanagoto_culture,zemi_religion
#PMN,Pemon,colombia.txt,pemon_culture,zemi_religion
#CUC,Cuica,colombia.txt,cuicas_culture,muisca_religion
#TTY,Tatuy,colombia.txt,tatuy_culture,muisca_religion
#THM,Tahamíes,colombia.txt,tahami_culture,chibcha_religion
#NUT,Nutabes,colombia.txt,nutabe_culture,chibcha_religion
#PIJ,Pijao,colombia.txt,pijao_culture,nacuco_religion
#COY,Coyaima,colombia.txt,pijao_culture,nacuco_religion
#TAM,Tama,colombia.txt,tama_culture,yage_religion
#CIM,Calima,colombia.txt,calima_culture,chibcha_religion
#PUB,Puben,colombia.txt,puben_culture,chibcha_religion
#CML,Chimila,colombia.txt,ette_ennaka_culture,chibcha_religion
#TNO,,colombia.txt,taino_culture,zemi_religion
#MAE,,colombia.txt,taino_culture,zemi_religion
#MGU,,colombia.txt,taino_culture,zemi_religion
#JRG,,colombia.txt,taino_culture,zemi_religion
#HGY,,colombia.txt,taino_culture,zemi_religion
#GAY,,colombia.txt,taino_culture,zemi_religion
#BRK,,colombia.txt,taino_culture,zemi_religion
#CBO,,colombia.txt,ciboney,zemi_religion
#LCY,,colombia.txt,lucayo,zemi_religion
#MCX,,colombia.txt,macorix_culture,zemi_religion
#CGY,,colombia.txt,ciguayo_culture,zemi_religion
#IGR,,colombia.txt,igneri,zemi_religion
#KGN,,colombia.txt,carib,zemi_religion
AAL,,crescent.txt,najdi_culture,sunni
AMR,,crescent.txt,najdi_culture,sunni
DGE,,crescent.txt,turkoman_culture,sunni
FDL,,crescent.txt,najdi_culture,sunni
JAL,,crescent.txt,mongolian_culture,sunni
HLL,,crescent.txt,hijazi_culture,shia
KOJ,,crescent.txt,french,catholic
ARD,,crescent.txt,kurdish_culture,sunni
ATZ,,crescent.txt,armenian_culture,miaphysite
DML,,crescent.txt,kurdish_culture,yazidism
HBN,,crescent.txt,kurdish_culture,sunni
HDR,,crescent.txt,kurdish_culture,sunni
HNY,,crescent.txt,kurdish_culture,sunni
IHB,,crescent.txt,talysh_culture,shia
KLR,,crescent.txt,kurdish_culture,sunni
KTW,,crescent.txt,kurdish_culture,sunni
KEL,,crescent.txt,kurdish_culture,sunni
KKL,,crescent.txt,adhari_culture,sunni
KRI,,crescent.txt,kurdish_culture,sunni
MKW,,crescent.txt,kurdish_culture,sunni
RKL,,crescent.txt,kurdish_culture,sunni
SLI,,crescent.txt,kurdish_culture,sunni
SYY,,crescent.txt,kurdish_culture,sunni
ZBR,,crescent.txt,kurdish_culture,sunni
AQQ,,crescent.txt,azeri_culture,sunni
QAR,,crescent.txt,azeri_culture,sunni
ABALP,,crescent.txt,syriac_culture,orthodox
ABQUD,,crescent.txt,levantine_culture,sunni
ABLEB,,crescent.txt,syriac_culture,catholic
ABDMQ,,crescent.txt,levantine_culture,sunni
ABLTK,,crescent.txt,alawite_culture,shia
ABGEG,,crescent.txt,kurdish_culture,sunni
ABDZZ,,crescent.txt,iraqi_culture,sunni
ABTDM,,crescent.txt,levantine_culture,sunni
ABABR,,crescent.txt,iraqi_culture,sunni
ABTBU,,crescent.txt,hijazi_culture,sunni
ZAN,,east_africa.txt,swahili_culture,sunni
PTE,,east_africa.txt,yemeni_culture,sunni
MLI,,east_africa.txt,yemeni_culture,sunni
INH,,east_africa.txt,tsonga_culture,bantu_religion
SFA,,east_africa.txt,swahili_culture,sunni
MBA,,east_africa.txt,swahili_culture,sunni
GED,,east_africa.txt,swahili_culture,sunni
UGW,,east_africa.txt,swahili_culture,sunni
LAM,,east_africa.txt,swahili_culture,sunni
VOH,,east_africa.txt,swahili_culture,sunni
NYM,,east_africa.txt,swahili_culture,sunni
#CEW,Chewa,east_africa.txt,chewa_culture,bantu_religion
PEM,,east_africa.txt,swahili_culture,sunni
ZZB,,east_africa.txt,swahili_culture,sunni
BMB,,east_africa.txt,swahili_culture,sunni
MOZ,,east_africa.txt,swahili_culture,sunni
AGH,,east_africa.txt,swahili_culture,sunni
QLM,,east_africa.txt,swahili_culture,sunni
ZMW,,east_africa.txt,shona_culture,bantu_religion
#TNA,Tonga,east_africa.txt,tonga,bantu_religion
SEN,,east_africa.txt,sena_culture,bantu_religion
#TSG,Tsonga,east_africa.txt,tsonga_culture,bantu_religion
MNY,,east_africa.txt,shona_culture,bantu_religion
#ZEZ,Zezuru,east_africa.txt,shona_culture,bantu_religion
#NBY,Nambya,east_africa.txt,shona_culture,bantu_religion
TBK,,east_africa.txt,rukwa_culture,bantu_religion
MRA,,east_africa.txt,chewa_culture,bantu_religion
LDU,,east_africa.txt,chewa_culture,bantu_religion
MKU,,east_africa.txt,makhuwa_culture,bantu_religion
#VAZ,Vazimba,east_africa.txt,vazimba_culture,fomba_gasy_religion
MIR,,east_africa.txt,merina_culture,fomba_gasy_religion
NTL,,east_africa.txt,swahili_culture,sunni
MTO,,east_africa.txt,swahili_culture,sunni
AHY,,east_africa.txt,swahili_culture,sunni
MHL,,east_africa.txt,swahili_culture,sunni
IRD,,east_africa.txt,swahili_culture,sunni
BMK,,east_africa.txt,swahili_culture,sunni
ZFI,,east_africa.txt,zafiraminia_culture,sunni
ABV,,east_africa.txt,tandroy_culture,sunni
MBD,,east_africa.txt,antaisaka_culture,sunni
BTS,,east_africa.txt,betsimisaraka_culture,fomba_gasy_religion
VEZ,,east_africa.txt,vezo_culture,fomba_gasy_religion
SKA,,east_africa.txt,sakalava_culture,fomba_gasy_religion
MNB,,east_africa.txt,vezo_culture,fomba_gasy_religion
BOI,,east_africa.txt,vezo_culture,fomba_gasy_religion
ANK,,east_africa.txt,antankarana_culture,sunni
BEZ,,east_africa.txt,bezanozano_culture,fomba_gasy_religion
SIH,,east_africa.txt,sihanaka_culture,fomba_gasy_religion
TND,,east_africa.txt,tandroy_culture,fomba_gasy_religion
ATK,,east_africa.txt,antaisaka_culture,fomba_gasy_religion
BAA,,east_africa.txt,bara_culture,fomba_gasy_religion
ATM,,east_africa.txt,antaifasy_culture,fomba_gasy_religion
ATF,,east_africa.txt,antaifasy_culture,fomba_gasy_religion
ATB,,east_africa.txt,antambahoaka_culture,fomba_gasy_religion
TAL,,east_africa.txt,tanala_culture,fomba_gasy_religion
BET,,east_africa.txt,betsileo_culture,fomba_gasy_religion
KIT,,east_africa.txt,rutara_culture,cwezi_religion
WNA,,east_africa.txt,luhya_culture,bantu_religion
BNY,,east_africa.txt,rutara_culture,nyasaye_religion
BUG,,east_africa.txt,baganda_culture,cwezi_religion
BSG,,east_africa.txt,rutara_culture,nyasaye_religion
NKO,,east_africa.txt,rutara_culture,bantu_religion
RWA,,east_africa.txt,rwanda_culture,bantu_religion
KRW,,east_africa.txt,nyamwezi_culture,bantu_religion
UBH,,east_africa.txt,rwanda_culture,bantu_religion
BUU,,east_africa.txt,rwanda_culture,bantu_religion
#MAA,Masai,east_africa.txt,maasai_culture,maasai_religion
#SIK,Shilluk,east_africa.txt,shilluk_culture,muonyjang_religion
KOR,,east_asia.txt,korean_culture,mahayana
SSG,,east_asia.txt,korean_culture,mahayana
SYG,,east_asia.txt,jurchen_culture,tungusic_shamanism
TMN,,east_asia.txt,tamna_culture,mahayana
ABASK,Ashikaga,east_asia.txt,saigoku_culture,shinto
NTC,Northern Court,east_asia.txt,saigoku_culture,shinto
STC,Southern Court,east_asia.txt,saigoku_culture,shinto
YMT,Unified Japanese Imperial Court,east_asia.txt,saigoku_culture,shinto
#KOU,Ko,east_asia.txt,tougoku_culture,shinto
HSK,Hosokawa,east_asia.txt,saigoku_culture,shinto
#AKM,Akamatsu,east_asia.txt,saigoku_culture,shinto
#NKI,Nitsuki,east_asia.txt,saigoku_culture,shinto
KTB,Kitabatake,east_asia.txt,saigoku_culture,shinto
#CJO,Chujo,east_asia.txt,tougoku_culture,shinto
IMG,Imagawa,east_asia.txt,tougoku_culture,shinto
#ISD,Ishido,east_asia.txt,tougoku_culture,shinto
TKD,Takeda,east_asia.txt,tougoku_culture,shinto
SBA,Shiba,east_asia.txt,touhoku_culture,shinto
CBA,Chiba,east_asia.txt,tougoku_culture,shinto
STK,Satake,east_asia.txt,tougoku_culture,shinto
#KGK,Kyugoku,east_asia.txt,saigoku_culture,shinto
#TKI,Toki,east_asia.txt,tougoku_culture,shinto
#OGS,Ogasawara,east_asia.txt,tougoku_culture,shinto
UES,Uesugi,east_asia.txt,tougoku_culture,shinto
#OYM,Oyama,east_asia.txt,tougoku_culture,shinto
#TGS,Togashi,east_asia.txt,saigoku_culture,shinto
#YSM,Yoshimi,east_asia.txt,saigoku_culture,shinto
#MMI,Momonoi,east_asia.txt,saigoku_culture,shinto
#KRA,Kira,east_asia.txt,saigoku_culture,shinto
YMN,Yamana,east_asia.txt,saigoku_culture,shinto
#ENY,En'ya,east_asia.txt,saigoku_culture,shinto
#UEN,Ueno,east_asia.txt,tougoku_culture,shinto
#MTD,Matsuda,east_asia.txt,saigoku_culture,shinto
#MNM,Minami,east_asia.txt,tougoku_culture,shinto
#ASY,Asayama,east_asia.txt,saigoku_culture,shinto
#WSZ,Washizu,east_asia.txt,saigoku_culture,shinto
#KTO,Koto,east_asia.txt,saigoku_culture,shinto
HTK,Hatakeyama,east_asia.txt,tougoku_culture,shinto
#KNO,Kawano,east_asia.txt,saigoku_culture,shinto
SHN,Shoni,east_asia.txt,kyushu_culture,shinto
#KII,Kii,east_asia.txt,kyushu_culture,shinto
OTM,Otomo,east_asia.txt,kyushu_culture,shinto
SMZ,Shimazu,east_asia.txt,kyushu_culture,shinto
NBU,Nanbu,east_asia.txt,touhoku_culture,shinto
#KDO,Kudo,east_asia.txt,touhoku_culture,shinto
#OKI,Osaki,east_asia.txt,touhoku_culture,shinto
#MGM,Mogami,east_asia.txt,touhoku_culture,shinto
#KSI,Kasai,east_asia.txt,touhoku_culture,shinto
#SOM,Soma,east_asia.txt,touhoku_culture,shinto
DTE,Date,east_asia.txt,touhoku_culture,shinto
#ASN,Ashina,east_asia.txt,touhoku_culture,shinto
#YUK,Yuki,east_asia.txt,tougoku_culture,shinto
#OID,Oida,east_asia.txt,tougoku_culture,shinto
#OGU,Oguni,east_asia.txt,tougoku_culture,shinto
UTN,Utsunomiya,east_asia.txt,tougoku_culture,shinto
#IIX,Ii,east_asia.txt,tougoku_culture,shinto
#AKJ,Anenokoji/Anegakoji,east_asia.txt,saigoku_culture,shinto
#KSN,Kusunoki,east_asia.txt,saigoku_culture,shinto
ISK,Isshiki,east_asia.txt,saigoku_culture,shinto
#NAW,Nawa,east_asia.txt,saigoku_culture,shinto
#MSD,Masuda,east_asia.txt,saigoku_culture,shinto
OUC,Ouchi,east_asia.txt,saigoku_culture,shinto
#TKN,Tokuno,east_asia.txt,saigoku_culture,shinto
#DOI,Doi,east_asia.txt,saigoku_culture,shinto
#KNT,Kutsuna,east_asia.txt,saigoku_culture,shinto
#SHJ,Shijo,east_asia.txt,saigoku_culture,shinto
#YSR,Yamashiro,east_asia.txt,kyushu_culture,shinto
KKC,Kikuchi,east_asia.txt,kyushu_culture,shinto
#ASO,Aso,east_asia.txt,kyushu_culture,shinto
#SGR,Sagara,east_asia.txt,kyushu_culture,shinto
#IJU,Ijuin,east_asia.txt,saigoku_culture,shinto
#KMT,Kimotsuki,east_asia.txt,kyushu_culture,shinto
SOU,So,east_asia.txt,kyushu_culture,shinto
#NAI,Nagai,east_asia.txt,touhoku_culture,shinto
#HEI,Hei,east_asia.txt,touhoku_culture,shinto
#ANM,Asonuma,east_asia.txt,touhoku_culture,shinto
#TZW,Tozawa,east_asia.txt,touhoku_culture,shinto
#WAG,Waga,east_asia.txt,touhoku_culture,shinto
#HIE,Hienuki,east_asia.txt,touhoku_culture,shinto
#SGE,Sagae,east_asia.txt,touhoku_culture,shinto
#DHJ,Daihoji,east_asia.txt,touhoku_culture,shinto
#NGM,Naganuma,east_asia.txt,touhoku_culture,shinto
#NKD,Nikaido,east_asia.txt,tougoku_culture,shinto
#TMR,Tamura,east_asia.txt,touhoku_culture,shinto
#IWS,Inawashiro,east_asia.txt,touhoku_culture,shinto
#ISW,Ishikawa,east_asia.txt,touhoku_culture,shinto
#MIU,Miura,east_asia.txt,tougoku_culture,shinto
#SUW,Suwa,east_asia.txt,saigoku_culture,shinto
#RKK,Rokkaku,east_asia.txt,saigoku_culture,shinto
#MIY,Miya,east_asia.txt,saigoku_culture,shinto
#KKW,Kikkawa,east_asia.txt,saigoku_culture,shinto
#MKT,Munakata,east_asia.txt,saigoku_culture,shinto
#ASA,Asakura,east_asia.txt,saigoku_culture,shinto
CSK,Chosokabe,east_asia.txt,saigoku_culture,shinto
#ISE,Ise,east_asia.txt,saigoku_culture,shinto
#IKE,Ikeda,east_asia.txt,saigoku_culture,shinto
ITO,Ito,east_asia.txt,saigoku_culture,shinto
MRI,Mori,east_asia.txt,saigoku_culture,shinto
ODA,Oda,east_asia.txt,tougoku_culture,shinto
AKT,Ando,east_asia.txt,touhoku_culture,shinto
#ISA,Isa,east_asia.txt,tougoku_culture,shinto
#TAK,Daijo,east_asia.txt,tougoku_culture,shinto
#KNB,Kawanobe,east_asia.txt,tougoku_culture,shinto
#HTA,Hatta,east_asia.txt,tougoku_culture,shinto
#MKO,Mashiko,east_asia.txt,tougoku_culture,shinto
#TKO,Tako,east_asia.txt,tougoku_culture,shinto
#NAS,Nasu,east_asia.txt,tougoku_culture,shinto
#OGO,Ogo,east_asia.txt,tougoku_culture,shinto
#NIT,Nitta,east_asia.txt,tougoku_culture,shinto
YMG,Yamaguchi/Yamanouchi,east_asia.txt,tougoku_culture,shinto
#TOS,Toshima,east_asia.txt,tougoku_culture,shinto
HNM,Honma,east_asia.txt,saigoku_culture,shinto
#UNN,Unno,east_asia.txt,tougoku_culture,shinto
#KOK,Kosaka,east_asia.txt,tougoku_culture,shinto
#TOY,Toyama,east_asia.txt,tougoku_culture,shinto
#HIG,To,east_asia.txt,tougoku_culture,shinto
#EMA,Ema,east_asia.txt,tougoku_culture,shinto
#NKJ,Nakajima,east_asia.txt,tougoku_culture,shinto
#OBA,Oba,east_asia.txt,tougoku_culture,shinto
#NGN,Nagano,east_asia.txt,saigoku_culture,shinto
#TKM,Takashima,east_asia.txt,saigoku_culture,shinto
#AIS,Aisu,east_asia.txt,saigoku_culture,shinto
#YUS,Yuasa,east_asia.txt,saigoku_culture,shinto
#YAB,Yabe,east_asia.txt,saigoku_culture,shinto
#OGA,Ogamo,east_asia.txt,saigoku_culture,shinto
#STU,Suetsugu,east_asia.txt,saigoku_culture,shinto
#MZW,Mizawa,east_asia.txt,saigoku_culture,shinto
#MTY,Mitoya,east_asia.txt,saigoku_culture,shinto
#AKN,Akana,east_asia.txt,saigoku_culture,shinto
#GTO,Goto,east_asia.txt,saigoku_culture,shinto
#SHO,Sho,east_asia.txt,saigoku_culture,shinto
#HRG,Hiraga,east_asia.txt,saigoku_culture,shinto
#KBK,Kobayakawa,east_asia.txt,saigoku_culture,shinto
#WCH,Wachi,east_asia.txt,saigoku_culture,shinto
MYH,Miyoshi,east_asia.txt,saigoku_culture,shinto
#SUE,Sue,east_asia.txt,saigoku_culture,shinto
#MIG,Migita,east_asia.txt,saigoku_culture,shinto
#KAG,Kagawa,east_asia.txt,saigoku_culture,shinto
#KOZ,Kozai,east_asia.txt,saigoku_culture,shinto
#KNE,Kaneko,east_asia.txt,saigoku_culture,shinto
#AKI,Aki,east_asia.txt,saigoku_culture,shinto
#OHR,Ohira,east_asia.txt,saigoku_culture,shinto
#BZG,Buzen Nagano,east_asia.txt,kyushu_culture,shinto
#AKZ,Akizuki,east_asia.txt,kyushu_culture,shinto
#AKU,Taku,east_asia.txt,kyushu_culture,shinto
#AHT,Hata,east_asia.txt,kyushu_culture,shinto
#ARI,Arima,east_asia.txt,kyushu_culture,shinto
#OKR,Okura,east_asia.txt,kyushu_culture,shinto
#TMD,Tsuchimochi,east_asia.txt,kyushu_culture,shinto
#KJK,Kajiki,east_asia.txt,kyushu_culture,shinto
#HSR,Hishikari,east_asia.txt,kyushu_culture,shinto
ANU,Ainu,east_asia.txt,ainu_culture,ainu_religion
#HKZ,Ryukyu statelets,east_asia.txt,ryukyu_culture,utaki_religion
#CHZ,Ryukyu statelets,east_asia.txt,ryukyu_culture,utaki_religion
#NZN,Ryukyu statelets,east_asia.txt,ryukyu_culture,utaki_religion
CHI,China,east_asia.txt,mongolian_culture,tibetan_buddhism
ABECP,East China,east_asia.txt,jianghuai_culture,sanjiao
ABWCP,West China,east_asia.txt,shu_culture,sanjiao
ABSCP,South China,east_asia.txt,yuehai_culture,sanjiao
ABNCP,North China,east_asia.txt,zhongyuan_culture,sanjiao
YUA,Yuán,east_asia.txt,yan_culture,sanjiao
MNG,Míng,east_asia.txt,jianghuai_culture,sanjiao
CSO,Song,east_asia.txt,zhongyuan_culture,sanjiao
WUU,Wú,east_asia.txt,wu_culture,sanjiao
CTW,Tiānwán,east_asia.txt,xinxiang_culture,sanjiao
CHE,Chén,east_asia.txt,gan_culture,sanjiao
CSH,"Shùn - afaik this is the short lived 'dynasty' that existed during the transition between Ming and Qing, therefore not relevant",east_asia.txt,zhongyuan_culture,sanjiao
CXI,Xí,east_asia.txt,shu_culture,sanjiao
CTG,Tûng-nèn,east_asia.txt,kejia_culture,sanjiao
CFN,Fāng,east_asia.txt,taizhou_wu_culture,sanjiao
CMO,Māo,east_asia.txt,jiaodong_culture,sanjiao
CGU,Guō,east_asia.txt,zhongyuan_culture,sanjiao
CNP,Nánpíng,east_asia.txt,fuzhou_culture,sanjiao
CDN,Dōngguǎn,east_asia.txt,yuehai_culture,sanjiao
CSI,Lǐ,east_asia.txt,qin_culture,sanjiao
CKO,Köke Temür,east_asia.txt,mongolian_culture,tibetan_buddhism
CNA,Naγaču,east_asia.txt,mongolian_culture,tibetan_buddhism
MMA,Mong Mao,east_asia.txt,tai_nua_culture,satsana_phi
MHK,Mong Hkeng,east_asia.txt,tai_nua_culture,satsana_phi
MHN,Mong Hten,east_asia.txt,tai_nua_culture,satsana_phi
MTG,Mong Ting,east_asia.txt,tai_nua_culture,satsana_phi
MGN,Mong Ngüm,east_asia.txt,tai_lu_culture,satsana_phi
MHA,Mong Hsa,east_asia.txt,tai_nua_culture,satsana_phi
MWO,Mong Wo,east_asia.txt,tai_lu_culture,satsana_phi
MGK,Mong Ku,east_asia.txt,tai_nua_culture,satsana_phi
YNJ,Yuanjiang,east_asia.txt,bo_culture,satsana_phi
NWU,Niuwu,east_asia.txt,bo_culture,satsana_phi
NYZ,Ningyuanzhou,east_asia.txt,bo_culture,satsana_phi
NLU,Nalou,east_asia.txt,bo_culture,satsana_phi
YJI,Yanjing,east_asia.txt,nashi_culture,dongba_religion
BZH,Beisheng,east_asia.txt,nashi_culture,dongba_religion
YAN,Yao'an,east_asia.txt,bai_culture,mahayana
HQG,Heqing,east_asia.txt,bai_culture,mahayana
NNN,Annan,east_asia.txt,yi_culture,bimoism
AGN,Aning,east_asia.txt,yi_culture,bimoism
MLE,Mile,east_asia.txt,yi_culture,bimoism
JSI,Jianshui,east_asia.txt,yi_culture,bimoism
SPG,Shiping,east_asia.txt,yi_culture,bimoism
NGZ,Ningzhou,east_asia.txt,yi_culture,bimoism
LLS,Luoluosi,east_asia.txt,yi_culture,bimoism
CGZ,Changzhou,east_asia.txt,yi_culture,bimoism
XLG,Xianlong,east_asia.txt,yi_culture,bimoism
WDG,Wuding,east_asia.txt,yi_culture,bimoism
RND,Rende,east_asia.txt,yi_culture,bimoism
DCN,Dongchuan,east_asia.txt,yi_culture,bimoism
WNG,Wumeng,east_asia.txt,yi_culture,bimoism
MHU,Mahu,east_asia.txt,yi_culture,bimoism
LBO,Leibo,east_asia.txt,yi_culture,bimoism
YNL,Yunlian,east_asia.txt,yi_culture,bimoism
ZNX,Zhenxiong,east_asia.txt,yi_culture,bimoism
WSA,Wusa,east_asia.txt,yi_culture,bimoism
ZYI,Zhanyi,east_asia.txt,yi_culture,bimoism
QJG,Qujing,east_asia.txt,yi_culture,bimoism
YZO,Yizuo,east_asia.txt,yi_culture,bimoism
MLG,Malong,east_asia.txt,yi_culture,bimoism
LLN,Luliang,east_asia.txt,yi_culture,bimoism
LXG,Luoxiong,east_asia.txt,yi_culture,bimoism
GGX,Guangxi,east_asia.txt,zhuang_culture,moism
SZG,Shizong,east_asia.txt,yi_culture,bimoism
SXI,Shuixi,east_asia.txt,yi_culture,bimoism
CLE,Chele,east_asia.txt,yi_culture,bimoism
BZU,Bozhou,east_asia.txt,yi_culture,bimoism
NPG,Nanping,east_asia.txt,yi_culture,bimoism
RNG,Rong,east_asia.txt,bo_culture,satsana_phi
GNG,Gong,east_asia.txt,bo_culture,satsana_phi
ZNZ,Zhenzhou,east_asia.txt,sui_culture,sui_religion
SZU,Shizu,east_asia.txt,tujia_culture,nuo_religion
ZGL,Zhonglu,east_asia.txt,tujia_culture,nuo_religion
TGY,Tangya,east_asia.txt,tujia_culture,nuo_religion
GLU,Gaoluo,east_asia.txt,tujia_culture,nuo_religion
RGM,Rongmei,east_asia.txt,tujia_culture,nuo_religion
TNP,Tianping,east_asia.txt,tujia_culture,nuo_religion
SGZ,Sangzhi,east_asia.txt,tujia_culture,nuo_religion
DWG,Dawang,east_asia.txt,tujia_culture,nuo_religion
YGS,Yongshun,east_asia.txt,tujia_culture,nuo_religion
BJG,Baojing,east_asia.txt,tujia_culture,nuo_religion
YYG,Youyang,east_asia.txt,tujia_culture,nuo_religion
PCD,Pingchadong,east_asia.txt,tujia_culture,nuo_religion
SZH,Sizhou,east_asia.txt,kam_culture,kam_religion
YNH,Yanhe,east_asia.txt,tujia_culture,nuo_religion
TXI,Tixi,east_asia.txt,tujia_culture,nuo_religion
TGR,Tongren,east_asia.txt,kam_culture,kam_religion
QGS,Qiongshui,east_asia.txt,kam_culture,kam_religion
WZH,Wuzhai,east_asia.txt,hmong_culture,hmongism
PTZ,Pingtouzheke,east_asia.txt,hmong_culture,hmongism
LGQ,Longquan,east_asia.txt,hmong_culture,hmongism
RGS,Rongshan,east_asia.txt,hmong_culture,hmongism
BNI,Baini,east_asia.txt,hmong_culture,hmongism
COG,Caotang,east_asia.txt,hmong_culture,hmongism
XNL,Xinlong,east_asia.txt,hmong_culture,hmongism
ALI,Kaili,east_asia.txt,hmong_culture,hmongism
SDG,Shuidong,east_asia.txt,hmong_culture,hmongism
PYE,Pingyue,east_asia.txt,hmong_culture,hmongism
DZH,Dizhai,east_asia.txt,hmong_culture,hmongism
XNG,Xianning,east_asia.txt,hmong_culture,hmongism
PDG,Pingding,east_asia.txt,hmong_culture,hmongism
PDN,Puding,east_asia.txt,zhuang_culture,moism
PGB,Pingba,east_asia.txt,hmong_culture,hmongism
PAN,Pu'an,east_asia.txt,zhuang_culture,moism
YNN,Yongning,east_asia.txt,zhuang_culture,moism
LIN,Lai'an,east_asia.txt,zhuang_culture,moism
NLG,Anlong,east_asia.txt,zhuang_culture,moism
SHG,Shanglin,east_asia.txt,zhuang_culture,moism
QYN,Qingyuan,east_asia.txt,zhuang_culture,moism
NDN,Nandan,east_asia.txt,zhuang_culture,moism
DLN,Donglan,east_asia.txt,zhuang_culture,moism
XCG,Xingcheng,east_asia.txt,zhuang_culture,moism
YSN,Yongshun,east_asia.txt,zhuang_culture,moism
TNZ,Tianzhou,east_asia.txt,zhuang_culture,moism
ADG,Anding,east_asia.txt,zhuang_culture,moism
DYG,Duyang,east_asia.txt,zhuang_culture,moism
ZNN,Zhen'an,east_asia.txt,zhuang_culture,moism
TPG,Taiping,east_asia.txt,zhuang_culture,moism
SMG,Siming,east_asia.txt,zhuang_culture,moism
SGS,Shangsi,east_asia.txt,zhuang_culture,moism
GNN,Guangnan,east_asia.txt,zhuang_culture,moism
LZO,Luozuo,east_asia.txt,zhuang_culture,moism
FZH,Fuzhou,east_asia.txt,zhuang_culture,moism
LZI,Liangzhai,east_asia.txt,zhuang_culture,moism
SZI,Shezi,east_asia.txt,zhuang_culture,moism
DYN,Duyun,east_asia.txt,sui_culture,sui_religion
LTU,Lantu,east_asia.txt,sui_culture,sui_religion
GZH,Guzhou,east_asia.txt,kam_culture,kam_religion
LPG,Liping,east_asia.txt,kam_culture,kam_religion
ZLD,Zhonglindong,east_asia.txt,kam_culture,kam_religion
HZH,Hongzhou Poli,east_asia.txt,kam_culture,kam_religion
XSY,Xishanyang,east_asia.txt,kam_culture,kam_religion
LNG,Liang,east_asia.txt,yi_culture,bimoism
CDL,Dali,east_asia.txt,bai_culture,mahayana
CHH,Chiang Hung,east_asia.txt,tai_lu_culture,satsana_phi
TIB,Tibet,east_asia.txt,utsang_culture,tibetan_buddhism
GUG,Guge,east_asia.txt,utsang_culture,tibetan_buddhism
PUR,Purang,east_asia.txt,utsang_culture,hindu
MAR,Maryul,east_asia.txt,ladakh_culture,tibetan_buddhism
ZNK,Zanskar,east_asia.txt,ladakh_culture,tibetan_buddhism
CHG,Chagatai,east_asia.txt,kyrgyz_culture,tengri
QCH,Qocho,east_asia.txt,uyghur_culture,mahayana
MNL,Mangalai,east_asia.txt,khorezmian_culture,tengri
MGG,Mangyül Gungthang,east_asia.txt,utsang_culture,tibetan_buddhism
POO,Powo,east_asia.txt,khampa_culture,tibetan_buddhism
HOR,Hor States,east_asia.txt,khampa_culture,tibetan_buddhism
LGT,Lingtsang,east_asia.txt,khampa_culture,tibetan_buddhism
DRG,Derge,east_asia.txt,khampa_culture,tibetan_buddhism
NCN,Nangchen,east_asia.txt,amdowa_culture,tibetan_buddhism
GNJ,Gonjo,east_asia.txt,khampa_culture,tibetan_buddhism
BTG,Batang,east_asia.txt,khampa_culture,bon
NBH,Nubhor,east_asia.txt,khampa_culture,bon
LTN,Litang,east_asia.txt,khampa_culture,bon
NYA,Nyarong,east_asia.txt,khampa_culture,tibetan_buddhism
GYT,Gyelthang,east_asia.txt,khampa_culture,tibetan_buddhism
YNG,Yongning,east_asia.txt,nashi_culture,dongba_religion
TNQ,Tianquan,east_asia.txt,gyalrong_culture,bon
MCI,Muchi,east_asia.txt,gyalrong_culture,bon
WMO,Weimao,east_asia.txt,rma_culture,rmaism
TSK,Tsakho,east_asia.txt,gyalrong_culture,bon
SNP,Songpan,east_asia.txt,amdowa_culture,tibetan_buddhism
LGZ,Longzhou,east_asia.txt,rma_culture,rmaism
MNZ,Minzhou,east_asia.txt,qin_culture,tibetan_buddhism
TAZ,Taozhou,east_asia.txt,amdowa_culture,tibetan_buddhism
KHG,Khagya,east_asia.txt,amdowa_culture,tibetan_buddhism
HEZ,Hezhou,east_asia.txt,amdowa_culture,tibetan_buddhism
JIZ,Jishizhou,east_asia.txt,amdowa_culture,tibetan_buddhism
BIR,Biri,east_asia.txt,amdowa_culture,tibetan_buddhism
GYE,Gyelrong,east_asia.txt,gyalrong_culture,bon
GOL,Golog,east_asia.txt,amdowa_culture,tibetan_buddhism
CKL,Minyag,east_asia.txt,gyalrong_culture,bon
AMD,Amdo,east_asia.txt,amdowa_culture,tibetan_buddhism
#MSH,Mishmi,east_asia.txt,mishmi_culture,mishmi_religion
TAN,Tani,east_asia.txt,tani_culture,donyi_polo_religion
MNP,Monpa,east_asia.txt,monpa_culture,monpa_religion
LMN,Lho Mon,east_asia.txt,ngalop_culture,tibetan_buddhism
LJG,Lijiang,east_asia.txt,nashi_culture,dongba_religion
SKK,Sikkim,east_asia.txt,sikkim_culture,tibetan_buddhism
DUR,Daur,east_asia.txt,daur_culture,tengri
EVK,Evenk,east_asia.txt,evenk_culture,tungusic_shamanism
#NAN,Nanai,east_asia.txt,nanai_culture,tungusic_shamanism
NVK,Nivkh,east_asia.txt,nivkh_culture,tungusic_shamanism
ORC,Oroch,east_asia.txt,oroch_culture,tungusic_shamanism
ORQ,Oroqen,east_asia.txt,oroqen_culture,tungusic_shamanism
#SIB,Sibe,east_asia.txt,sibe_culture,tungusic_shamanism
#SOL,Solon,east_asia.txt,solon_culture,tungusic_shamanism
UDE,Udege,east_asia.txt,udege_culture,tungusic_shamanism
ULC,Ulch,east_asia.txt,ulch_culture,tungusic_shamanism
#WRK,Warkha,east_asia.txt,jurchen_culture,tungusic_shamanism
HDA,Hada,east_asia.txt,jurchen_culture,tungusic_shamanism
HOI,Hoifa,east_asia.txt,jurchen_culture,tungusic_shamanism
ULA,Ula,east_asia.txt,jurchen_culture,tungusic_shamanism
YEH,Yehe,east_asia.txt,jurchen_culture,tungusic_shamanism
DNG,Donggo,east_asia.txt,jurchen_culture,tungusic_shamanism
HJN,Holjeon,east_asia.txt,jurchen_culture,tungusic_shamanism
HNE,Hunehe,east_asia.txt,jurchen_culture,tungusic_shamanism
HUL,Huligai,east_asia.txt,jurchen_culture,tungusic_shamanism
JEC,Jecen,east_asia.txt,jurchen_culture,tungusic_shamanism
JUS,Jusheri,east_asia.txt,jurchen_culture,tungusic_shamanism
MAO,Maolian,east_asia.txt,jurchen_culture,tungusic_shamanism
NEY,Neyen,east_asia.txt,jurchen_culture,tungusic_shamanism
ODO,Odoli,east_asia.txt,jurchen_culture,tungusic_shamanism
SSH,Suksuhu,east_asia.txt,jurchen_culture,tungusic_shamanism
URY,Uryangkhad,east_asia.txt,jurchen_culture,tungusic_shamanism
WGG,Wanggiya,east_asia.txt,jurchen_culture,tungusic_shamanism
YAL,Yalu,east_asia.txt,jurchen_culture,tungusic_shamanism
AAR,Abdari,east_asia.txt,jurchen_culture,tungusic_shamanism
AID,Aidan,east_asia.txt,jurchen_culture,tungusic_shamanism
ASU,Asu,east_asia.txt,hurga_culture,tungusic_shamanism
BAY,Bayan,east_asia.txt,hurga_culture,tungusic_shamanism
DLA,Dala,east_asia.txt,hurga_culture,tungusic_shamanism
EJI,Ejimi,east_asia.txt,haixi_culture,tungusic_shamanism
FLN,Fulun,east_asia.txt,hurga_culture,tungusic_shamanism
FUT,Futi,east_asia.txt,jurchen_culture,tungusic_shamanism
FUY,Fuyu,east_asia.txt,haixi_culture,tungusic_shamanism
GIL,Gilemi,east_asia.txt,hurga_culture,tungusic_shamanism
HIJ,Hijan,east_asia.txt,hurga_culture,tungusic_shamanism
HIY,Haiyan,east_asia.txt,jurchen_culture,tungusic_shamanism
HLN,Halan,east_asia.txt,jurchen_culture,tungusic_shamanism
HNC,Huncun,east_asia.txt,jurchen_culture,tungusic_shamanism
HOT,Hotonggi,east_asia.txt,jurchen_culture,tungusic_shamanism
HRO,Horo,east_asia.txt,udege_culture,tungusic_shamanism
HUI,Huiba,east_asia.txt,jurchen_culture,tungusic_shamanism
HUR,Hurga,east_asia.txt,hurga_culture,tungusic_shamanism
ILU,Ilu,east_asia.txt,hurga_culture,tungusic_shamanism
IMN,Imanka,east_asia.txt,hurga_culture,tungusic_shamanism
ITU,Itun,east_asia.txt,jurchen_culture,tungusic_shamanism
JHT,Juru Hoton,east_asia.txt,jurchen_culture,tungusic_shamanism
LAL,Lalin,east_asia.txt,jurchen_culture,tungusic_shamanism
LEF,Lefu,east_asia.txt,jurchen_culture,tungusic_shamanism
LLU,Lalu,east_asia.txt,jurchen_culture,tungusic_shamanism
MAH,Mahiyan,east_asia.txt,jurchen_culture,tungusic_shamanism
MIC,Michen,east_asia.txt,jurchen_culture,tungusic_shamanism
MRE,Muren,east_asia.txt,hurga_culture,tungusic_shamanism
MUH,Muhiya,east_asia.txt,jurchen_culture,tungusic_shamanism
MUU,Mulun,east_asia.txt,hurga_culture,tungusic_shamanism
NAL,Nalaji,east_asia.txt,haixi_culture,tungusic_shamanism
NEM,Nemer,east_asia.txt,haixi_culture,tungusic_shamanism
NRO,Noro,east_asia.txt,hurga_culture,tungusic_shamanism
SHI,Shilin,east_asia.txt,jurchen_culture,tungusic_shamanism
SIR,Sirin,east_asia.txt,jurchen_culture,tungusic_shamanism
SMN,Shilimian,east_asia.txt,hurga_culture,tungusic_shamanism
SNC,Sancaha,east_asia.txt,haixi_culture,tungusic_shamanism
SUI,Suifun,east_asia.txt,jurchen_culture,tungusic_shamanism
TAS,Tashan,east_asia.txt,haixi_culture,tungusic_shamanism
TOD,Todo,east_asia.txt,jurchen_culture,tungusic_shamanism
TOX,Ton,east_asia.txt,hurga_culture,tungusic_shamanism
USS,Ussuri,east_asia.txt,hurga_culture,tungusic_shamanism
WEJ,Weji,east_asia.txt,haixi_culture,tungusic_shamanism
WEK,Weken,east_asia.txt,hurga_culture,tungusic_shamanism
WNL,Wanlin,east_asia.txt,hurga_culture,tungusic_shamanism
WUY,Wuyemu,east_asia.txt,jurchen_culture,tungusic_shamanism
YRN,Yaran,east_asia.txt,jurchen_culture,tungusic_shamanism
YIM,Yimahu,east_asia.txt,jurchen_culture,tungusic_shamanism
YOO,Yoose,east_asia.txt,jurchen_culture,tungusic_shamanism
#KAD,Kam,east_asia.txt,kam_culture,kam_religion
#TUJ,Tujia,east_asia.txt,tujia_culture,nuo_religion
MNE,Mien,east_asia.txt,yao_china_culture,yao_religion
#MIO,Miao,east_asia.txt,hmong_culture,hmongism
#HQQ,Hani,east_asia.txt,hani_culture,hani_religion
#YII,Yi,east_asia.txt,yi_culture,bimoism
#DDI,Dai,east_asia.txt,dai_culture,satsana_phi
OIR,,east_asia.txt,oirat_culture,tengri
OGE,,east_asia.txt,uzbek_culture,tengri
BAT,,east_asia.txt,oirat_culture,tengri
CRS,,east_asia.txt,oirat_culture,tengri
KHD,,east_asia.txt,oirat_culture,tengri
TRH,,east_asia.txt,oirat_culture,tengri
TVA,,east_asia.txt,tuvan_culture,tengri
BGT,,east_asia.txt,mongolian_culture,tengri
HCN,,east_asia.txt,mongolian_culture,tengri
OTC,,east_asia.txt,mongolian_culture,tengri
QAS,,east_asia.txt,mongolian_culture,tengri
BKH,Badakhshan,east_asia.txt,tajik_culture,sunni
DGH,Dughlats,east_asia.txt,mongolian_culture,tengri
KRG,Karategin,east_asia.txt,khorezmian_culture,sunni
SRL,Sarikol,east_asia.txt,pamiri_culture,zoroastrian
ABYRK,Yarkand,east_asia.txt,khorezmian_culture,sunni
ABGNS,Gansu,east_asia.txt,liang_culture,sanjiao
ABTUM,Tumed,east_asia.txt,tumed_culture,tengri
MGO,Mongolia,east_asia.txt,mongolian_culture,tengri
ABKHA,Kharchin,east_asia.txt,kharchin_culture,tengri
ABILL,Silla,east_asia.txt,korean_culture,mahayana
ABHUJ,Huju,east_asia.txt,jurchen_culture,tungusic_shamanism
ABBAB,Bairab,east_asia.txt,changpa_culture,tibetan_buddhism
ABCGP,Changpa,east_asia.txt,changpa_culture,tibetan_buddhism
ABGYH,Gyahor,east_asia.txt,amdowa_culture,tibetan_buddhism
ABTSD,Tsaidam,east_asia.txt,amdowa_culture,tibetan_buddhism
ABHNG,Hangzhou,east_asia.txt,shu_culture,sanjiao
ABCHU,Chu,east_asia.txt,chu_culture,sanjiao
ABXAN,Xi'an,east_asia.txt,jiangshan_culture,sanjiao
ABPCG,Pucheng,east_asia.txt,chuzhou_culture,sanjiao
ABJNH,Jinhua,east_asia.txt,wuzhou_culture,sanjiao
ABCUN,Chun'an,east_asia.txt,jixi_culture,sanjiao
ABSRO,Shangrao,east_asia.txt,jiangshan_culture,sanjiao
ABSHX,Shaoxing,east_asia.txt,yue_wu_culture,sanjiao
ABBCG,Baochang,east_asia.txt,kejia_culture,sanjiao
ABYNZ,Yongzhou,east_asia.txt,yongzhou_culture,sanjiao
ABCOU,Chaozhou,east_asia.txt,chaozhou_culture,sanjiao
ABLXI,Longxi,east_asia.txt,minnan_culture,sanjiao
ABZHG,Zhangping,east_asia.txt,minnan_culture,sanjiao
ABSGG,Shanghang,east_asia.txt,kejia_culture,sanjiao
ABSHW,Shaowu,east_asia.txt,gan_culture,sanjiao
ABJNX,Jiangxi,east_asia.txt,gan_culture,sanjiao
ABYAJ,Yangjiang,east_asia.txt,yangjiang_culture,sanjiao
ABLEZ,Leizhou,east_asia.txt,leizhou_culture,sanjiao
ABXUA,Xuanhua,east_asia.txt,guinan_culture,sanjiao
ABMPG,Maping,east_asia.txt,guinan_culture,sanjiao
ABTNJ,Tanjin,east_asia.txt,guangxin_culture,sanjiao
ABXNY,Xinyi,east_asia.txt,gaozhou_culture,sanjiao
ABNNL,Nanliu,east_asia.txt,yulin_culture,sanjiao
ABLNZ,Lianzhou,east_asia.txt,malao_culture,sanjiao
ABWCG,Wenchang,east_asia.txt,qiong_culture,sanjiao
ABHNN,Hainan,east_asia.txt,hlai_culture,satsana_phi
ABTNS,Tongshan,east_asia.txt,gan_culture,sanjiao
ABCNG,Macheng,east_asia.txt,jianghuai_culture,sanjiao
ABHME,Haimen,east_asia.txt,tongtai_culture,sanjiao
ABHII,Hailing,east_asia.txt,tongtai_culture,sanjiao
ABMEG,Mengcheng,east_asia.txt,zhongyuan_culture,sanjiao
ABDTU,Dantu,east_asia.txt,jianghuai_culture,sanjiao
ABSGY,Shangyuan,east_asia.txt,jianghuai_culture,sanjiao
ABGDE,Guangde,east_asia.txt,wu_culture,sanjiao
ABNGG,Ningguo,east_asia.txt,xuanzhou_culture,sanjiao
ABZHX,Zhaoxin,east_asia.txt,jianghuai_culture,sanjiao
ABSHY,Shanyang,east_asia.txt,qin_culture,sanjiao
ABLSH,Lushi,east_asia.txt,zhongyuan_culture,sanjiao
ABRXN,Rangxian,east_asia.txt,zhongyuan_culture,sanjiao
ABXZU,Xizhou,east_asia.txt,zhongyuan_culture,sanjiao
ABBYN,Biyang,east_asia.txt,zhongyuan_culture,sanjiao
ABGNC,Gongchang,east_asia.txt,qin_culture,sanjiao
ABWDA,Wudang,east_asia.txt,chu_culture,sanjiao
ABFNL,Fangling,east_asia.txt,chu_culture,sanjiao
ABPNG,Pingliang,east_asia.txt,qin_culture,sanjiao
ABQNY,Qingyang,east_asia.txt,qin_culture,sanjiao
ABJNB,Jingbian,east_asia.txt,jin_culture,sanjiao
ABBIG,Bing,east_asia.txt,jin_culture,sanjiao
ABHTG,Hongtong,east_asia.txt,qin_culture,sanjiao
ABJXN,Juxian,east_asia.txt,jiaodong_culture,sanjiao
ABSHD,Shandong,east_asia.txt,jilu_culture,sanjiao
ABWDI,Wudi,east_asia.txt,jilu_culture,sanjiao
ABZCN,Zichuan,east_asia.txt,jilu_culture,sanjiao
ABLQU,Linqu,east_asia.txt,jiaodong_culture,sanjiao
ABBZO,Binzhou,east_asia.txt,jilu_culture,sanjiao
ABLCG,Liaocheng,east_asia.txt,jilu_culture,sanjiao
ABAYG,Anyang,east_asia.txt,jin_culture,sanjiao
ABDTG,Datong,east_asia.txt,jin_culture,sanjiao
ABANX,Anxi,east_asia.txt,jilu_culture,sanjiao
ABSAI,Shanxi,east_asia.txt,jin_culture,sanjiao
ABXIE,Xihe,east_asia.txt,jin_culture,sanjiao
ABGZO,Guozhou,east_asia.txt,jin_culture,sanjiao
ABSYI,Shanyin,east_asia.txt,jin_culture,sanjiao
ABLXN,Lingxian,east_asia.txt,jilu_culture,sanjiao
ABBKJ,Baekje,east_asia.txt,korean_culture,mahayana
#OSA,Osaka,east_asia.txt,saigoku_culture,shinto
#IKO,Ikko-Ikki,east_asia.txt,saigoku_culture,shinto
ABHJO,Hojo,east_asia.txt,tougoku_culture,shinto
ABTKG,Tokugawa,east_asia.txt,tougoku_culture,shinto
ABNNU,Northern Ainu,east_asia.txt,ainu_culture,ainu_religion
ABENU,Eastern Ainu,east_asia.txt,ainu_culture,ainu_religion
ABWNU,Western Ainu,east_asia.txt,ainu_culture,ainu_religion
ABSNU,Southern Ainu,east_asia.txt,ainu_culture,ainu_religion
ABCNU,Central Ainu,east_asia.txt,ainu_culture,ainu_religion
RYU,Ryukyu,east_asia.txt,ryukyu_culture,utaki_religion
#COO,Coosa,eastcoast.txt,coosa_culture,mississippian_ceremonial
#OTL,Otali,eastcoast.txt,otali_culture,mississippian_ceremonial
#COW,Coweta,eastcoast.txt,coweta_culture,mississippian_ceremonial
#TUC,Tuckabatchee,eastcoast.txt,tuckabatchee_culture,mississippian_ceremonial
#EUF,Eufaula,eastcoast.txt,eufaula_culture,mississippian_ceremonial
#CPQ,,eastcoast.txt,sawokli_culture,mississippian_ceremonial
#TOA,,eastcoast.txt,tamathli_culture,mississippian_ceremonial
#OCT,,eastcoast.txt,oconee_culture,mississippian_ceremonial
#HIT,,eastcoast.txt,hitchiti_culture,mississippian_ceremonial
#ALA,,eastcoast.txt,alabama_culture,mississippian_ceremonial
#KST,,eastcoast.txt,koasati_culture,mississippian_ceremonial
#CHC,,eastcoast.txt,choctaw_culture,mississippian_ceremonial
#CHS,,eastcoast.txt,chickasaw_culture,mississippian_ceremonial
#MCG,,eastcoast.txt,muscogee_culture,mississippian_ceremonial
#QGM,,eastcoast.txt,taensa_culture,mississippian_ceremonial
#QUZ,,eastcoast.txt,chakchiuma_culture,mississippian_ceremonial
#NCZ,,eastcoast.txt,natchez_culture,mississippian_ceremonial
#GUL,,eastcoast.txt,guale_culture,mississippian_ceremonial
#APA,,eastcoast.txt,apalachee_culture,mississippian_ceremonial
#KSK,,eastcoast.txt,kaskinampo_culture,mississippian_ceremonial
#KAW,,eastcoast.txt,kansa_culture,mississippian_ceremonial
#UMO,,eastcoast.txt,omaha_culture,mississippian_ceremonial
#WZZ,,eastcoast.txt,osage_culture,mississippian_ceremonial
#PPK,,eastcoast.txt,ponca_culture,mississippian_ceremonial
#UGX,,eastcoast.txt,quapaw_culture,mississippian_ceremonial
#GWY,,eastcoast.txt,guwahiyi_culture,mississippian_ceremonial
#GDW,,eastcoast.txt,cherokee_culture,mississippian_ceremonial
#TSO,,eastcoast.txt,tsoyaha_culture,mississippian_ceremonial
#CFQ,,eastcoast.txt,issati_culture,mississippian_ceremonial
#JOA,,eastcoast.txt,catawba_culture,mississippian_ceremonial
#TSN,,eastcoast.txt,powhatan_culture,midewiwin_religion
#ACL,,eastcoast.txt,acolapissa_culture,mississippian_ceremonial
#MBL,,eastcoast.txt,mobile_culture,mississippian_ceremonial
#CTT,,eastcoast.txt,chatot_culture,mississippian_ceremonial
#YMS,,eastcoast.txt,yamasee_culture,mississippian_ceremonial
#CSB,,eastcoast.txt,cusabo_culture,mississippian_ceremonial
CHK,,eastcoast.txt,cahokia_culture,mississippian_ceremonial
#HCK,,eastcoast.txt,hocak_culture,mississippian_ceremonial
#BXJ,,eastcoast.txt,baxoje_culture,mississippian_ceremonial
#OFO,,eastcoast.txt,ofo_culture,mississippian_ceremonial
#TKS,,eastcoast.txt,taneks_culture,mississippian_ceremonial
#MTN,,eastcoast.txt,moneton_culture,mississippian_ceremonial
#MNC,,eastcoast.txt,monacan_culture,mississippian_ceremonial
#TTL,,eastcoast.txt,tutelo_culture,mississippian_ceremonial
#WCM,,eastcoast.txt,waccamaw_culture,mississippian_ceremonial
#TMC,,eastcoast.txt,timucua_culture,mississippian_ceremonial
#CLS,,eastcoast.txt,calusa_culture,mississippian_ceremonial
#AIX,,eastcoast.txt,ais_culture,mississippian_ceremonial
#TBG,,eastcoast.txt,tocobaga_culture,mississippian_ceremonial
#NTT,,eastcoast.txt,nottoway_culture,iroquoian_totemism
#SKR,,eastcoast.txt,skarureh_culture,iroquoian_totemism
#WRO,,eastcoast.txt,wenrohronon_culture,iroquoian_totemism
#KEN,,eastcoast.txt,kentaientonga_culture,iroquoian_totemism
#ERI,,eastcoast.txt,erielhonan_culture,iroquoian_totemism
#HON,,eastcoast.txt,honniasont_culture,iroquoian_totemism
#ONJ,,eastcoast.txt,onojutta_culture,iroquoian_totemism
#CTN,,eastcoast.txt,carantouan_culture,iroquoian_totemism
#AKY,,eastcoast.txt,atrakwaye_culture,iroquoian_totemism
KKA,,eastcoast.txt,kanienkehaka_culture,iroquoian_totemism
ONY,,eastcoast.txt,onyotaaka_culture,iroquoian_totemism
ONO,,eastcoast.txt,onondagega_culture,iroquoian_totemism
GYO,,eastcoast.txt,gayogohono_culture,iroquoian_totemism
ONN,,eastcoast.txt,onondowaga_culture,iroquoian_totemism
#PML,,eastcoast.txt,pamlico_culture,midewiwin_religion
#DOE,,eastcoast.txt,doeg_culture,midewiwin_religion
#PSC,,eastcoast.txt,piscataway_culture,midewiwin_religion
#NTK,,eastcoast.txt,nanticoke_culture,midewiwin_religion
#RPP,,eastcoast.txt,rappahannock_culture,midewiwin_religion
#CAA,,eastcoast.txt,croatan_culture,midewiwin_religion
#NSM,,eastcoast.txt,nansemond_culture,midewiwin_religion
#ACW,,eastcoast.txt,accomac_culture,midewiwin_religion
#MMQ,,eastcoast.txt,mamaceqtaw_culture,midewiwin_religion
#OSK,,eastcoast.txt,osaakiiwaki_culture,midewiwin_religion
#MSK,,eastcoast.txt,meskwaki_culture,midewiwin_religion
#KIW,,eastcoast.txt,kiwigapawa_culture,midewiwin_religion
#MCT,,eastcoast.txt,mascouten_culture,midewiwin_religion
#CLG,,eastcoast.txt,chalahgawtha_culture,mississippian_ceremonial
#MKC,,eastcoast.txt,mekoche_culture,mississippian_ceremonial
#KPK,,eastcoast.txt,kispoko_culture,mississippian_ceremonial
#PKW,,eastcoast.txt,pekowi_culture,mississippian_ceremonial
#HAT,,eastcoast.txt,hathawekela_culture,mississippian_ceremonial
#BDK,,eastcoast.txt,bodewadomik_culture,midewiwin_religion
#TMW,,eastcoast.txt,inoka_culture,mississippian_ceremonial
#KHK,,eastcoast.txt,kahokiaki_culture,mississippian_ceremonial
#KKH,,eastcoast.txt,kaskankaham_culture,mississippian_ceremonial
#PEO,,eastcoast.txt,peewareewa_culture,midewiwin_religion
#AKG,,eastcoast.txt,atchakangouen_culture,mississippian_ceremonial
#PIA,,eastcoast.txt,piankeshaw_culture,mississippian_ceremonial
#PEP,,eastcoast.txt,myaamia_culture,midewiwin_religion
#WEA,,eastcoast.txt,wea_culture,mississippian_ceremonial
#UNA,,eastcoast.txt,unami_culture,midewiwin_religion
#MNS,,eastcoast.txt,munsee_culture,midewiwin_religion
#UNL,,eastcoast.txt,unalachtigo_culture,midewiwin_religion
#MCN,,eastcoast.txt,mahican_culture,midewiwin_religion
#QRP,,eastcoast.txt,quiripi_culture,midewiwin_religion
#PCT,,eastcoast.txt,pocumtuck_culture,midewiwin_religion
#PQT,,eastcoast.txt,pequot_culture,midewiwin_religion
#NRG,,eastcoast.txt,narraganset_culture,midewiwin_religion
#WMG,,eastcoast.txt,wampanoag_culture,midewiwin_religion
#MSC,,eastcoast.txt,massachusett_culture,midewiwin_religion
#PCK,,eastcoast.txt,pennacook_culture,midewiwin_religion
BQA,,egypt.txt,libyan_arabic_culture,sunni
BKZ,,egypt.txt,upper_egyptian_culture,shia
FZA,,egypt.txt,toubou_culture,sunni
MAM,,egypt.txt,lower_egyptian_culture,sunni
SKN,,egypt.txt,hijazi_culture,shia
TRP,,egypt.txt,libyan_arabic_culture,sunni
ABSIN,,egypt.txt,bedouin_culture,sunni
ABSWS,,egypt.txt,lower_egyptian_culture,sunni
ABASW,,egypt.txt,upper_egyptian_culture,shia
ABTUH,Matruh,egypt.txt,lower_egyptian_culture,sunni
BRI,,france.txt,gallo,catholic
FRA,,france.txt,french,catholic
BUR,,france.txt,burgundian,catholic
FCB,,france.txt,franc_comtois,catholic
AQN,,france.txt,gascon,catholic
ALE,,france.txt,norman,catholic
AUX,,france.txt,burgundian,catholic
SAN,,france.txt,berrichon,catholic
AMG,,france.txt,gascon,catholic
AUV,,france.txt,auvergnat,catholic
BOU,,france.txt,berrichon,catholic
CHP,,france.txt,champenais,catholic
DAU,,france.txt,vivaro_alpine,catholic
EVR,,france.txt,norman,catholic
FOI,,france.txt,languedocien,catholic
GUY,,france.txt,gascon,catholic
NEV,,france.txt,burgundian,catholic
NRB,,france.txt,languedocien,catholic
NRM,,france.txt,norman,catholic
JER,,france.txt,norman,catholic
ORL,,france.txt,french,catholic
PIC,,france.txt,picard,catholic
PRO,,france.txt,provencal,catholic
ORA,,france.txt,provencal,catholic
TOU,,france.txt,languedocien,catholic
BER,,france.txt,berrichon,catholic
LOR,,france.txt,lorrain,catholic
BAR,,france.txt,lorrain,catholic
DRE,,france.txt,french,catholic
MRT,,france.txt,norman,catholic
POI,,france.txt,poitevin,catholic
ANJ,,france.txt,angevin,catholic
MIE,,france.txt,angevin,catholic
VLS,,france.txt,picard,catholic
PRC,,france.txt,french,catholic
FRZ,,france.txt,arpitan,catholic
BLS,,france.txt,berrichon,catholic
VDM,,france.txt,french,catholic
ETA,,france.txt,french,catholic
AST,,france.txt,gascon,catholic
COM,,france.txt,gascon,catholic
IJO,,france.txt,gascon,catholic
VLN,,france.txt,vivaro_alpine,catholic
PER,,france.txt,limousin,catholic
TON,,france.txt,burgundian,catholic
MON,,france.txt,french,catholic
AUM,,france.txt,norman,catholic
ROU,,france.txt,champenais,catholic
BSC,,france.txt,franc_comtois,catholic
ALS,,france.txt,rhine_alemannic,catholic
MTB,,france.txt,franc_comtois,catholic
TUL,,france.txt,lorrain,catholic
VDU,,france.txt,lorrain,catholic
MTZ,,france.txt,lorrain,catholic
SLM,,france.txt,lorrain,catholic
MOU,,france.txt,champenais,catholic
RET,,france.txt,champenais,catholic
CAM,,france.txt,picard,catholic
BRR,,france.txt,gascon,catholic
MDM,,france.txt,gascon,catholic
FRT,,france.txt,rhine_alemannic,catholic
MRC,,france.txt,berrichon,catholic
VNT,,france.txt,limousin,catholic
RCC,,france.txt,limousin,catholic
CLT,,france.txt,auvergnat,catholic
ANG,,france.txt,saintongeais,catholic
SCL,Saint-Claude Abbey,france.txt,arpitan,catholic
GNV,Geneve,france.txt,arpitan,catholic
SAV,Savoy,france.txt,arpitan,catholic
DAM,,horn_of_africa.txt,gonga_culture,miaphysite
ENN,,horn_of_africa.txt,gonga_culture,miaphysite
DBE,,horn_of_africa.txt,tigrinya,miaphysite
END,,horn_of_africa.txt,tigrinya,miaphysite
ETH,,horn_of_africa.txt,amhara,miaphysite
GJJ,,horn_of_africa.txt,amhara,miaphysite
MED,,horn_of_africa.txt,tigrinya,miaphysite
BTI,,horn_of_africa.txt,beyte_yisrael,judaism
ADA,,horn_of_africa.txt,somali_culture,sunni
AFA,,horn_of_africa.txt,afar_culture,sunni
ABB,,horn_of_africa.txt,hadiya_culture,sunni
AWS,,horn_of_africa.txt,afar_culture,sunni
BLE,,horn_of_africa.txt,sidama_culture,sunni
DHK,,horn_of_africa.txt,tigre,sunni
DRA,,horn_of_africa.txt,kambaata_culture,sunni
DAW,,horn_of_africa.txt,harla_culture,sunni
HDY,,horn_of_africa.txt,hadiya_culture,sunni
IFA,,horn_of_africa.txt,somali_culture,sunni
HRL,,horn_of_africa.txt,harla_culture,sunni
SHK,,horn_of_africa.txt,gurage,sunni
SOA,,horn_of_africa.txt,afar_culture,sunni
AJU,,horn_of_africa.txt,somali_culture,sunni
GLE,,horn_of_africa.txt,somali_culture,sunni
MDI,,horn_of_africa.txt,somali_culture,sunni
WAR,,horn_of_africa.txt,somali_culture,sunni
TDE,,horn_of_africa.txt,somali_culture,sunni
ABW,,horn_of_africa.txt,nubian,miaphysite
ALO,,horn_of_africa.txt,nubian,miaphysite
#DON,,horn_of_africa.txt,nubian,miaphysite
MAK,,horn_of_africa.txt,nubian,sunni
BQL,,horn_of_africa.txt,beja_culture,sunni
BZN,,horn_of_africa.txt,beja_culture,sunni
JRN,,horn_of_africa.txt,beja_culture,sunni
NQS,,horn_of_africa.txt,beja_culture,sunni
QTA,,horn_of_africa.txt,beja_culture,sunni
DAJ,,horn_of_africa.txt,daju_culture,kalge_religion
ORO,,horn_of_africa.txt,oromo_culture,waaqeffanna_religion
#AFR,,horn_of_africa.txt,oromo_culture,waaqeffanna_religion
#SDQ,,horn_of_africa.txt,oromo_culture,waaqeffanna_religion
FNJ,,horn_of_africa.txt,berta_culture,muonyjang_religion
GUM,,horn_of_africa.txt,gumuz_culture,rebba_religion
#KUN,,horn_of_africa.txt,kunama_culture,anna_religion
ABOMO,,horn_of_africa.txt,omo_culture,omo_religion
DLH,,india.txt,dehlavi,sunni
HSL,,india.txt,kannadiga,hindu
SMV,,india.txt,tamil,hindu
VIJ,,india.txt,kannadiga,hindu
MAB,,india.txt,tamil,sunni
TNK,,india.txt,tamil,hindu
RDY,,india.txt,telugu,hindu
YDR,,india.txt,telugu,hindu
ZMR,,india.txt,malayali,hindu
KLT,,india.txt,malayali,hindu
PDU,,india.txt,malayali,hindu
VND,,india.txt,malayali,hindu
KTN,,india.txt,malayali,hindu
KDU,,india.txt,malayali,hindu
KYA,,india.txt,malayali,hindu
VLD,,india.txt,malayali,hindu
ELA,,india.txt,malayali,hindu
TKU,,india.txt,malayali,hindu
VDK,,india.txt,malayali,hindu
ALU,,india.txt,tuluva,hindu
STR,,india.txt,tuluva,jain
KPL,,india.txt,telugu,hindu
MSN,,india.txt,telugu,hindu
RCH,,india.txt,telugu,hindu
ORI,,india.txt,orissan,hindu
KNK,,india.txt,chhattisgarhi,hindu
BST,,india.txt,chhattisgarhi,hindu
JPO,,india.txt,orissan,hindu
BGL,,india.txt,gujarati,hindu
CHD,,india.txt,gond,koyapunem_religion
BGR,,india.txt,marathi_culture,hindu
WRG,,india.txt,gond,koyapunem_religion
GOA,,india.txt,konkani,hindu
HNV,,india.txt,konkani,sunni
DRP,,india.txt,bhil,hindu
JWR,,india.txt,konkani,hindu
DGR,,india.txt,bhil,hindu
MEW,,india.txt,mewari,hindu
IDR,,india.txt,gujarati,hindu
JLR,,india.txt,marwari,hindu
CMN,,india.txt,gujarati,hindu
RJI,,india.txt,gujarati,hindu
KUT,,india.txt,gujarati,hindu
SMA,,india.txt,sindhi,sunni
SND,,india.txt,sindhi,shia
RNP,,india.txt,gujarati,hindu
GHL,,india.txt,gujarati,hindu
PLT,,india.txt,gujarati,hindu
JNG,,india.txt,gujarati,hindu
BHD,,india.txt,gujarati,hindu
JLW,,india.txt,gujarati,hindu
MRW,,india.txt,marwari,hindu
HAD,,india.txt,harauti,hindu
JSL,,india.txt,marwari,hindu
PGL,,india.txt,bagri,hindu
KLI,,india.txt,braji,hindu
SHR,,india.txt,shekhawati,hindu
DRW,,india.txt,bagri,hindu
BWL,,india.txt,bagri,hindu
JHI,,india.txt,bagri,hindu
GDA,,india.txt,bagri,hindu
PNA,Punia in Jangladesh,india.txt,bagri,hindu
BHA,,india.txt,bagri,sunni
DOG,,india.txt,punjabi,hindu
DHU,,india.txt,dhundhari,hindu
GWA,,india.txt,bundeli,hindu
JJK,,india.txt,bundeli,hindu
BND,,india.txt,bundeli,hindu
BGK,,india.txt,bagheli,hindu
MAU,,india.txt,bagheli,hindu
KHR,,india.txt,gond,hindu
GHR,,india.txt,gond,hindu
RTP,,india.txt,chhattisgarhi,hindu
BAD,,india.txt,orissan,hindu
NRS,,india.txt,orissan,hindu
KJA,,india.txt,chhattisgarhi,hindu
PTN,,india.txt,orissan,hindu
PRT,,india.txt,marwari,hindu
KLH,,india.txt,orissan,hindu
SRG,,india.txt,gond,koyapunem_religion
PLA,,india.txt,orissan,hindu
BNA,,india.txt,chhattisgarhi,hindu
MJU,,india.txt,chhattisgarhi,hindu
DBD,,india.txt,sinhalese,theravada
JFN,,india.txt,tamil,hindu
NAG,,india.txt,kashmiri_culture,hindu
SWT,,india.txt,kashmiri_culture,sunni
HNZ,,india.txt,kashmiri_culture,shia
CTR,,india.txt,kashmiri_culture,sunni
CRL,,india.txt,kashmiri_culture,hindu
GLI,,india.txt,kashmiri_culture,shia
KSH,,india.txt,kashmiri_culture,hindu
RJR,,india.txt,kashmiri_culture,sunni
PNC,,india.txt,kashmiri_culture,hindu
CBH,,india.txt,kashmiri_culture,hindu
CAB,,india.txt,kangri,hindu
LHL,,india.txt,kangri,tibetan_buddhism
KLU,,india.txt,kangri,hindu
KSW,,india.txt,kashmiri_culture,hindu
SKT,,india.txt,kangri,hindu
BSP,,india.txt,kangri,hindu
KTL,,india.txt,kangri,hindu
KGR,,india.txt,kangri,hindu
NRP,,india.txt,kangri,hindu
GJR,,india.txt,gujarati,sunni
MLW,,india.txt,malvi,shia
BAH,,india.txt,marathi_culture,shia
ABMYS,,india.txt,kannadiga,hindu
ABAHM,,india.txt,marathi_culture,sunni
ABSNA,,india.txt,marathi_culture,sunni
ABNNA,,india.txt,bhil,sunni
ABSRH,,india.txt,punjabi,sunni
ABLAH,,india.txt,punjabi,sunni
ABKHO,,india.txt,afghan_culture,sunni
ABBAL,,india.txt,baloch_culture,sunni
ABULN,,india.txt,punjabi,sunni
PUN,,india.txt,punjabi,hindu
ABDEJ,,india.txt,punjabi,hindu
ABPPA,,india.txt,magahi,sunni
ABMGY,,india.txt,maithili_culture,sunni
ABJAN,,india.txt,bengali,sunni
JNP,,india.txt,awadhi,sunni
ABBTT,,india.txt,bhojpuri_culture,sunni
ABKRB,,india.txt,awadhi,sunni
ABBCR,,india.txt,awadhi,sunni
MAJ,Majapahit,indonesia.txt,javanese_culture,hindu
BLI,Bali,indonesia.txt,balinese_culture,hindu
SUN,Sunda,indonesia.txt,sundanese_culture,hindu
JMB,Jambi/Melayu/Dharmasraya,indonesia.txt,malay_culture,mahayana
ATJ,Lambri/Lamuri/Aceh,indonesia.txt,acehnese_culture,sunni
PSA,Pasai,indonesia.txt,acehnese_culture,sunni
ARU,Aru,indonesia.txt,batak_culture,sunni
PNI,Pannai,indonesia.txt,malay_culture,mahayana
BUS,Barus,indonesia.txt,batak_culture,mahayana
INR,Indragiri,indonesia.txt,malay_culture,mahayana
SGT,Siguntur,indonesia.txt,minangkabau_culture,mahayana
PLB,Palembang,indonesia.txt,malay_culture,mahayana
LGE,Linge,indonesia.txt,gayo_culture,sunni
TJP,Tanjungpura,indonesia.txt,malay_culture,hindu
NSR,Nan Sarunai,indonesia.txt,maanyan_culture,kaharingan_religion
KRP,Kuripan,indonesia.txt,banjar_culture,hindu
MRP,Kutai Martapura,indonesia.txt,kutai_culture,hindu
KKG,Kutai Kartanegara,indonesia.txt,kutai_culture,hindu
SMB,Sambas,indonesia.txt,bidayuh_culture,hindu
TDG,Tidung,indonesia.txt,tidung_culture,kaharingan_religion
BEI,Brunei,indonesia.txt,malay_culture,hindu
MNU,Melanau,indonesia.txt,melanau_culture,ipok_religion
SBG,Santubong,indonesia.txt,iban_culture,hindu
SGU,Sanggau,indonesia.txt,bidayuh_culture,hindu
LNK,Landak,indonesia.txt,bidayuh_culture,hindu
SBU,Selimbau,indonesia.txt,iban_culture,hindu
SLA,Silat,indonesia.txt,bidayuh_culture,kaharingan_religion
BLN,Bolaang,indonesia.txt,mongondow_culture,malesung_religion
GRT,Gorontalo,indonesia.txt,gorontalo_culture,gorontalo_religion
PJT,Pudjananti,indonesia.txt,kaili_culture,tomanuru_religion
BGG,Bangga,indonesia.txt,kaili_culture,tomanuru_religion
LUW,Luwu,indonesia.txt,buginese_culture,tolotang_religion
BAI,Banggai,indonesia.txt,banggai_culture,banunut_religion
BTE,Bantaeng,indonesia.txt,makassarese_culture,tolotang_religion
GOW,Gowa,indonesia.txt,makassarese_culture,tolotang_religion
BOW,Bowontehu,indonesia.txt,minahasan_culture,malesung_religion
BTN,Buton,indonesia.txt,buton_culture,buton_religion
MKG,Mekongga,indonesia.txt,tolaki_culture,tolaki_religion
KNW,Konawe,indonesia.txt,tolaki_culture,tolaki_religion
MRN,Moronene,indonesia.txt,moronene_culture,tolaki_religion
CIN,Cina,indonesia.txt,buginese_culture,tolotang_religion
KLS,Kalisusu,indonesia.txt,buton_culture,buton_religion
WUN,Muna,indonesia.txt,muna_culture,buton_religion
BNE,Bone,indonesia.txt,buginese_culture,tolotang_religion
SDR,Sidenreng,indonesia.txt,buginese_culture,tolotang_religion
RRU,Barru,indonesia.txt,buginese_culture,tolotang_religion
SIG,Siang,indonesia.txt,buginese_culture,tolotang_religion
PKR,Passokkorang,indonesia.txt,mandarese_culture,aluk_religion
SLP,Selaparang,indonesia.txt,sasak_culture,hindu
BIM,Bima,indonesia.txt,bima_culture,hindu
DOM,Dompu,indonesia.txt,dompu_culture,hindu
NGL,Ngali,indonesia.txt,sumbawa_culture,hindu
TLW,Taliwang,indonesia.txt,sumbawa_culture,hindu
LRT,Larantuka,indonesia.txt,lamaholot_culture,kirin_koda_religion
WHL,Wehale,indonesia.txt,tetum_culture,mahayana
BAC,Bacan,indonesia.txt,bacan_culture,kolano_religion
TER,Ternate,indonesia.txt,ternate_culture,kolano_religion
TID,Tidore,indonesia.txt,tidore_culture,kolano_religion
LOL,Loloda,indonesia.txt,galela_culture,imunu_religion
JLO,Jailolo,indonesia.txt,tobelo_culture,goma_religion
MOO,Moro,indonesia.txt,galela_culture,imunu_religion
SUL,Lupah Sug,indonesia.txt,tausug_culture,hindu
MYI,Ma-i,indonesia.txt,tagalog_culture,mahayana
CEB,Cebu,indonesia.txt,cebuano_culture,hindu
TDO,Tondo,indonesia.txt,tagalog_culture,hindu
MNA,Maynila,indonesia.txt,tagalog_culture,hindu
MDY,Madya-as,indonesia.txt,hiligaynon_culture,anitism_religion
PGS,Caboloan (Pangasinan),indonesia.txt,pangasinan_culture,mahayana
BTU,Butuan,indonesia.txt,butuanon_culture,hindu
MGD,Wenduling (Maguindanao),indonesia.txt,maguindanao_culture,anitism_religion
KIM,Kiliman (Buayan),indonesia.txt,tagakaulo_culture,anitism_religion
LNO,Lanao,indonesia.txt,iranun_culture,anitism_religion
IBL,Ibalon (Bikol),indonesia.txt,bicolano_culture,anitism_religion
PLL,Pulilu,indonesia.txt,tagalog_culture,anitism_religion
TYY,Taytay,indonesia.txt,cuyonon_culture,anitism_religion
KML,Kumalarang,indonesia.txt,sama_culture,anitism_religion
CNT,Cainta,indonesia.txt,tagalog_culture,anitism_religion
KAM,Kaimana,indonesia.txt,buruwai_culture,imunu_religion
BOL,Bool (Dapitan),indonesia.txt,boholano_culture,anitism_religion
SML,Sanmalan,indonesia.txt,subanon_culture,hindu
ILC,Ilocos,indonesia.txt,ilocano_culture,anitism_religion
WGE,,indonesia.txt,maaya_culture,imunu_religion
MAD,,indonesia.txt,maden_culture,imunu_religion
MSL,,indonesia.txt,maaya_culture,imunu_religion
MTM,Mataram,indonesia.txt,javanese_culture,hindu
ABPJN,Pajang,indonesia.txt,javanese_culture,hindu
DEM,Demak,indonesia.txt,javanese_culture,hindu
VUN,,kongo.txt,cabinda,bantu_religion
NSU,,kongo.txt,nsudi,bantu_religion
MPE,,kongo.txt,mboma,bantu_religion
VNA,,kongo.txt,mboma,bantu_religion
MBT,,kongo.txt,kakongo,bantu_religion
#SOY,Soyo,kongo.txt,solongo,bantu_religion
MOM,Momboares,kongo.txt,solongo,bantu_religion
#CHO,Chokwe,kongo.txt,chokwe,bantu_religion
#OVI,Ovimbundu,kongo.txt,ovimbundu,bantu_religion
#LND,Lunda,kongo.txt,lunda,bantu_religion
#LBA,Luba,kongo.txt,luba,bantu_religion
#KUB,Kuba,kongo.txt,kuba,bantu_religion
#LEG,Lega,kongo.txt,lega,bantu_religion
#VIL,Vili,kongo.txt,vili,bantu_religion
#TKE,Bateke,kongo.txt,teke,bantu_religion
#ABD,Ambundu,kongo.txt,ambundu,bantu_religion
#CBD,Cabinda,kongo.txt,cabinda,bantu_religion
#YAK,Yaka,kongo.txt,yaka,bantu_religion
HOL,,lowlands.txt,low_franconian,catholic
ZEE,,lowlands.txt,low_franconian,catholic
BRB,,lowlands.txt,low_franconian,catholic
FLA,,lowlands.txt,low_franconian,catholic
LUX,,lowlands.txt,moselle_franconian,catholic
LIE,,lowlands.txt,walloon,catholic
CHN,,lowlands.txt,moselle_franconian,catholic
LIM,,lowlands.txt,walloon,catholic
NAM,,lowlands.txt,walloon,catholic
LOO,,lowlands.txt,low_franconian,catholic
VBG,,lowlands.txt,low_franconian,catholic
HRN,,lowlands.txt,low_franconian,catholic
CJK,,lowlands.txt,low_franconian,catholic
UTR,,lowlands.txt,low_franconian,catholic
FRI,,lowlands.txt,frisian,catholic
STV,,lowlands.txt,walloon,catholic
HAI,,lowlands.txt,picard,catholic
ARS,,lowlands.txt,picard,catholic
STP,,lowlands.txt,picard,catholic
BGN,,lowlands.txt,picard,catholic
BNT,,lowlands.txt,westphalian,catholic
BLL,,lowlands.txt,moselle_franconian,catholic
HBG,,lowlands.txt,low_franconian,catholic
TAR,,mesoamerica.txt,purepecha_culture,mesoamerican
CRK,,mesoamerica.txt,purepecha_culture,mesoamerican
CTE,,mesoamerica.txt,purepecha_culture,mesoamerican
TUZ,,mesoamerica.txt,purepecha_culture,mesoamerican
TZI,,mesoamerica.txt,purepecha_culture,mesoamerican
TAX,,mesoamerica.txt,purepecha_culture,mesoamerican
TNC,,mesoamerica.txt,nahua_culture,nahuatl
TTZ,,mesoamerica.txt,nahua_culture,nahuatl
CUL,,mesoamerica.txt,nahua_culture,nahuatl
TEP,,mesoamerica.txt,nahua_culture,nahuatl
TCP,,mesoamerica.txt,nahua_culture,nahuatl
OTO,,mesoamerica.txt,otomanguean_culture,chichimecah_religion
AXO,,mesoamerica.txt,otomanguean_culture,chichimecah_religion
MET,,mesoamerica.txt,otomanguean_culture,chichimecah_religion
HYC,,mesoamerica.txt,huastec_culture,mayan
TUT,,mesoamerica.txt,huastec_culture,mayan
XIL,,mesoamerica.txt,otomanguean_culture,chichimecah_religion
ZIN,,mesoamerica.txt,otomanguean_culture,chichimecah_religion
MAT,,mesoamerica.txt,matlatzinca_culture,nahuatl
MLN,,mesoamerica.txt,matlatzinca_culture,nahuatl
TLA,,mesoamerica.txt,mephaa_culture,mesoamerican
YPZ,,mesoamerica.txt,mephaa_culture,mesoamerican
CLP,,mesoamerica.txt,mephaa_culture,mesoamerican
OAP,,mesoamerica.txt,mephaa_culture,mesoamerican
TLX,,mesoamerica.txt,tlaxcaltec_culture,nahuatl
ZAP,,mesoamerica.txt,zapotec_culture,mesoamerican
TPL,,mesoamerica.txt,mixtec_culture,mesoamerican
IXL,,mesoamerica.txt,mixtec_culture,mesoamerican
YDZ,,mesoamerica.txt,mixtec_culture,mesoamerican
YAU,,mesoamerica.txt,zapotec_culture,mesoamerican
THT,,mesoamerica.txt,zapotec_culture,mesoamerican
MIX,,mesoamerica.txt,mixtec_culture,mesoamerican
QIG,,mesoamerica.txt,mixtec_culture,mesoamerican
TZL,,mesoamerica.txt,mixtec_culture,mesoamerican
JUX,,mesoamerica.txt,mixtec_culture,nahuatl
TCQ,,mesoamerica.txt,mixtec_culture,mesoamerican
YCH,,mesoamerica.txt,mixtec_culture,mesoamerican
COI,,mesoamerica.txt,mixtec_culture,mesoamerican
CCN,,mesoamerica.txt,mixtec_culture,mesoamerican
NND,,mesoamerica.txt,zapotec_culture,mesoamerican
MHT,,mesoamerica.txt,zapotec_culture,mesoamerican
TEO,,mesoamerica.txt,popoloca_culture,mesoamerican
CLM,,mesoamerica.txt,teco_culture,nahuatl
TOT,,mesoamerica.txt,totonac_culture,mayan
MZT,,mesoamerica.txt,totonac_culture,mayan
PPT,,mesoamerica.txt,totonac_culture,mayan
QHZ,,mesoamerica.txt,totonac_culture,mayan
HST,,mesoamerica.txt,huastec_culture,mayan
MCC,,mesoamerica.txt,huastec_culture,mayan
TTC,,mesoamerica.txt,huastec_culture,mayan
TXP,,mesoamerica.txt,huastec_culture,mayan
OZL,,mesoamerica.txt,huastec_culture,mayan
OXT,,mesoamerica.txt,huastec_culture,mayan
TZH,,mesoamerica.txt,huastec_culture,mayan
TZP,,mesoamerica.txt,huastec_culture,mayan
XAL,,mesoamerica.txt,nahua_culture,nahuatl
TAA,,mesoamerica.txt,nahua_culture,nahuatl
TZZ,,mesoamerica.txt,huichol_culture,chichimecah_religion
SNT,,mesoamerica.txt,huichol_culture,chichimecah_religion
#PAM,Pame,mesoamerica.txt,pame_culture,chichimecah_religion
TNL,,mesoamerica.txt,tonala_culture,chichimecah_religion
MXT,,mesoamerica.txt,tonala_culture,chichimecah_religion
YAH,,mesoamerica.txt,tonala_culture,chichimecah_religion
TPN,,mesoamerica.txt,tonala_culture,chichimecah_religion
MIT,,mesoamerica.txt,tonala_culture,chichimecah_religion
XLT,,mesoamerica.txt,tonala_culture,chichimecah_religion
CON,,mesoamerica.txt,tonala_culture,chichimecah_religion
ACA,,mesoamerica.txt,tonala_culture,chichimecah_religion
#TPC,Tepecan,mesoamerica.txt,tepecan_culture,chichimecah_religion
TEL,,mesoamerica.txt,caxcan_culture,chichimecah_religion
XOC,,mesoamerica.txt,caxcan_culture,chichimecah_religion
#ZAC,Zacatecah,mesoamerica.txt,zacatecah_culture,chichimecah_religion
#ZAI,Zain,mesoamerica.txt,zacatecah_culture,chichimecah_religion
#GAM,Guamar,mesoamerica.txt,guamar_culture,chichimecah_religion
#SAU,Sauzas,mesoamerica.txt,sauzas_culture,chichimecah_religion
#GUX,Guaxaban,mesoamerica.txt,guachichil_culture,chichimecah_religion
#IZT,Iztachichimecah,mesoamerica.txt,iztachichimecah_culture,chichimecah_religion
ATO,,mesoamerica.txt,iztachichimecah_culture,chichimecah_religion
TZC,,mesoamerica.txt,iztachichimecah_culture,chichimecah_religion
CLC,,mesoamerica.txt,nahua_culture,nahuatl
HUX,,mesoamerica.txt,nahua_culture,nahuatl
CUU,,mesoamerica.txt,nahua_culture,nahuatl
TCH,,mesoamerica.txt,chontal_culture,nahuatl
OZT,,mesoamerica.txt,nahua_culture,nahuatl
TMS,,mesoamerica.txt,nahua_culture,nahuatl
TCC,,mesoamerica.txt,nahua_culture,nahuatl
CTL,,mesoamerica.txt,nahua_culture,nahuatl
TLL,,mesoamerica.txt,cuitlatec_culture,nahuatl
ZOM,,mesoamerica.txt,nahua_culture,nahuatl
TLZ,,mesoamerica.txt,nahua_culture,nahuatl
UAU,,mesoamerica.txt,nahua_culture,nahuatl
YOH,,mesoamerica.txt,mixtec_culture,mesoamerican
TPT,,mesoamerica.txt,cuitlatec_culture,nahuatl
CIH,,mesoamerica.txt,cuitlatec_culture,nahuatl
ZCT,,mesoamerica.txt,tolimec_culture,nahuatl
AJC,,mesoamerica.txt,cuitlatec_culture,mesoamerican
TLP,,mesoamerica.txt,mephaa_culture,mesoamerican
AYO,,mesoamerica.txt,mephaa_culture,nahuatl
OMT,,mesoamerica.txt,amuzgo_culture,mesoamerican
CTC,,mesoamerica.txt,zoque_culture,nahuatl
CTZ,,mesoamerica.txt,nahua_culture,nahuatl
TPY,,mesoamerica.txt,nahua_culture,nahuatl
CTX,,mesoamerica.txt,nahua_culture,nahuatl
CLL,,mesoamerica.txt,nahua_culture,nahuatl
HJZ,,mesoamerica.txt,nahua_culture,nahuatl
XCH,,mesoamerica.txt,nahua_culture,nahuatl
IXT,,mesoamerica.txt,totonac_culture,mayan
TEE,,mesoamerica.txt,totonac_culture,mayan
ZAT,,mesoamerica.txt,otomanguean_culture,chichimecah_religion
TLQ,,mesoamerica.txt,totonac_culture,mayan
TCY,,mesoamerica.txt,totonac_culture,mayan
AHU,,mesoamerica.txt,huichol_culture,chichimecah_religion
GCH,,mesoamerica.txt,nahua_culture,nahuatl
ETZ,,mesoamerica.txt,nahua_culture,nahuatl
XCT,,mesoamerica.txt,huichol_culture,chichimecah_religion
AME,,mesoamerica.txt,nahua_culture,nahuatl
TNX,,mesoamerica.txt,nahua_culture,nahuatl
AML,,mesoamerica.txt,nahua_culture,nahuatl
CZL,,mesoamerica.txt,otomanguean_culture,chichimecah_religion
TMT,,mesoamerica.txt,otomanguean_culture,chichimecah_religion
MHC,,mesoamerica.txt,nahua_culture,nahuatl
XIH,,mesoamerica.txt,nahua_culture,nahuatl
ATL,,mesoamerica.txt,nahua_culture,nahuatl
CCL,,mesoamerica.txt,nahua_culture,nahuatl
HTZ,,mesoamerica.txt,nahua_culture,nahuatl
AZL,,mesoamerica.txt,naayeri_culture,chichimecah_religion
TZM,,mesoamerica.txt,purepecha_culture,mesoamerican
TLY,,mesoamerica.txt,nahua_culture,nahuatl
CAU,,mesoamerica.txt,nahua_culture,nahuatl
AMP,,mesoamerica.txt,otomanguean_culture,chichimecah_religion
SAY,,mesoamerica.txt,nahua_culture,nahuatl
PTP,,mesoamerica.txt,nahua_culture,nahuatl
XAP,,mesoamerica.txt,nahua_culture,nahuatl
CUO,,mesoamerica.txt,nahua_culture,nahuatl
XIC,,mesoamerica.txt,nahua_culture,nahuatl
TOH,,mesoamerica.txt,mixtec_culture,mesoamerican
TTA,,mesoamerica.txt,popoloca_culture,mesoamerican
PTL,,mesoamerica.txt,nahua_culture,nahuatl
CSM,,mesoamerica.txt,nahua_culture,nahuatl
OTA,,mesoamerica.txt,nahua_culture,nahuatl
TLT,,mesoamerica.txt,nahua_culture,nahuatl
TOZ,,mesoamerica.txt,nahua_culture,nahuatl
IZC,,mesoamerica.txt,zoque_culture,nahuatl
TSE,,mesoamerica.txt,zoque_culture,nahuatl
CCP,,mesoamerica.txt,zoque_culture,nahuatl
OZU,,mesoamerica.txt,mixtec_culture,mesoamerican
ATP,,mesoamerica.txt,mixe_culture,nahuatl
CPN,,mesoamerica.txt,popoloca_culture,mesoamerican
XCP,,mesoamerica.txt,popoloca_culture,mesoamerican
ATT,,mesoamerica.txt,mixe_culture,nahuatl
IXA,,mesoamerica.txt,tolimec_culture,nahuatl
CUZ,,mesoamerica.txt,purepecha_culture,mesoamerican
TLO,,mesoamerica.txt,nahua_culture,nahuatl
AMT,,mesoamerica.txt,nahua_culture,nahuatl
QLL,,mesoamerica.txt,nahua_culture,nahuatl
IZO,,mesoamerica.txt,nahua_culture,nahuatl
AXC,,mesoamerica.txt,nahua_culture,nahuatl
TPX,,mesoamerica.txt,popoloca_culture,mesoamerican
ZCZ,,mesoamerica.txt,nahua_culture,nahuatl
ITZ,,mesoamerica.txt,itza_culture,mayan
COC,,mesoamerica.txt,yucatec_culture,mayan
XIU,,mesoamerica.txt,yucatec_culture,mayan
CNL,,mesoamerica.txt,yucatec_culture,mayan
CKP,,mesoamerica.txt,putun_culture,mayan
HEL,,mesoamerica.txt,yucatec_culture,mayan
UAY,,mesoamerica.txt,yucatec_culture,mayan
#MOP,Mopan,mesoamerica.txt,mopan_culture,mayan
CTM,,mesoamerica.txt,putun_culture,mayan
KOW,,mesoamerica.txt,kowoj_culture,mayan
YOK,,mesoamerica.txt,chontal_culture,mayan
XOL,,mesoamerica.txt,chol_culture,mayan
#QEQ,Qʼeqchiʼ,mesoamerica.txt,qeqchi_culture,mayan
KIC,,mesoamerica.txt,kiche_culture,mayan
CHT,,mesoamerica.txt,chorti_culture,mayan
LAC,,mesoamerica.txt,tzotzil_culture,mayan
KAQ,,mesoamerica.txt,kaqchikel_culture,mayan
MMM,,mesoamerica.txt,mam_culture,mayan
#TOJ,Tojolabal,mesoamerica.txt,tojolabal_culture,mayan
TZE,,mesoamerica.txt,tzeltal_culture,mayan
TZU,,mesoamerica.txt,tzutujil_culture,mayan
QAN,,mesoamerica.txt,qanjobal_culture,mayan
#TOQ,Toquegua,mesoamerica.txt,toquegua_culture,mayan
DIT,,north_germany.txt,holsatian,catholic
HSA,,north_germany.txt,hanseatic,catholic
LUB,,north_germany.txt,holsatian,catholic
LBB,,north_germany.txt,holsatian,catholic
BRA,,north_germany.txt,brandenburgish,catholic
ALL,,north_germany.txt,saxon,catholic
MAG,,north_germany.txt,brandenburgish,catholic
THU,,north_germany.txt,saxon,catholic
BRE,,north_germany.txt,lower_saxon,catholic
BRM,,north_germany.txt,lower_saxon,catholic
MDN,,north_germany.txt,angrian,catholic
NSA,,north_germany.txt,rhine_franconian,catholic
NSH,,north_germany.txt,moselle_franconian,catholic
NSS,,north_germany.txt,moselle_franconian,catholic
NSD,,north_germany.txt,rhine_franconian,catholic
BRG,,north_germany.txt,ripuarian_franconian,catholic
KTZ,,north_germany.txt,rhine_franconian,catholic
MAI,,north_germany.txt,rhine_franconian,catholic
SAA,,north_germany.txt,rhine_franconian,catholic
STE,,north_germany.txt,markish,catholic
HPL,,north_germany.txt,holsatian,catholic
HTR,,north_germany.txt,holsatian,catholic
SLV,,north_germany.txt,holsatian,catholic
HNB,,north_germany.txt,east_franconian,catholic
SPY,,north_germany.txt,rhine_franconian,catholic
PLN,,north_germany.txt,east_franconian,catholic
MEI,,north_germany.txt,saxon,catholic
ABSEL,,north_germany.txt,german_silesian,catholic
LDB,,north_germany.txt,saxon,catholic
GLA,,north_germany.txt,saxon,catholic
SOR,,north_germany.txt,sorbian,catholic
SPB,,north_germany.txt,german_silesian,catholic
SWB,,north_germany.txt,saxon,catholic
RUP,,north_germany.txt,markish,catholic
HVB,,north_germany.txt,markish,catholic
SWR,,north_germany.txt,western_pomeranian,catholic
WRN,,north_germany.txt,western_pomeranian,catholic
MKL,,north_germany.txt,western_pomeranian,catholic
RZB,,north_germany.txt,western_pomeranian,catholic
RST,,north_germany.txt,western_pomeranian,catholic
GSW,,north_germany.txt,western_pomeranian,catholic
WOL,,north_germany.txt,western_pomeranian,catholic
KMM,,north_germany.txt,eastern_pomeranian,catholic
NWG,,north_germany.txt,eastern_pomeranian,catholic
LAU,,north_germany.txt,lower_saxon,catholic
HAM,,north_germany.txt,lower_saxon,catholic
HBS,,north_germany.txt,eastphalian,catholic
BBG,,north_germany.txt,eastphalian,catholic
ANH,,north_germany.txt,saxon,catholic
BNB,,north_germany.txt,saxon,catholic
MFE,,north_germany.txt,saxon,catholic
MRB,,north_germany.txt,saxon,catholic
NMB,,north_germany.txt,saxon,catholic
QUB,,north_germany.txt,saxon,catholic
WMA,,north_germany.txt,saxon,catholic
SWZ,,north_germany.txt,saxon,catholic
FLD,,north_germany.txt,rhine_franconian,catholic
SHS,,north_germany.txt,saxon,catholic
NHS,,north_germany.txt,saxon,catholic
MLH,,north_germany.txt,saxon,catholic
ERF,,north_germany.txt,saxon,catholic
HSF,,north_germany.txt,rhine_franconian,catholic
HES,,north_germany.txt,rhine_franconian,catholic
PDB,,north_germany.txt,angrian,catholic
ZIG,,north_germany.txt,rhine_franconian,catholic
HNA,,north_germany.txt,rhine_franconian,catholic
BUD,,north_germany.txt,rhine_franconian,catholic
WTZ,,north_germany.txt,rhine_franconian,catholic
TRI,,north_germany.txt,moselle_franconian,catholic
DIE,,north_germany.txt,rhine_franconian,catholic
FRN,,north_germany.txt,rhine_franconian,catholic
ERB,,north_germany.txt,rhine_franconian,catholic
WRM,,north_germany.txt,rhine_franconian,catholic
SYE,,north_germany.txt,rhine_franconian,catholic
ZWE,,north_germany.txt,rhine_franconian,catholic
LNN,,north_germany.txt,rhine_franconian,catholic
SPO,,north_germany.txt,rhine_franconian,catholic
SYN,,north_germany.txt,moselle_franconian,catholic
KOL,,north_germany.txt,ripuarian_franconian,catholic
DUN,,north_germany.txt,moselle_franconian,catholic
APR,,north_germany.txt,moselle_franconian,catholic
AAC,,north_germany.txt,ripuarian_franconian,catholic
JUL,,north_germany.txt,ripuarian_franconian,catholic
GEL,,north_germany.txt,low_franconian,catholic
ZUT,,north_germany.txt,low_franconian,catholic
GMK,,north_germany.txt,westphalian,catholic
WTG,,north_germany.txt,rhine_franconian,catholic
DTM,,north_germany.txt,westphalian,catholic
ESS,,north_germany.txt,low_franconian,catholic
MRS,,north_germany.txt,low_franconian,catholic
KLE,,north_germany.txt,low_franconian,catholic
ANB,,north_germany.txt,angrian,catholic
LPP,,north_germany.txt,angrian,catholic
HOX,,north_germany.txt,angrian,catholic
RVB,,north_germany.txt,angrian,catholic
OSN,,north_germany.txt,westphalian,catholic
TCK,,north_germany.txt,westphalian,catholic
MUN,,north_germany.txt,westphalian,catholic
LUN,,north_germany.txt,lower_saxon,catholic
BRU,,north_germany.txt,eastphalian,catholic
GBH,,north_germany.txt,angrian,catholic
HDH,,north_germany.txt,eastphalian,catholic
GOS,,north_germany.txt,eastphalian,catholic
SCB,,north_germany.txt,angrian,catholic
HOY,,north_germany.txt,lower_saxon,catholic
NIE,,north_germany.txt,lower_saxon,catholic
DPH,,north_germany.txt,lower_saxon,catholic
VRD,,north_germany.txt,lower_saxon,catholic
RTB,,north_germany.txt,lower_saxon,catholic
OLD,,north_germany.txt,lower_saxon,catholic
BMS,,north_germany.txt,saxon,catholic
BLB,,north_germany.txt,markish,catholic
BBD,,north_germany.txt,brandenburgish,catholic
HSP,,north_germany.txt,holsatian,catholic
BSK,,north_germany.txt,brandenburgish,catholic
WGO,,north_germany.txt,eastphalian,catholic
BHL,,north_germany.txt,saxon,catholic
GLN,,north_germany.txt,saxon,catholic
WDE,,north_germany.txt,rhine_franconian,catholic
RBG,,north_germany.txt,angrian,catholic
NSW,,north_germany.txt,rhine_franconian,catholic
NSI,,north_germany.txt,rhine_franconian,catholic
RDL,,north_germany.txt,rhine_franconian,catholic
NID,,north_germany.txt,rhine_franconian,catholic
EVS,,north_germany.txt,angrian,catholic
JEV,,north_germany.txt,frisian,catholic
WIE,,north_germany.txt,moselle_franconian,catholic
CHB,Chobanids,persia.txt,mongolian_culture,shia
MZF,Muzaffarids,persia.txt,farsi_culture,sunni
KRM,Kerman,persia.txt,farsi_culture,sunni
INJ,Injuids,persia.txt,farsi_culture,sunni
KHU,Khunj,persia.txt,farsi_culture,sunni
KRT,Kartids,persia.txt,khorasani_culture,sunni
SRB,Sarbadars,persia.txt,khorasani_culture,shia
GRG,Gurgan  (Togha Temur),persia.txt,mongolian_culture,sunni
MIH,Mihrabanids,persia.txt,khorasani_culture,sunni
KHN,Kharan,persia.txt,baloch_culture,sunni
SHB,Shabankara,persia.txt,farsi_culture,sunni
JUR,Jurmanids,persia.txt,mongolian_culture,tengri
UGH,Ughanids,persia.txt,mongolian_culture,tengri
HZP,Hazaraspids,persia.txt,lur_culture,sunni
ORM,Ormus,persia.txt,farsi_culture,sunni
FAL,Fal,persia.txt,farsi_culture,sunni
JSK,Jask,persia.txt,farsi_culture,sunni
MZN,Tabaristan,persia.txt,mazanderani_culture,shia
BDS,Baduspanids,persia.txt,mazanderani_culture,shia
MKR,Makran,persia.txt,baloch_culture,sunni
BMP,Bampur,persia.txt,baloch_culture,sunni
BLA,Buleda,persia.txt,baloch_culture,sunni
KLW,Kolwa,persia.txt,baloch_culture,sunni
KHZ,Khuzdar,persia.txt,sindhi,sunni
KLA,Kalat,persia.txt,brahui_culture,sunni
LCK,Khorshidi,persia.txt,lur_culture,shia
LST,Larestan,persia.txt,achomi_culture,sunni
ERA,Sasanian Empire / Eranshahr,persia.txt,farsi_culture,zoroastrian
HDN,Hamadan,persia.txt,farsi_culture,sunni
QOM,Qom,persia.txt,farsi_culture,sunni
KSA,Kashan,persia.txt,farsi_culture,sunni
ASR,Astarabad,persia.txt,mazanderani_culture,shia
JKR,Jauni Kurban,persia.txt,oirat_culture,sunni
SFR,Esfarayen,persia.txt,khorasani_culture,sunni
SBZ,Sabzevar,persia.txt,khorasani_culture,sunni
KHT,Kuhistan,persia.txt,khorasani_culture,sunni
MRV,Merv,persia.txt,tajik_culture,sunni
KHF,Khaf,persia.txt,farsi_culture,sunni
HLG,Huleguids,persia.txt,mongolian_culture,sunni
NGD,Neguderi,persia.txt,mongolian_culture,sunni
QUN,Qara'unas,persia.txt,mongolian_culture,sunni
BSD,Besüd,persia.txt,mongolian_culture,sunni
ART,Arlat,persia.txt,tajik_culture,sunni
APD,Apardi,persia.txt,mongolian_culture,sunni
SLD,Suldus,persia.txt,mongolian_culture,sunni
BRL,Barlas,persia.txt,mongolian_culture,sunni
YSU,Yasa'uri,persia.txt,mongolian_culture,sunni
KTT,Khuttal,persia.txt,mongolian_culture,sunni
JLY,Jalayirs,persia.txt,mongolian_culture,sunni
LHJ,Lahijan,persia.txt,gilak_culture,sunni
RNK,Ranekouh,persia.txt,gilak_culture,sunni
FMN,Fuman,persia.txt,gilak_culture,sunni
RSH,Rasht,persia.txt,gilak_culture,sunni
TLM,Tulam,persia.txt,gilak_culture,shia
ABL,Ardabil,persia.txt,farsi_culture,shia
TIM,Timurids - MOVED from east_asia,persia.txt,khorezmian_culture,sunni
ABOXN,Transoxiana,persia.txt,khorezmian_culture,sunni
ABKMY,Kamyskala,persia.txt,uzbek_culture,sunni
ABAFG,Afghanistan,persia.txt,afghan_culture,sunni
ABBLK,Balkh,persia.txt,tajik_culture,sunni
ABHMN,Shuman,persia.txt,khorezmian_culture,sunni
ABBGA,Bagram,persia.txt,tajik_culture,sunni
ABKHV,Khiva,persia.txt,nogai,sunni
#WAI,Waitaha,polynesia.txt,maori_culture,tapu_religion
#NPO,Ngati Porou,polynesia.txt,maori_culture,tapu_religion
#NKH,Ngati Kahungunu,polynesia.txt,maori_culture,tapu_religion
#NTH,Ngai Tuhoe,polynesia.txt,maori_culture,tapu_religion
#NGI,Nga Oho,polynesia.txt,maori_culture,tapu_religion
#RAP,Te Rapuwai,polynesia.txt,maori_culture,tapu_religion
#NGR,Ngati Ranginui,polynesia.txt,maori_culture,tapu_religion
#HWE,Hawean,polynesia.txt,maori_culture,tapu_religion
#TNI,Tainui,polynesia.txt,maori_culture,tapu_religion
#ARW,Arawan,polynesia.txt,maori_culture,tapu_religion
#PUH,Ngapuhi,polynesia.txt,maori_culture,tapu_religion
#RGT,Rangitane,polynesia.txt,maori_culture,tapu_religion
#AWA,Te Ati Awa,polynesia.txt,maori_culture,tapu_religion
#RUA,Ngati Ruanui,polynesia.txt,maori_culture,tapu_religion
HAW,Hawai'i,polynesia.txt,kanaka_maoli_culture,tapu_religion
MUI,Maui,polynesia.txt,kanaka_maoli_culture,tapu_religion
LHN,Lahaina,polynesia.txt,kanaka_maoli_culture,tapu_religion
MLK,Moloka'i,polynesia.txt,kanaka_maoli_culture,tapu_religion
OAH,Oahu,polynesia.txt,kanaka_maoli_culture,tapu_religion
KAU,Kaua'i,polynesia.txt,kanaka_maoli_culture,tapu_religion
TOG,Tu'i Tonga,polynesia.txt,tonga_oceania_culture,tapu_religion
YAP,Yap,polynesia.txt,yap_culture,yanolop_religion
SAM,Samoa,polynesia.txt,tagata_samoa_culture,tapu_religion
#BUB,Burebasagan,polynesia.txt,itaukei_culture,itaukei_religion
#KBN,Kubuan,polynesia.txt,itaukei_culture,itaukei_religion
#TOV,Tovatan,polynesia.txt,itaukei_culture,itaukei_religion
NOV,,russia.txt,novgorodian,orthodox
PSK,,russia.txt,novgorodian,orthodox
ORE,,russia.txt,novgorodian,orthodox
SMO,,russia.txt,smolenskian_culture,orthodox
FMB,,russia.txt,smolenskian_culture,orthodox
MOS,,russia.txt,muscovite,orthodox
PZL,,russia.txt,muscovite,orthodox
KLM,,russia.txt,muscovite,orthodox
VLR,,russia.txt,muscovite,orthodox
UGL,,russia.txt,muscovite,orthodox
YRV,,russia.txt,muscovite,orthodox
TPS,,russia.txt,novgorodian,orthodox
BLO,,russia.txt,novgorodian,orthodox
YAR,,russia.txt,muscovite,orthodox
RSO,,russia.txt,muscovite,orthodox
TVE,,russia.txt,muscovite,orthodox
KAS,,russia.txt,muscovite,orthodox
KLN,,russia.txt,muscovite,orthodox
ZUB,,russia.txt,muscovite,orthodox
DMI,,russia.txt,muscovite,orthodox
GLM,,russia.txt,muscovite,orthodox
RZH,,russia.txt,muscovite,orthodox
VYA,,russia.txt,smolenskian_culture,orthodox
TRB,,russia.txt,severian,orthodox
BRY,,russia.txt,smolenskian_culture,orthodox
CHR,,russia.txt,severian,orthodox
STS,,russia.txt,severian,orthodox
NVS,,russia.txt,severian,orthodox
RYL,,russia.txt,severian,orthodox
NSL,,russia.txt,smolenskian_culture,orthodox
KCH,,russia.txt,smolenskian_culture,orthodox
KZK,,russia.txt,smolenskian_culture,orthodox
TRS,,russia.txt,muscovite,orthodox
RYA,,russia.txt,ryazanian,orthodox
PRK,,russia.txt,ryazanian,orthodox
SKY,,russia.txt,muscovite,orthodox
NZH,,russia.txt,muscovite,orthodox
GRS,,russia.txt,muscovite,orthodox
SZL,,russia.txt,muscovite,orthodox
MRM,,russia.txt,muscovite,orthodox
KOS,,russia.txt,muscovite,orthodox
MOG,,russia.txt,muscovite,orthodox
PRM,,russia.txt,komi,komi_paganism
VYT,,russia.txt,novgorodian,orthodox
#OBD,Obdorian,siberia.txt,nenets_culture,samoyedic_paganism
PLY,Pelymian,siberia.txt,mansi_culture,obian_paganism
BAK,Bardakian,siberia.txt,khanty_culture,obian_paganism
KND,Kondan,siberia.txt,khanty_culture,obian_paganism
#BGJ,Belogoryan,siberia.txt,khanty_culture,obian_paganism
#KOD,Kodan,siberia.txt,khanty_culture,obian_paganism
#SVA,Sosvan,siberia.txt,khanty_culture,obian_paganism
#KZY,Kazymian,siberia.txt,khanty_culture,obian_paganism
#LYA,Lyapinian,siberia.txt,nenets_culture,samoyedic_paganism
TBY,Tabarian,siberia.txt,mansi_culture,obian_paganism
SLK,Selkup,siberia.txt,selkup_culture,samoyedic_paganism
#BRT,,siberia.txt,buryat_culture,tengri
HGO,,siberia.txt,khakas_culture,tengri
#ALT,,siberia.txt,telengit_culture,tengri
#KMG,,siberia.txt,khamag_culture,tengri
#SAK,,siberia.txt,sakha_culture,tengri
#EVE,,siberia.txt,evesel_culture,tungusic_shamanism
#YKG,,siberia.txt,kolyms_culture,yukaghir_shamanism
#KYK,,siberia.txt,koryak_culture,chukchi_shamanism
#XHO,,south_africa.txt,xhosa_culture,bantu_religion
#NGU,,south_africa.txt,nguni_culture,bantu_religion
#TWA,,south_africa.txt,tswana_culture,badimo_religion
#SOT,,south_africa.txt,sotho_culture,badimo_religion
#VED,,south_africa.txt,venda_culture,bantu_religion
#KLG,,south_africa.txt,kalanga_culture,bantu_religion
KHM,Khmer,south_east_asia.txt,khmer_culture,theravada
CHA,Champa,south_east_asia.txt,cham_culture,hindu
DAI,Dai Viet,south_east_asia.txt,vietnamese_culture,mahayana
SUK,Sukhothai,south_east_asia.txt,thai_culture,theravada
LNA,Lan Na,south_east_asia.txt,khon_muang_culture,theravada
LAV,Lavo,south_east_asia.txt,thai_culture,theravada
ADH,Ayodhya,south_east_asia.txt,thai_culture,theravada
PEG,Pegu / Hanthawaddy,south_east_asia.txt,mon_culture,theravada
SNG,Singapura,south_east_asia.txt,malay_culture,hindu
LIG,Ligor,south_east_asia.txt,dambro_culture,theravada
LGK,Langkasuka,south_east_asia.txt,malay_culture,hindu
KED,Kedah,south_east_asia.txt,malay_culture,sunni
PAH,Pahang,south_east_asia.txt,malay_culture,mahayana
SPN,Suphanburi,south_east_asia.txt,thai_culture,theravada
ARK,Arakan / Launggyet,south_east_asia.txt,rakhine_culture,theravada
PIN,Pinya,south_east_asia.txt,burmese_culture,theravada
SAG,Sagaing,south_east_asia.txt,burmese_culture,theravada
TNG,Toungoo,south_east_asia.txt,burmese_culture,theravada
BPR,Prome,south_east_asia.txt,burmese_culture,theravada
PHY,Phayao,south_east_asia.txt,khon_muang_culture,theravada
PUA,Pua (Nan),south_east_asia.txt,khon_muang_culture,theravada
MUA,Muang Sua,south_east_asia.txt,lao_culture,mahayana
VTN,Vientiane,south_east_asia.txt,lao_culture,mahayana
CBK,Nguu Hong (Cobra Kingdom),south_east_asia.txt,dai_culture,satsana_phi
MYA,Mongyang,south_east_asia.txt,tai_nua_culture,satsana_phi
MKA,Mongkawng,south_east_asia.txt,tai_nua_culture,satsana_phi
HKM,Hkamti,south_east_asia.txt,tai_nua_culture,satsana_phi
MKN,Mong Kong,south_east_asia.txt,tai_nua_culture,satsana_phi
HHP,Hsawng Hsup,south_east_asia.txt,tai_nua_culture,satsana_phi
HSE,Hsenwi,south_east_asia.txt,tai_nua_culture,satsana_phi
HSI,Hsipaw,south_east_asia.txt,tai_long_culture,satsana_phi
MNI,Mongnai,south_east_asia.txt,tai_long_culture,satsana_phi
MGT,Mongmit,south_east_asia.txt,tai_nua_culture,satsana_phi
KAL,Kale,south_east_asia.txt,tai_nua_culture,satsana_phi
WNT,Wuntho,south_east_asia.txt,tai_nua_culture,satsana_phi
BHM,Bhamo,south_east_asia.txt,tai_nua_culture,satsana_phi
KTG,Kengtung,south_east_asia.txt,tai_lu_culture,satsana_phi
MLM,Mong Lem,south_east_asia.txt,tai_nua_culture,satsana_phi
#WAS,Wa,south_east_asia.txt,wa_culture,wa_religion
#JGP,Jingpo / Jinghpaw / Kachin,south_east_asia.txt,jingpo_culture,jingpo_religion
KRN,Karen,south_east_asia.txt,karen_culture,karen_religion
#MUO,Muong,south_east_asia.txt,muong_culture,muong_religion
#ASL,Orang Asli,south_east_asia.txt,orang_asli_culture,orang_asli_religion
ZOO,Zo,south_east_asia.txt,zo_culture,mizo_religion
#ZHU,Zhuang,south_east_asia.txt,zhuang_culture,moism
MLB,Kangleipak (Manipur),south_east_asia.txt,meitei_culture,sanamahism
BES,Beruas,south_east_asia.txt,malay_culture,hindu
MNJ,Manjung,south_east_asia.txt,malay_culture,hindu
PTC,Petchaburi,south_east_asia.txt,thai_culture,theravada
TSM,Tenasserim,south_east_asia.txt,mon_culture,theravada
DEG,Degar,south_east_asia.txt,degar_culture,degar_religion
#BHN,Bahnar,south_east_asia.txt,bahnar_culture,bahnar_religion
#SED,Bahnar,south_east_asia.txt,sedang_culture,sedang_religion
BVK,Bru,south_east_asia.txt,bru_culture,bru_religion
KUY,Kuy,south_east_asia.txt,kuy_culture,satsana_phi
#KMU,Khmu,south_east_asia.txt,khmu_culture,satsana_phi
NAA,Naga,south_east_asia.txt,naga_culture,naga_religion
MLC,Malacca,south_east_asia.txt,malay_culture,mahayana
GLH,,steppes.txt,astrakhani,sunni
CRI,,steppes.txt,crimean,sunni
NOG,,steppes.txt,nogai,sunni
ATR,,steppes.txt,astrakhani,sunni
FEO,,steppes.txt,gothic_culture,orthodox
BSH,,steppes.txt,bashkir,sunni
MGE,,steppes.txt,mongolian_culture,tengri
GAZ,,steppes.txt,ligurian,catholic
ABUZB,,steppes.txt,uzbek_culture,tengri
ABIGZ,,steppes.txt,uzbek_culture,tengri
ABKAZ,Kazan,steppes.txt,kazani,sunni
JOL,,west_africa.txt,wolof,geno_religion
FUL,,west_africa.txt,fulbe,geno_religion
MPR,,west_africa.txt,mamprusi,naa_wuni_religion
DGB,,west_africa.txt,dagbani,buyli_religion
KNG,,west_africa.txt,dyula,nyama_religion
BON,,west_africa.txt,akan,akan_religion
GYA,,west_africa.txt,akan,akan_religion
MNK,,west_africa.txt,akan,akan_religion
ZZZ,,west_africa.txt,hausa,sunni
NUP,,west_africa.txt,nupe,isese_religion
BEN,,west_africa.txt,edo,isese_religion
OYO,,west_africa.txt,yoruba,isese_religion
IFE,,west_africa.txt,yoruba,isese_religion
OWO,,west_africa.txt,yoruba,isese_religion
IJB,,west_africa.txt,yoruba,isese_religion
ISO,,west_africa.txt,yoruba,isese_religion
IYA,,west_africa.txt,yoruba,isese_religion
OKE,,west_africa.txt,yoruba,isese_religion
IJE,,west_africa.txt,yoruba,isese_religion
ADO,,west_africa.txt,yoruba,isese_religion
IJS,,west_africa.txt,yoruba,isese_religion
AKR,,west_africa.txt,yoruba,isese_religion
OND,,west_africa.txt,yoruba,isese_religion
AWO,,west_africa.txt,yoruba,isese_religion
KET,,west_africa.txt,yoruba,isese_religion
NRI,,west_africa.txt,igbo,odinala_religion
BMR,,west_africa.txt,bambara,sunni
KBR,,west_africa.txt,bambara,sunni
ZGH,,west_africa.txt,bambara,sunni
BBK,,west_africa.txt,soninke,sunni
DFN,,west_africa.txt,soninke,sunni
GHA,,west_africa.txt,soninke,sunni
KAB,,west_africa.txt,balanta,nhaala_religion
MAL,,west_africa.txt,mandinka,sunni
SGH,,west_africa.txt,godala_culture,sunni
TKR,,west_africa.txt,soninke,sunni
TMK,,west_africa.txt,tuareg,sunni
TMB,,west_africa.txt,mandinka,sunni
#TRG,,west_africa.txt,tuareg,sunni
ABBBN,,west_africa.txt,tuareg,sunni
SON,,west_africa.txt,songhai,sunni
TFK,,west_africa.txt,songhai,sunni
BOR,,west_africa.txt,bariba,isese_religion
OUA,,west_africa.txt,mossi,rogo_miki_religion
GWI,,west_africa.txt,mossi,rogo_miki_religion
LIP,,west_africa.txt,mossi,rogo_miki_religion
YAT,,west_africa.txt,mossi,rogo_miki_religion
TEN,,west_africa.txt,mossi,rogo_miki_religion
BSM,,west_africa.txt,mossi,rogo_miki_religion
GUR,,west_africa.txt,gurma,rogo_miki_religion
KAN,,west_africa.txt,hausa,sunni
KTS,,west_africa.txt,hausa,sunni
ZAM,,west_africa.txt,hausa,sunni
KEB,,west_africa.txt,hausa,sunni
RAN,,west_africa.txt,hausa,sunni
GOB,,west_africa.txt,hausa,sunni
DAA,,west_africa.txt,hausa,sunni
KBO,,west_africa.txt,kanembu_culture,sunni
YAO,,west_africa.txt,bilala_culture,sunni
ABTNU,,west_africa.txt,mandinka,sunni
ABDGN,,west_africa.txt,dogon,dogon_religion
ABTBS,,west_africa.txt,toubou_culture,sunni
#KOT,,west_africa.txt,sao_culture,sao_religion
BGI,,west_africa.txt,baguirmi_culture,sao_religion
MDR,,west_africa.txt,mandara_culture,sao_religion
#ZGW,,west_africa.txt,zaghawa_culture,karama_religion
WAD,,west_africa.txt,maba_africa_culture,sunni
AIR,,west_africa.txt,tuareg,sunni
DAH,,west_africa.txt,fon,vodun_religion
ABEWE,,west_africa.txt,ewe,vodun_religion
ABIJW,,west_africa.txt,ijaw,ijaw_religion
#KLP,,westcoast.txt,kalapuyan_culture,pomo_shamanism
#CNK,,westcoast.txt,chinook_culture,pomo_shamanism
#TSA,,westcoast.txt,chehalis_culture,salishan_totemism
#MKH,,westcoast.txt,makah_culture,salishan_totemism
#SKL,,westcoast.txt,sklallam_culture,salishan_totemism
#TWN,,westcoast.txt,twana_culture,salishan_totemism
#LHT,,westcoast.txt,lushootseed_culture,salishan_totemism
#LHQ,,westcoast.txt,lummi_culture,salishan_totemism
#HLM,,westcoast.txt,halkomelem_culture,salishan_totemism
#SQH,,westcoast.txt,squamish_culture,salishan_totemism
#KMK,,westcoast.txt,k_omoks_culture,salishan_totemism
#NOO,,westcoast.txt,nootka_culture,salishan_totemism
#KWA,,westcoast.txt,kwakiutl_culture,salishan_totemism
#OOW,,westcoast.txt,oowekyala_culture,salishan_totemism
#NUX,,westcoast.txt,nuxalc_culture,salishan_totemism
#HLK,,westcoast.txt,heiltsuk_culture,salishan_totemism
#HLA,,westcoast.txt,haisla_culture,salishan_totemism
#TMH,,westcoast.txt,tsimshian_culture,dene_totemism
#XDA,,westcoast.txt,haida_culture,dene_totemism
#TLG,,westcoast.txt,tlingit_culture,dene_totemism
