tag,name,file,culture,religion
DUMMY,,_default.txt,,
PIR,,_default.txt,,
MER,,_default.txt,,
SWE,,_scandinavia.txt,swedish,catholic
DAN,,_scandinavia.txt,danish,catholic
SKE,,_scandinavia.txt,danish,catholic
NOR,,_scandinavia.txt,norwegian,catholic
FIN,,_scandinavia.txt,finnish,catholic
BJA,,_scandinavia.txt,bjarmian,muinaisusko
TAV,,_scandinavia.txt,tavastian,muinaisusko
KVE,,_scandinavia.txt,kvens,muinaisusko
SVO,,_scandinavia.txt,savonian,muinaisusko
ICE,,_scandinavia.txt,icelandic,catholic
GRL,,_scandinavia.txt,icelandic,catholic
SMI,,_scandinavia.txt,sapmi,sapmi_shamanism
AHI,,anatolia.txt,turkish_culture,shia
ALY,,anatolia.txt,turkish_culture,sunni
ATQ,,anatolia.txt,turkish_culture,sunni
AYD,,anatolia.txt,turkish_culture,sunni
BFR,,anatolia.txt,turkoman_culture,sunni
CIL,,anatolia.txt,armenian_culture,miaphysite
CND,,anatolia.txt,turkish_culture,sunni
CYP,,anatolia.txt,poitevin,catholic
DIL,,anatolia.txt,turkish_culture,sunni
DUL,,anatolia.txt,turkish_culture,shia
ERE,,anatolia.txt,turkish_culture,sunni
GRM,,anatolia.txt,turkish_culture,sunni
HMD,,anatolia.txt,turkish_culture,sunni
HCI,,anatolia.txt,turkoman_culture,sunni
HSN,,anatolia.txt,kurdish_culture,sunni
INA,,anatolia.txt,turkish_culture,sunni
KAR,,anatolia.txt,turkish_culture,sunni
KBD,,anatolia.txt,turkoman_culture,sunni
KRD,,anatolia.txt,turkish_culture,sunni
MEN,,anatolia.txt,turkish_culture,sunni
SHP,,anatolia.txt,turkish_culture,sunni
SRU,,anatolia.txt,turkish_culture,sunni
SUT,,anatolia.txt,mongolian_culture,sunni
TDJ,,anatolia.txt,turkish_culture,sunni
TEK,,anatolia.txt,turkish_culture,sunni
TRE,,anatolia.txt,pontic_greek_culture,orthodox
TUR,,anatolia.txt,turkish_culture,sunni
BHT,,anatolia.txt,kurdish_culture,yazidism
BIN,,anatolia.txt,kurdish_culture,sunni
BIT,,anatolia.txt,kurdish_culture,sunni
CEM,,anatolia.txt,kurdish_culture,sunni
DSN,,anatolia.txt,kurdish_culture,yazidism
DMB,,anatolia.txt,kurdish_culture,yazidism
EGL,,anatolia.txt,kurdish_culture,sunni
HKK,,anatolia.txt,kurdish_culture,sunni
HZN,,anatolia.txt,kurdish_culture,sunni
HZR,,anatolia.txt,kurdish_culture,sunni
JLM,,anatolia.txt,kurdish_culture,sunni
MZJ,,anatolia.txt,kurdish_culture,sunni
MUS,,anatolia.txt,kurdish_culture,sunni
SOH,,anatolia.txt,kurdish_culture,sunni
ZRQ,,anatolia.txt,kurdish_culture,sunni
ZZR,,anatolia.txt,kurdish_culture,sunni
KIL,,anatolia.txt,kurdish_culture,sunni
TVS,,anatolia.txt,turkish_culture,sunni
QTO,,andes.txt,quitu_culture,pi_religion
CHM,,andes.txt,chimu_culture,inti
XLL,,andes.txt,xllang_culture,naylamp_religion
CYA,,andes.txt,sacha_p_qulla_culture,inti
TLN,,andes.txt,tallan_culture,pi_religion
ICM,,andes.txt,ychsma_culture,inti
WAN,,andes.txt,wanka_culture,inti
HNK,,andes.txt,chanka_culture,chanka_religion
URC,,andes.txt,chanka_culture,chanka_religion
CIC,,andes.txt,chincha_culture,chincha_religion
CSU,,andes.txt,inka_culture,inti
AYA,,andes.txt,wari_culture,inti
PIG,,andes.txt,wari_culture,inti
PCJ,,andes.txt,aimara_culture,inti
LUP,,andes.txt,aimara_culture,inti
OMG,,andes.txt,omaguaca_culture,cebil_religion
CAV,,andes.txt,palta_culture,pi_religion
MLT,,andes.txt,palta_culture,pi_religion
GRR,,andes.txt,palta_culture,pi_religion
MNT,,andes.txt,manta_culture,umina_religion
GCV,,andes.txt,guancavilca_culture,umina_religion
BBA,,andes.txt,guancavilca_culture,umina_religion
SLL,,andes.txt,kanari_culture,pi_religion
HKR,,andes.txt,kanari_culture,pi_religion
CAX,,andes.txt,cara_culture,pi_religion
PUU,,andes.txt,puruha_culture,pi_religion
CRA,,andes.txt,charka_culture,mororuma_religion
KNA,,andes.txt,aimara_culture,inti
KRK,,andes.txt,aimara_culture,inti
QUL,,andes.txt,aimara_culture,inti
SUR,,andes.txt,aimara_culture,inti
PUK,,andes.txt,pukamuru_culture,arutam_religion
BAG,,andes.txt,bagua_culture,arutam_religion
HCH,,andes.txt,wari_culture,inti
CUI,,andes.txt,wari_culture,inti
HUA,,andes.txt,huayla_culture,naylamp_religion
XAU,,andes.txt,xauxa_culture,inti
CSA,,andes.txt,casma_culture,inti
CLQ,,andes.txt,collique_culture,naylamp_religion
NTA,,andes.txt,canta_culture,naylamp_religion
ATV,,andes.txt,atavillos_culture,naylamp_religion
YAW,,andes.txt,yawyu_culture,naylamp_religion
CCY,,andes.txt,chancay_culture,naylamp_religion
HPP,,andes.txt,huancapampa_culture,arutam_religion
HCR,,andes.txt,wari_culture,inti
HRC,,andes.txt,huarco_culture,chincha_religion
SRA,,andes.txt,wari_culture,inti
MYM,,andes.txt,wari_culture,inti
PCR,,andes.txt,wari_culture,inti
PCO,,andes.txt,wari_culture,inti
ANI,,andes.txt,wari_culture,inti
CHJ,,andes.txt,churajon_culture,inti
CBY,,andes.txt,chiribaya_culture,inti
CNC,,andes.txt,wari_culture,inti
LLG,,andes.txt,aimara_culture,inti
AMN,,andes.txt,wari_culture,inti
UMA,,andes.txt,aimara_culture,inti
QQH,,andes.txt,qhara_qhara_culture,cebil_religion
CCT,,andes.txt,chicha_culture,cebil_religion
TUP,,andes.txt,chicha_culture,cebil_religion
CHW,,andes.txt,chuwi_culture,mororuma_religion
KWY,,andes.txt,kallawaya_culture,pava_religion
KLL,,andes.txt,killaka_culture,inti
KKE,,andes.txt,killke_culture,inti
CNO,,andes.txt,chono_culture,umina_religion
BAU,,andes.txt,baure_culture,zemi_religion
ALC,,andes.txt,warpe_culture,yastay_religion
MYC,,andes.txt,warpe_culture,yastay_religion
PHE,,andes.txt,pikumche_culture,tain_feyentun_religion
CPU,,andes.txt,pazioca_culture,yastay_religion
CYC,,andes.txt,pazioca_culture,yastay_religion
CCH,,andes.txt,pazioca_culture,yastay_religion
QIM,,andes.txt,pazioca_culture,yastay_religion
QTR,,andes.txt,licanantay_culture,cebil_religion
YEM,Yemen,arabia.txt,yemeni_culture,sunni
JRW,Jarwanids,arabia.txt,bahrani_culture,shia
OMA,Oman,arabia.txt,omani_culture,ibadi
MEC,Mecca,arabia.txt,hijazi_culture,shia
SHM,Shammar,arabia.txt,najdi_culture,sunni
ANZ,Anizah,arabia.txt,najdi_culture,sunni
#SKH,Sakher,arabia.txt,najdi_culture,sunni
#HWT,Huwaitat,arabia.txt,najdi_culture,sunni
#DFR,Al-Dhafeer,arabia.txt,najdi_culture,sunni
#AWZ,Al-Awazem,arabia.txt,najdi_culture,sunni
#BLL,Bali tribe,arabia.txt,najdi_culture,sunni
HUT,Hutaym,arabia.txt,najdi_culture,sunni
HRB,Harb,arabia.txt,hijazi_culture,sunni
MUT,Mutayr,arabia.txt,najdi_culture,sunni
#JUH,Juhaynah,arabia.txt,najdi_culture,sunni
UTB,Utaybah,arabia.txt,hijazi_culture,sunni
DWS,Dawasir,arabia.txt,najdi_culture,sunni
QHT,Qahtan,arabia.txt,yemeni_culture,shia
SBY,Subay,arabia.txt,najdi_culture,sunni
MRH,Al Murrah,arabia.txt,najdi_culture,sunni
YAM,Yam,arabia.txt,yemeni_culture,shia
YAS,Yas,arabia.txt,kaliji_culture,sunni
#GMD,Ghamd,arabia.txt,najdi_culture,sunni
#ZHR,Zahran,arabia.txt,najdi_culture,sunni
MDA,Medina,arabia.txt,hijazi_culture,shia
KLB,Banu Kilab,arabia.txt,najdi_culture,sunni
AAD,Al A'idh,arabia.txt,najdi_culture,sunni
BNL,Banu Lam,arabia.txt,najdi_culture,sunni
AZF,Al-Zafir,arabia.txt,najdi_culture,sunni
ZIB,Zi'b,arabia.txt,najdi_culture,sunni
DHF,Dhofar,arabia.txt,dhofari_culture,sunni
ACX,,aridoamerica.txt,acaxee_culture,cahita_religion
COP,,aridoamerica.txt,cocopa_culture,yuman_religion
GUC,,aridoamerica.txt,guachichil_culture,chichimecah_religion
YRM,,aridoamerica.txt,mayo_culture,cahita_religion
EUD,,aridoamerica.txt,opata_culture,cahita_religion
TGU,,aridoamerica.txt,opata_culture,cahita_religion
JOV,,aridoamerica.txt,opata_culture,cahita_religion
TEG,,aridoamerica.txt,opata_culture,cahita_religion
CNH,,aridoamerica.txt,opata_culture,cahita_religion
PIM,,aridoamerica.txt,pima_culture,cahita_religion
HHK,,aridoamerica.txt,hohokam_culture,cahita_religion
SOB,,aridoamerica.txt,pima_culture,cahita_religion
TOO,,aridoamerica.txt,pima_culture,cahita_religion
OOB,,aridoamerica.txt,pima_culture,cahita_religion
RAR,,aridoamerica.txt,raramuri_culture,cahita_religion
YAQ,,aridoamerica.txt,yaqui_culture,cahita_religion
HOP,,aridoamerica.txt,hopi_culture,kachina_religion
DNE,,aridoamerica.txt,dine_culture,dene_shamanism
ZNI,,aridoamerica.txt,zuni_culture,kachina_religion
TEY,,aridoamerica.txt,tanoan_culture,kachina_religion
ISL,,aridoamerica.txt,keres_culture,kachina_religion
ACO,,aridoamerica.txt,keres_culture,kachina_religion
KER,,aridoamerica.txt,keres_culture,kachina_religion
TNN,,aridoamerica.txt,tanoan_culture,kachina_religion
TAO,,aridoamerica.txt,tanoan_culture,kachina_religion
TST,,aridoamerica.txt,tanoan_culture,kachina_religion
OHK,,aridoamerica.txt,tanoan_culture,kachina_religion
TTR,,aridoamerica.txt,totorame_culture,nahuatl
XIX,,aridoamerica.txt,xixime_culture,cahita_religion
TAE,,aridoamerica.txt,tahue_culture,cahita_religion
GUV,,aridoamerica.txt,guasave_culture,guasave_religion
TPH,,aridoamerica.txt,tepehuan_culture,tepehuan_religion
XUM,,aridoamerica.txt,xumani_culture,kachina_religion
TML,,aridoamerica.txt,tamauliteco_culture,coahuilteco_religion
CAD,,aridoamerica.txt,caddo_culture,mississippian_ceremonial
KIH,,aridoamerica.txt,kitsai_culture,mississippian_ceremonial
HTS,,aridoamerica.txt,ancestral_pueblo_culture,kachina_religion
NUW,,aridoamerica.txt,nuwuvi_culture,paiute_shamanism
NWV,,aridoamerica.txt,nuwuvu_culture,paiute_shamanism
CRO,,balkans.txt,croatian,catholic
ACH,,balkans.txt,french,catholic
ATH,,balkans.txt,catalan,catholic
CEP,,balkans.txt,french,catholic
LAT,,balkans.txt,french,catholic
NAX,,balkans.txt,venetian,catholic
EPI,,balkans.txt,greek_culture,orthodox
BYZ,,balkans.txt,greek_culture,orthodox
THE,,balkans.txt,greek_culture,orthodox
THS,,balkans.txt,greek_culture,orthodox
SER,,balkans.txt,serbian,orthodox
ALB,,balkans.txt,albanian,catholic
THP,,balkans.txt,albanian,catholic
MZK,,balkans.txt,albanian,orthodox
ANT,,balkans.txt,albanian,catholic
MTR,,balkans.txt,albanian,orthodox
BOS,,balkans.txt,bosnian,bosnian_church
RAG,,balkans.txt,dalmatian,catholic
BUL,,balkans.txt,bulgarian,orthodox
VID,,balkans.txt,bulgarian,orthodox
CLI,,balkans.txt,slovene,catholic
NEO,,balkans.txt,catalan,catholic
BOD,,balkans.txt,venetian,catholic
ARG,,balkans.txt,champenais,catholic
KNI,,balkans.txt,french,catholic
CRT,,balkans.txt,venetian,catholic
NEG,,balkans.txt,venetian,catholic
SAO,,balkans.txt,catalan,catholic
CAR,,balkans.txt,slovene,catholic
TRO,,balkans.txt,serbian,orthodox
GOR,,balkans.txt,southern_bavarian,catholic
SVN,,balkans.txt,croatian,catholic
PAT,,balkans.txt,french,catholic
MOE,,balkans.txt,greek_culture,orthodox
KVN,,balkans.txt,bulgarian,orthodox
ZTA,,balkans.txt,serbian,orthodox
HUM,,balkans.txt,serbian,orthodox
LIV,,baltics.txt,german_baltic,catholic
TEU,,baltics.txt,prussian,catholic
ERM,,baltics.txt,prussian,catholic
CHL,,baltics.txt,prussian,catholic
PMS,,baltics.txt,prussian,catholic
SMD,,baltics.txt,prussian,catholic
BIO,,baltics.txt,german_baltic,catholic
KUR,,baltics.txt,german_baltic,catholic
BID,,baltics.txt,german_baltic,catholic
RIG,,baltics.txt,german_baltic,catholic
ARR,,baltics.txt,liv,catholic
KRL,,baltics.txt,karelian,muinaisusko
LIT,,baltics.txt,aukstaitian,romuva
SXM,,baltics.txt,samogitian,romuva
SGN,Sonargaon,bengal.txt,bengali,sunni
GAU,Gaur,bengal.txt,bengali,sunni
STN,Saptagram,bengal.txt,bengali,sunni
AHO,Ahom,bengal.txt,tai_nua_culture,satsana_phi
KMA,Kamata,bengal.txt,kamarupi,hindu
DIM,Dimasa,bengal.txt,dimasa_culture,dimasa_religion
TWI,Twipra,bengal.txt,tripuri_culture,hindu
CUT,Chutia,bengal.txt,chutia_culture,chutia_religion
JNT,Jaintia,bengal.txt,khasi_culture,hindu
TRF,Taraf,bengal.txt,bengali,sunni
LUR,Laur,bengal.txt,bengali,hindu
BHP,Mallabhum/Bishnupur,bengal.txt,bengali,hindu
CER,Chero,bengal.txt,bhojpuri_culture,hindu
UJJ,Ujjainiya,bengal.txt,bhojpuri_culture,hindu
RKS,Raksel,bengal.txt,nagpuri_culture,hindu
ONW,Oiniwar,bengal.txt,maithili_culture,hindu
KKR,Khokhra,bengal.txt,nagpuri_culture,hindu
GWL,Garhwal,bengal.txt,garhwali,hindu
KHS,Khasa,bengal.txt,khas_culture,hindu
KMN,Kumaon,bengal.txt,kumaoni,hindu
KTU,Kathmandu,bengal.txt,newar_culture,tibetan_buddhism
DTI,Doti,bengal.txt,kumaoni,hindu
SRM,Nahan/Sirmur,bengal.txt,garhwali,hindu
JBL,Jubbal,bengal.txt,kangri,hindu
LWA,Limbuwan,bengal.txt,limbu_culture,hindu
CDD,Chaundandi,bengal.txt,newar_culture,hindu
DGL,Maldives,bengal.txt,dhivehi_culture,sunni
KUI,,brasil.txt,kuikuro_culture,akinha_ekugu_religion
MRJ,,brasil.txt,marajo_culture,doi_wahire_religion
TPA,,brasil.txt,tupinamba_culture,namandu_religion
TPQ,,brasil.txt,tupiniquim_culture,namandu_religion
CRJ,,brasil.txt,kaxixo_culture,tunpa_religion
NDV,,brasil.txt,ava_culture,tunpa_religion
KIO,,brasil.txt,ava_culture,tunpa_religion
XTA,,brasil.txt,xeta_culture,namandu_religion
AVA,,brasil.txt,ava_culture,tunpa_religion
GCZ,,brasil.txt,guaitaka_culture,doi_wahire_religion
AIM,,brasil.txt,kren_culture,doi_wahire_religion
KRR,,brasil.txt,kiriri_culture,jurema_religion
CAE,,brasil.txt,kaete_culture,namandu_religion
SUC,,brasil.txt,tarairiu_culture,jurema_religion
POT,,brasil.txt,potiguara_culture,namandu_religion
ENG,,british_isles.txt,english,catholic
SCO,,british_isles.txt,scottish,catholic
SBL,,british_isles.txt,scottish,catholic
CLA,,british_isles.txt,irish,catholic
CLR,,british_isles.txt,anglo_irish,catholic
CWM,,british_isles.txt,anglo_irish,catholic
ULS,,british_isles.txt,anglo_irish,catholic
ORD,Ormond,british_isles.txt,anglo_irish,catholic
DMS,Desmond,british_isles.txt,anglo_irish,catholic
KID,Kildare,british_isles.txt,anglo_irish,catholic
BEA,Beare,british_isles.txt,irish,catholic
CMA,,british_isles.txt,irish,catholic
UMH,,british_isles.txt,irish,catholic
OSS,,british_isles.txt,irish,catholic
MCM,,british_isles.txt,irish,catholic
OIL,,british_isles.txt,irish,catholic
AMA,,british_isles.txt,irish,catholic
DHM,,british_isles.txt,northumbrian,catholic
CET,,british_isles.txt,english,catholic
LAN,,british_isles.txt,northumbrian,catholic
CNN,,british_isles.txt,irish,catholic
MTH,,british_isles.txt,irish,catholic
ANN,,british_isles.txt,irish,catholic
PLE,,british_isles.txt,english,catholic
WLS,,british_isles.txt,english,catholic
TYR,,british_isles.txt,irish,catholic
AMH,,british_isles.txt,irish,catholic
INI,,british_isles.txt,irish,catholic
LEI,,british_isles.txt,irish,catholic
TRY,,british_isles.txt,irish,catholic
KEE,,british_isles.txt,irish,catholic
GLS,,british_isles.txt,scottish,catholic
IVG,,british_isles.txt,irish,catholic
HYM,,british_isles.txt,irish,catholic
IMA,,british_isles.txt,irish,catholic
DCI,,british_isles.txt,anglo_irish,catholic
TGH,Tireragh,british_isles.txt,irish,catholic
ELY,Ely,british_isles.txt,irish,catholic
FCL,Firceall,british_isles.txt,irish,catholic
LOI,,british_isles.txt,norse_gael,catholic
FMA,,british_isles.txt,irish,catholic
BFN,,british_isles.txt,irish,catholic
CVN,,british_isles.txt,irish,catholic
MYO,,british_isles.txt,anglo_irish,catholic
THO,,british_isles.txt,irish,catholic
SLN,,british_isles.txt,irish,catholic
FLY,,british_isles.txt,irish,catholic
CRN,,british_isles.txt,cornish,catholic
GWR,,british_isles.txt,english,catholic
GMG,,british_isles.txt,english,catholic
MAC,,british_isles.txt,english,catholic
AUD,,british_isles.txt,english,catholic
BRO,,british_isles.txt,english,catholic
POS,,british_isles.txt,english,catholic
EWY,,british_isles.txt,english,catholic
CMS,,british_isles.txt,english,catholic
PMB,,british_isles.txt,english,catholic
DEN,,british_isles.txt,english,catholic
GDD,,british_isles.txt,welsh,catholic
PWS,,british_isles.txt,welsh,catholic
DHB,,british_isles.txt,welsh,catholic
MWG,,british_isles.txt,welsh,catholic
BCN,,british_isles.txt,welsh,catholic
GWT,,british_isles.txt,welsh,catholic
MNN,,british_isles.txt,norse_gael,catholic
ORK,,british_isles.txt,norn_culture,catholic
MOY,,british_isles.txt,scottish,catholic
ROS,,british_isles.txt,highland,catholic
NOL,,british_isles.txt,northumbrian,catholic
GLY,,british_isles.txt,norse_gael,catholic
TRT,,canadian.txt,taontaenrat_culture,iroquoian_totemism
AGW,,canadian.txt,attignawantan_culture,iroquoian_totemism
ARN,,canadian.txt,arendaronon_culture,iroquoian_totemism
ATG,,canadian.txt,attigneenongnahac_culture,iroquoian_totemism
ATC,,canadian.txt,ataronchronon_culture,iroquoian_totemism
ADR,,canadian.txt,aondironon_culture,iroquoian_totemism
ONG,,canadian.txt,onghniaahra_culture,iroquoian_totemism
TIO,,canadian.txt,tionontate_culture,iroquoian_totemism
OSG,,canadian.txt,osheaga_culture,iroquoian_totemism
MAS,,canadian.txt,maisouna_culture,iroquoian_totemism
STD,,canadian.txt,stadaconan_culture,iroquoian_totemism
AGJ,,canadian.txt,agojuda_culture,iroquoian_totemism
SOK,,canadian.txt,western_abenaki_culture,midewiwin_religion
PNS,,canadian.txt,eastern_abenaki_culture,midewiwin_religion
MLS,,canadian.txt,wolastoqiyik_culture,midewiwin_religion
AKW,,canadian.txt,atikamekw_culture,midewiwin_religion
TMG,,canadian.txt,timiscaming_culture,midewiwin_religion
ABT,,canadian.txt,abitibi_culture,midewiwin_religion
OJI,,canadian.txt,ojibwe_culture,midewiwin_religion
ODW,,canadian.txt,odawa_culture,midewiwin_religion
NPS,,canadian.txt,nipissing_culture,midewiwin_religion
MSG,,canadian.txt,missisage_culture,midewiwin_religion
HUN,,carpathia.txt,hungarian,catholic
WAL,,carpathia.txt,wallachian,orthodox
BIA,,carpathia.txt,moldovan,orthodox
BLD,,carpathia.txt,moldovan,orthodox
HTN,,carpathia.txt,moldovan,orthodox
HSC,,carpathia.txt,moldovan,orthodox
IAS,,carpathia.txt,moldovan,orthodox
SRC,,carpathia.txt,moldovan,orthodox
SSI,,carpathia.txt,moldovan,orthodox
TRA,,carpathia.txt,hungarian,catholic
GEO,Georgia,caucasus.txt,georgian_culture,orthodox
AAI,Alastani,caucasus.txt,georgian_culture,orthodox
IME,Imereti,caucasus.txt,georgian_culture,orthodox
SME,Samtskhe,caucasus.txt,georgian_culture,orthodox
SRV,Shirvan,caucasus.txt,adhari_culture,sunni
AVR,Avaria,caucasus.txt,avar_culture,sunni
TRK,Shamkhalate of Tarki,caucasus.txt,kumyk_culture,sunni
ARM,Armenia,caucasus.txt,armenian_culture,miaphysite
AMB,Amberd,caucasus.txt,armenian_culture,miaphysite
VDZ,Vayots Dzor,caucasus.txt,armenian_culture,miaphysite
CIR,Circassia,caucasus.txt,circassian_culture,orthodox
CPA,Copa,caucasus.txt,circassian_culture,orthodox
HTY,Hatukay,caucasus.txt,circassian_culture,orthodox
HYT,Hytuk,caucasus.txt,circassian_culture,orthodox
KDA,Kabardia,caucasus.txt,circassian_culture,orthodox
KIP,Kipike,caucasus.txt,circassian_culture,orthodox
TEM,Temirgoy,caucasus.txt,circassian_culture,orthodox
SKI,Shaki,caucasus.txt,adhari_culture,sunni
KCN,Khachen,caucasus.txt,armenian_culture,miaphysite
SYU,Syunik,caucasus.txt,armenian_culture,miaphysite
ALN,Alania,caucasus.txt,alan_culture,orthodox
DZK,Durdzuketia,caucasus.txt,nakh_culture,vainakh_paganism
SMS,Simsir,caucasus.txt,nakh_culture,orthodox
KAI,Kaitag,caucasus.txt,dargin_culture,orthodox
LEK,Lekhia,caucasus.txt,lezgin_culture,lezgin_paganism
RUT,Rutul,caucasus.txt,lezgin_culture,lezgin_paganism
TBA,Tabasaran,caucasus.txt,lezgin_culture,lezgin_paganism
HAA,,central_north_america.txt,haaninin_culture,midewiwin_religion
ASH,,central_north_america.txt,ashalaho_culture,great_plains_shamanism
ASP,,central_north_america.txt,ashshipite_culture,great_plains_shamanism
KTK,,central_north_america.txt,kitikitish_culture,great_plains_shamanism
TVY,,central_north_america.txt,taovaya_culture,great_plains_shamanism
PTW,,central_north_america.txt,pitahwarita_culture,great_plains_shamanism
KIA,,central_north_america.txt,kitkehaki_culture,great_plains_shamanism
SII,,central_north_america.txt,skiri_culture,great_plains_shamanism
TSW,,central_north_america.txt,tsawi_culture,great_plains_shamanism
SHH,,central_north_america.txt,sahnish_culture,great_plains_shamanism
NUE,,central_north_america.txt,nueta_culture,great_plains_shamanism
HIR,,central_north_america.txt,hiraaca_culture,great_plains_shamanism
PCH,,central_north_america.txt,tunica_culture,mississippian_ceremonial
CSQ,,central_north_america.txt,yazoo_culture,mississippian_ceremonial
ANL,,central_north_america.txt,tiou_culture,mississippian_ceremonial
COL,,central_north_america.txt,koroa_culture,mississippian_ceremonial
CYS,,central_north_america.txt,cayas_culture,mississippian_ceremonial
CTI,,central_north_america.txt,chitimacha_culture,mississippian_ceremonial
BYG,,central_north_america.txt,bayagoula_culture,mississippian_ceremonial
NST,,central_north_america.txt,caddo_culture,mississippian_ceremonial
AVY,,central_north_america.txt,avoyel_culture,mississippian_ceremonial
KDW,,central_north_america.txt,caddo_culture,mississippian_ceremonial
TUA,,central_north_america.txt,tula_culture,mississippian_ceremonial
ISH,,central_north_america.txt,atakapa_culture,atakapa_religion
QMG,,central_north_america.txt,quasmigdo_culture,atakapa_religion
TWK,,central_north_america.txt,tawakoni_culture,mississippian_ceremonial
HNO,,central_north_america.txt,hinonoeino_culture,midewiwin_religion
NWN,,central_north_america.txt,nanwuinenan_culture,midewiwin_religion
NDA,,central_north_america.txt,nakoda_culture,great_plains_shamanism
LKT,,central_north_america.txt,lahkota_culture,great_plains_shamanism
IKW,,central_north_america.txt,ithanktunwanna_culture,great_plains_shamanism
IUW,,central_north_america.txt,ithanktunwan_culture,great_plains_shamanism
NCH,,central_north_america.txt,niuachi_culture,mississippian_ceremonial
NKW,,central_north_america.txt,nakawe_culture,midewiwin_religion
TTS,,central_north_america.txt,tsetsehesahese_culture,midewiwin_religion
SOO,,central_north_america.txt,sotaeoo_culture,midewiwin_religion
BKT,,central_north_america.txt,bdewekhantunwan_culture,mississippian_ceremonial
STW,,central_north_america.txt,sisithunwan_culture,mississippian_ceremonial
WKH,,central_north_america.txt,wahpekhute_culture,mississippian_ceremonial
WPW,,central_north_america.txt,wahpetunwan_culture,mississippian_ceremonial
MIK,,central_north_america.txt,mikmaq_culture,midewiwin_religion
PEN,,central_north_america.txt,penobscot_culture,midewiwin_religion
PQD,,central_north_america.txt,passamaquoddy_culture,midewiwin_religion
WSK,,central_north_america.txt,weskarini_culture,midewiwin_religion
KSP,,central_north_america.txt,kichesipirini_culture,midewiwin_religion
KUS,,centralamerica.txt,pipil_culture,nahuatl
QUA,,centralamerica.txt,pipil_culture,nahuatl
LNC,,centralamerica.txt,lenca_culture,lenca_religion
XIN,,centralamerica.txt,xinka_culture,mayan
GAR,,centralamerica.txt,huetar_culture,wan_aisa_religion
GUO,,centralamerica.txt,huetar_culture,wan_aisa_religion
PAC,,centralamerica.txt,huetar_culture,wan_aisa_religion
NEK,,centralamerica.txt,chorotega_culture,mesoamerican
CTO,,centralamerica.txt,boruca_culture,suwo_religion
TRC,,centralamerica.txt,huetar_culture,wan_aisa_religion
CBC,,centralamerica.txt,cabecar_culture,suwo_religion
MOX,,chaco.txt,moxo_culture,zemi_religion
MPC,,chaco.txt,mapuche_culture,tain_feyentun_religion
CUA,,chaco.txt,charrua_culture,tunpa_religion
TAI,,colombia.txt,tayrona_culture,naoma_religion
ZIP,,colombia.txt,muisca_culture,muisca_religion
ZAQ,,colombia.txt,muisca_culture,muisca_religion
ZEN,,colombia.txt,sinu_culture,sinu_religion
QBY,,colombia.txt,quimbaya_culture,zemi_religion
GYP,,colombia.txt,guayupe_culture,muisca_religion
CMG,,colombia.txt,cumanagoto_culture,zemi_religion
PMN,,colombia.txt,pemon_culture,zemi_religion
CUC,,colombia.txt,cuicas_culture,muisca_religion
TTY,,colombia.txt,tatuy_culture,muisca_religion
THM,,colombia.txt,tahami_culture,chibcha_religion
NUT,,colombia.txt,nutabe_culture,chibcha_religion
PIJ,,colombia.txt,pijao_culture,nacuco_religion
COY,,colombia.txt,pijao_culture,nacuco_religion
TAM,,colombia.txt,tama_culture,yage_religion
CIM,,colombia.txt,calima_culture,chibcha_religion
PUB,,colombia.txt,puben_culture,chibcha_religion
CML,,colombia.txt,ette_ennaka_culture,chibcha_religion
TNO,,colombia.txt,taino_culture,zemi_religion
MAE,,colombia.txt,taino_culture,zemi_religion
MGU,,colombia.txt,taino_culture,zemi_religion
JRG,,colombia.txt,taino_culture,zemi_religion
HGY,,colombia.txt,taino_culture,zemi_religion
GAY,,colombia.txt,taino_culture,zemi_religion
BRK,,colombia.txt,taino_culture,zemi_religion
CBO,,colombia.txt,ciboney,zemi_religion
LCY,,colombia.txt,lucayo,zemi_religion
MCX,,colombia.txt,macorix_culture,zemi_religion
CGY,,colombia.txt,ciguayo_culture,zemi_religion
IGR,,colombia.txt,igneri,zemi_religion
KGN,,colombia.txt,carib,zemi_religion
AAL,,crescent.txt,bedouin_culture,sunni
AMR,,crescent.txt,bedouin_culture,sunni
DGE,,crescent.txt,turkoman_culture,sunni
FDL,,crescent.txt,bedouin_culture,sunni
JAL,,crescent.txt,mongolian_culture,sunni
HLL,,crescent.txt,hijazi_culture,shia
KOJ,,crescent.txt,french,catholic
ARD,,crescent.txt,kurdish_culture,sunni
ATZ,,crescent.txt,armenian_culture,miaphysite
DML,,crescent.txt,kurdish_culture,yazidism
HBN,,crescent.txt,kurdish_culture,sunni
HDR,,crescent.txt,kurdish_culture,sunni
HNY,,crescent.txt,kurdish_culture,sunni
IHB,,crescent.txt,talysh_culture,shia
KLR,,crescent.txt,kurdish_culture,sunni
KTW,,crescent.txt,kurdish_culture,sunni
KEL,,crescent.txt,kurdish_culture,sunni
KKL,,crescent.txt,adhari_culture,sunni
KRI,,crescent.txt,kurdish_culture,sunni
MKW,,crescent.txt,kurdish_culture,sunni
RKL,,crescent.txt,kurdish_culture,sunni
SLI,,crescent.txt,kurdish_culture,sunni
SYY,,crescent.txt,kurdish_culture,sunni
ZBR,,crescent.txt,kurdish_culture,sunni
AQQ,,crescent.txt,azeri_culture,sunni
QAR,,crescent.txt,azeri_culture,sunni
ZAN,,east_africa.txt,matuumbi_culture,sunni
PTE,,east_africa.txt,yemeni_culture,sunni
MLI,,east_africa.txt,yemeni_culture,sunni
INH,,east_africa.txt,tsonga_culture,bantu_religion
SFA,,east_africa.txt,swahili_culture,sunni
MBA,,east_africa.txt,swahili_culture,sunni
GED,,east_africa.txt,swahili_culture,sunni
UGW,,east_africa.txt,swahili_culture,sunni
LAM,,east_africa.txt,swahili_culture,sunni
VOH,,east_africa.txt,swahili_culture,sunni
NYM,,east_africa.txt,swahili_culture,sunni
VIL,,east_africa.txt,vili,bantu_religion
TKE,,east_africa.txt,teke,bantu_religion
ABD,,east_africa.txt,ambundu,bantu_religion
CBD,,east_africa.txt,cabinda,bantu_religion
YAK,,east_africa.txt,yaka,bantu_religion
CEW,,east_africa.txt,chewa_culture,bantu_religion
PEM,,east_africa.txt,swahili_culture,sunni
ZZB,,east_africa.txt,swahili_culture,sunni
BMB,,east_africa.txt,swahili_culture,sunni
MOZ,,east_africa.txt,swahili_culture,sunni
AGH,,east_africa.txt,swahili_culture,sunni
QLM,,east_africa.txt,swahili_culture,sunni
ZMW,,east_africa.txt,shona_culture,bantu_religion
TNA,,east_africa.txt,tonga,bantu_religion
SEN,,east_africa.txt,sena_culture,bantu_religion
TSG,,east_africa.txt,tsonga_culture,bantu_religion
MNY,,east_africa.txt,shona_culture,bantu_religion
ZEZ,,east_africa.txt,shona_culture,bantu_religion
NBY,,east_africa.txt,shona_culture,bantu_religion
TBK,,east_africa.txt,rukwa_culture,bantu_religion
MRA,,east_africa.txt,chewa_culture,bantu_religion
LDU,,east_africa.txt,chewa_culture,bantu_religion
MKU,,east_africa.txt,makhuwa_culture,bantu_religion
VAZ,,east_africa.txt,vazimba_culture,fomba_gasy_religion
MIR,,east_africa.txt,merina_culture,fomba_gasy_religion
NTL,,east_africa.txt,swahili_culture,sunni
MTO,,east_africa.txt,swahili_culture,sunni
AHY,,east_africa.txt,swahili_culture,sunni
MHL,,east_africa.txt,swahili_culture,sunni
IRD,,east_africa.txt,swahili_culture,sunni
BMK,,east_africa.txt,swahili_culture,sunni
ZFI,,east_africa.txt,zafiraminia_culture,sunni
ABV,,east_africa.txt,tandroy_culture,sunni
MBD,,east_africa.txt,antaisaka_culture,sunni
BTS,,east_africa.txt,betsimisaraka_culture,fomba_gasy_religion
VEZ,,east_africa.txt,vezo_culture,fomba_gasy_religion
SKA,,east_africa.txt,sakalava_culture,fomba_gasy_religion
MNB,,east_africa.txt,vezo_culture,fomba_gasy_religion
BOI,,east_africa.txt,vezo_culture,fomba_gasy_religion
ANK,,east_africa.txt,antankarana_culture,sunni
BEZ,,east_africa.txt,bezanozano_culture,fomba_gasy_religion
SIH,,east_africa.txt,sihanaka_culture,fomba_gasy_religion
TND,,east_africa.txt,tandroy_culture,fomba_gasy_religion
ATK,,east_africa.txt,antaisaka_culture,fomba_gasy_religion
BAA,,east_africa.txt,bara_culture,fomba_gasy_religion
ATM,,east_africa.txt,antaifasy_culture,fomba_gasy_religion
ATF,,east_africa.txt,antaifasy_culture,fomba_gasy_religion
ATB,,east_africa.txt,antambahoaka_culture,fomba_gasy_religion
TAL,,east_africa.txt,tanala_culture,fomba_gasy_religion
BET,,east_africa.txt,betsileo_culture,fomba_gasy_religion
KIT,,east_africa.txt,rutara_culture,cwezi_religion
WNA,,east_africa.txt,luhya_culture,bantu_religion
BNY,,east_africa.txt,rutara_culture,nyasaye_religion
BUG,,east_africa.txt,baganda_culture,cwezi_religion
BSG,,east_africa.txt,rutara_culture,nyasaye_religion
NKO,,east_africa.txt,rutara_culture,bantu_religion
RWA,,east_africa.txt,rwanda_culture,bantu_religion
KRW,,east_africa.txt,nyamwezi_culture,bantu_religion
UBH,,east_africa.txt,rwanda_culture,bantu_religion
BUU,,east_africa.txt,rwanda_culture,bantu_religion
MAA,,east_africa.txt,maasai_culture,maasai_religion
KOR,,east_asia.txt,korean_culture,mahayana
SSG,,east_asia.txt,korean_culture,mahayana
SYG,,east_asia.txt,korean_culture,mahayana
TMN,,east_asia.txt,tamna_culture,mahayana
JAP,,east_asia.txt,saigoku_culture,shinto
NTC,Northern Court,east_asia.txt,saigoku_culture,shinto
STC,Southern Court,east_asia.txt,saigoku_culture,shinto
YMT,Unified Japanese Imperial Court,east_asia.txt,saigoku_culture,shinto
KOU,https://ja.wikipedia.org/wiki/%E9%AB%98%E6%B0%8F,east_asia.txt,tougoku_culture,shinto
HSK,https://ja.wikipedia.org/wiki/%E7%B4%B0%E5%B7%9D%E6%B0%8F,east_asia.txt,saigoku_culture,shinto
AKM,https://ja.wikipedia.org/wiki/%E8%B5%A4%E6%9D%BE%E6%B0%8F,east_asia.txt,saigoku_culture,shinto
NKI,https://ja.wikipedia.org/wiki/%E4%BB%81%E6%9C%A8%E6%B0%8F,east_asia.txt,saigoku_culture,shinto
KTB,https://ja.wikipedia.org/wiki/%E5%8C%97%E7%95%A0%E5%AE%B6,east_asia.txt,saigoku_culture,shinto
CJO,https://ja.wikipedia.org/wiki/%E4%B8%AD%E6%9D%A1%E6%B0%8F,east_asia.txt,tougoku_culture,shinto
IMG,https://ja.wikipedia.org/wiki/%E4%BB%8A%E5%B7%9D%E6%B0%8F,east_asia.txt,tougoku_culture,shinto
ISD,https://ja.wikipedia.org/wiki/%E7%9F%B3%E5%A1%94%E6%B0%8F,east_asia.txt,tougoku_culture,shinto
TKD,https://ja.wikipedia.org/wiki/%E6%AD%A6%E7%94%B0%E6%B0%8F,east_asia.txt,tougoku_culture,shinto
SBA,https://ja.wikipedia.org/wiki/%E6%96%AF%E6%B3%A2%E6%B0%8F,east_asia.txt,touhoku_culture,shinto
CBA,https://ja.wikipedia.org/wiki/%E5%8D%83%E8%91%89%E6%B0%8F,east_asia.txt,tougoku_culture,shinto
STK,https://ja.wikipedia.org/wiki/%E4%BD%90%E7%AB%B9%E6%B0%8F,east_asia.txt,tougoku_culture,shinto
KGK,https://ja.wikipedia.org/wiki/%E4%BA%AC%E6%A5%B5%E6%B0%8F,east_asia.txt,saigoku_culture,shinto
TKI,https://ja.wikipedia.org/wiki/%E5%9C%9F%E5%B2%90%E6%B0%8F,east_asia.txt,tougoku_culture,shinto
OGS,https://ja.wikipedia.org/wiki/%E5%B0%8F%E7%AC%A0%E5%8E%9F%E6%B0%8F,east_asia.txt,tougoku_culture,shinto
UES,https://ja.wikipedia.org/wiki/%E4%B8%8A%E6%9D%89%E6%B0%8F,east_asia.txt,tougoku_culture,shinto
OYM,https://ja.wikipedia.org/wiki/%E5%B0%8F%E5%B1%B1%E6%B0%8F,east_asia.txt,tougoku_culture,shinto
TGS,https://ja.wikipedia.org/wiki/%E5%AF%8C%E6%A8%AB%E6%B0%8F,east_asia.txt,saigoku_culture,shinto
YSM,https://ja.wikipedia.org/wiki/%E5%90%89%E8%A6%8B%E6%B0%8F,east_asia.txt,saigoku_culture,shinto
MMI,https://ja.wikipedia.org/wiki/%E6%A1%83%E4%BA%95%E6%B0%8F,east_asia.txt,saigoku_culture,shinto
KRA,https://ja.wikipedia.org/wiki/%E5%90%89%E8%89%AF%E6%B0%8F,east_asia.txt,saigoku_culture,shinto
YMN,https://ja.wikipedia.org/wiki/%E5%B1%B1%E5%90%8D%E6%B0%8F,east_asia.txt,tougoku_culture,shinto
ENY,https://ja.wikipedia.org/wiki/%E5%A1%A9%E5%86%B6%E6%B0%8F,east_asia.txt,saigoku_culture,shinto
UEN,https://ja.wikipedia.org/wiki/%E4%B8%8A%E9%87%8E%E6%B0%8F,east_asia.txt,tougoku_culture,shinto
MTD,http://www2.harimaya.com/sengoku/html/b_matuda.html,east_asia.txt,saigoku_culture,shinto
MNM,http://www2.harimaya.com/sengoku/html/minami.html,east_asia.txt,tougoku_culture,shinto
ASY,http://www2.harimaya.com/sengoku/html/asayama.html,east_asia.txt,saigoku_culture,shinto
WSZ,https://ja.wikipedia.org/wiki/%E9%B7%B2%E9%A0%AD%E6%B0%8F,east_asia.txt,saigoku_culture,shinto
KTO,https://ja.wikipedia.org/wiki/%E5%8E%9A%E6%9D%B1%E6%B0%8F,east_asia.txt,saigoku_culture,shinto
HTK,https://ja.wikipedia.org/wiki/%E7%95%A0%E5%B1%B1%E6%B0%8F,east_asia.txt,tougoku_culture,shinto
KNO,https://ja.wikipedia.org/wiki/%E6%B2%B3%E9%87%8E%E6%B0%8F,east_asia.txt,saigoku_culture,shinto
SHN,https://ja.wikipedia.org/wiki/%E5%B0%91%E5%BC%90%E6%B0%8F,east_asia.txt,kyushu_culture,shinto
KII,https://ja.wikipedia.org/wiki/%E5%9F%8E%E4%BA%95%E6%B0%8F,east_asia.txt,kyushu_culture,shinto
OTM,https://ja.wikipedia.org/wiki/%E5%A4%A7%E5%8F%8B%E6%B0%8F,east_asia.txt,kyushu_culture,shinto
SMZ,https://ja.wikipedia.org/wiki/%E5%B3%B6%E6%B4%A5%E6%B0%8F,east_asia.txt,kyushu_culture,shinto
NBU,https://ja.wikipedia.org/wiki/%E5%8D%97%E9%83%A8%E6%B0%8F,east_asia.txt,touhoku_culture,shinto
KDO,https://ja.wikipedia.org/wiki/%E5%B7%A5%E8%97%A4%E6%B0%8F,east_asia.txt,touhoku_culture,shinto
OKI,https://ja.wikipedia.org/wiki/%E5%A4%A7%E5%B4%8E%E6%B0%8F,east_asia.txt,touhoku_culture,shinto
MGM,https://ja.wikipedia.org/wiki/%E6%9C%80%E4%B8%8A%E6%B0%8F,east_asia.txt,touhoku_culture,shinto
KSI,https://ja.wikipedia.org/wiki/%E8%91%9B%E8%A5%BF%E6%B0%8F,east_asia.txt,touhoku_culture,shinto
SOM,https://ja.wikipedia.org/wiki/%E7%9B%B8%E9%A6%AC%E6%B0%8F,east_asia.txt,touhoku_culture,shinto
DTE,https://ja.wikipedia.org/wiki/%E4%BC%8A%E9%81%94%E6%B0%8F,east_asia.txt,touhoku_culture,shinto
ASN,https://ja.wikipedia.org/wiki/%E8%98%86%E5%90%8D%E6%B0%8F,east_asia.txt,touhoku_culture,shinto
YUK,https://ja.wikipedia.org/wiki/%E7%B5%90%E5%9F%8E%E6%B0%8F,east_asia.txt,tougoku_culture,shinto
OID,https://ja.wikipedia.org/wiki/%E9%87%8C%E8%A6%8B%E6%B0%8F#%E5%A4%A7%E4%BA%95%E7%94%B0%E6%B0%8F,east_asia.txt,tougoku_culture,shinto
OGU,https://ja.wikipedia.org/wiki/%E5%B0%8F%E5%9B%BD%E6%B0%8F,east_asia.txt,tougoku_culture,shinto
UTN,https://ja.wikipedia.org/wiki/%E4%B8%8B%E9%87%8E%E5%AE%87%E9%83%BD%E5%AE%AE%E6%B0%8F,east_asia.txt,tougoku_culture,shinto
IIX,https://ja.wikipedia.org/wiki/%E4%BA%95%E4%BC%8A%E6%B0%8F,east_asia.txt,tougoku_culture,shinto
AKJ,https://ja.wikipedia.org/wiki/%E5%A7%89%E5%B0%8F%E8%B7%AF%E5%AE%B6,east_asia.txt,tougoku_culture,shinto
KSN,https://ja.wikipedia.org/wiki/%E6%A5%A0%E6%9C%A8%E6%B0%8F,east_asia.txt,saigoku_culture,shinto
ISK,https://ja.wikipedia.org/wiki/%E4%B8%80%E8%89%B2%E6%B0%8F,east_asia.txt,saigoku_culture,shinto
NAW,https://ja.wikipedia.org/wiki/%E5%90%8D%E5%92%8C%E6%B0%8F,east_asia.txt,saigoku_culture,shinto
MSD,https://ja.wikipedia.org/wiki/%E7%9B%8A%E7%94%B0%E6%B0%8F,east_asia.txt,saigoku_culture,shinto
OUC,https://ja.wikipedia.org/wiki/%E5%A4%A7%E5%86%85%E6%B0%8F,east_asia.txt,saigoku_culture,shinto
TKN,https://kotobank.jp/word/%E5%BE%97%E8%83%BD%E6%B0%8F-104865,east_asia.txt,saigoku_culture,shinto
DOI,http://www.harimaya.com/o_kamon1/buke_keizu/html/doi_k.html,east_asia.txt,saigoku_culture,shinto
KNT,http://www2.harimaya.com/sengoku/html/kutuna_k.html,east_asia.txt,saigoku_culture,shinto
SHJ,https://ja.wikipedia.org/wiki/%E5%9B%9B%E6%9D%A1%E5%AE%B6,east_asia.txt,saigoku_culture,shinto
YSR,http://www2.harimaya.com/sengoku/html/wat_yama.html,east_asia.txt,kyushu_culture,shinto
KKC,https://ja.wikipedia.org/wiki/%E8%8F%8A%E6%B1%A0%E6%B0%8F,east_asia.txt,kyushu_culture,shinto
ASO,https://ja.wikipedia.org/wiki/%E9%98%BF%E8%98%87%E6%B0%8F,east_asia.txt,kyushu_culture,shinto
SGR,https://ja.wikipedia.org/wiki/%E7%9B%B8%E8%89%AF%E6%B0%8F,east_asia.txt,kyushu_culture,shinto
IJU,https://ja.wikipedia.org/wiki/%E4%BC%8A%E9%9B%86%E9%99%A2%E6%B0%8F,east_asia.txt,saigoku_culture,shinto
KMT,https://ja.wikipedia.org/wiki/%E8%82%9D%E4%BB%98%E6%B0%8F,east_asia.txt,kyushu_culture,shinto
SOU,https://ja.wikipedia.org/wiki/%E5%AE%97%E6%B0%8F,east_asia.txt,kyushu_culture,shinto
NAI,https://ja.wikipedia.org/wiki/%E5%A4%A7%E6%B1%9F%E6%B0%8F,east_asia.txt,touhoku_culture,shinto
HEI,https://ja.wikipedia.org/wiki/%E9%96%89%E4%BC%8A%E6%B0%8F,east_asia.txt,touhoku_culture,shinto
ANM,https://ja.wikipedia.org/wiki/%E9%98%BF%E6%9B%BD%E6%B2%BC%E6%B0%8F,east_asia.txt,touhoku_culture,shinto
TZW,https://ja.wikipedia.org/wiki/%E6%88%B8%E6%B2%A2%E6%B0%8F,east_asia.txt,touhoku_culture,shinto
WAG,https://ja.wikipedia.org/wiki/%E5%92%8C%E8%B3%80%E6%B0%8F,east_asia.txt,touhoku_culture,shinto
HIE,https://ja.wikipedia.org/wiki/%E7%A8%97%E8%B2%AB%E6%B0%8F,east_asia.txt,touhoku_culture,shinto
SGE,https://ja.wikipedia.org/wiki/%E5%AF%92%E6%B2%B3%E6%B1%9F%E6%B0%8F,east_asia.txt,touhoku_culture,shinto
DHJ,https://ja.wikipedia.org/wiki/%E5%A4%A7%E5%AE%9D%E5%AF%BA%E6%B0%8F,east_asia.txt,touhoku_culture,shinto
NGM,https://ja.wikipedia.org/wiki/%E9%95%B7%E6%B2%BC%E6%B0%8F,east_asia.txt,touhoku_culture,shinto
NKD,https://ja.wikipedia.org/wiki/%E4%BA%8C%E9%9A%8E%E5%A0%82%E6%B0%8F,east_asia.txt,tougoku_culture,shinto
TMR,https://ja.wikipedia.org/wiki/%E7%94%B0%E6%9D%91%E6%B0%8F,east_asia.txt,touhoku_culture,shinto
IWS,https://ja.wikipedia.org/wiki/%E7%8C%AA%E8%8B%97%E4%BB%A3%E6%B0%8F,east_asia.txt,touhoku_culture,shinto
ISW,https://ja.wikipedia.org/wiki/%E9%99%B8%E5%A5%A5%E7%9F%B3%E5%B7%9D%E6%B0%8F,east_asia.txt,touhoku_culture,shinto
MIU,https://ja.wikipedia.org/wiki/%E4%B8%89%E6%B5%A6%E6%B0%8F,east_asia.txt,tougoku_culture,shinto
SUW,https://ja.wikipedia.org/wiki/%E8%AB%8F%E8%A8%AA%E6%B0%8F,east_asia.txt,saigoku_culture,shinto
RKK,https://ja.wikipedia.org/wiki/%E5%85%AD%E8%A7%92%E6%B0%8F,east_asia.txt,saigoku_culture,shinto
MIY,http://www2.harimaya.com/sengoku/html/miya_k.html,east_asia.txt,saigoku_culture,shinto
KKW,https://ja.wikipedia.org/wiki/%E5%90%89%E5%B7%9D%E6%B0%8F,east_asia.txt,saigoku_culture,shinto
MKT,http://www2.harimaya.com/sengoku/html/muna_k.html,east_asia.txt,saigoku_culture,shinto
ASA,https://ja.wikipedia.org/wiki/%E6%9C%9D%E5%80%89%E6%B0%8F,east_asia.txt,saigoku_culture,shinto
CSK,https://ja.wikipedia.org/wiki/%E9%95%B7%E5%AE%97%E6%88%91%E9%83%A8%E6%B0%8F,east_asia.txt,saigoku_culture,shinto
ISE,https://ja.wikipedia.org/wiki/%E4%BC%8A%E5%8B%A2%E6%B0%8F,east_asia.txt,saigoku_culture,shinto
IKE,https://ja.wikipedia.org/wiki/%E6%B1%A0%E7%94%B0%E6%B0%8F,east_asia.txt,saigoku_culture,shinto
ITO,https://ja.wikipedia.org/wiki/%E4%BC%8A%E6%9D%B1%E6%B0%8F,east_asia.txt,saigoku_culture,shinto
MRI,https://ja.wikipedia.org/wiki/%E6%AF%9B%E5%88%A9%E6%B0%8F,east_asia.txt,saigoku_culture,shinto
ODA,https://ja.wikipedia.org/wiki/%E7%B9%94%E7%94%B0%E6%B0%8F,east_asia.txt,saigoku_culture,shinto
AKT,https://ja.wikipedia.org/wiki/%E5%AE%89%E6%9D%B1%E6%B0%8F,east_asia.txt,touhoku_culture,shinto
ISA,https://ja.wikipedia.org/wiki/%E5%B8%B8%E9%99%B8%E4%BC%8A%E4%BD%90%E6%B0%8F,east_asia.txt,tougoku_culture,shinto
TAK,https://ja.wikipedia.org/wiki/%E5%A4%9A%E6%B0%97%E6%B0%8F a splint of,east_asia.txt,tougoku_culture,shinto
KNB,https://ja.wikipedia.org/wiki/%E5%B7%9D%E9%87%8E%E8%BE%BA%E6%B0%8F,east_asia.txt,tougoku_culture,shinto
HTA,"http://www2.harimaya.com/sengoku/html/f_oda.html  Can't be put as Oda due to the clash with the other Oda, so put it as it's parent branch Hatta",east_asia.txt,tougoku_culture,shinto
MKO,https://ja.wikipedia.org/wiki/%E7%9B%8A%E5%AD%90%E6%B0%8F,east_asia.txt,tougoku_culture,shinto
TKO,https://ja.wikipedia.org/wiki/%E5%A4%9A%E5%8A%9F%E6%B0%8F,east_asia.txt,tougoku_culture,shinto
NAS,https://ja.wikipedia.org/wiki/%E9%82%A3%E9%A0%88%E6%B0%8F,east_asia.txt,tougoku_culture,shinto
OGO,http://www2.harimaya.com/sengoku/html/izumi_og.html,east_asia.txt,tougoku_culture,shinto
NIT,https://ja.wikipedia.org/wiki/%E6%96%B0%E7%94%B0%E6%B0%8F,east_asia.txt,tougoku_culture,shinto
YMG,https://ja.wikipedia.org/wiki/%E5%B1%B1%E5%8F%A3%E6%B0%8F,east_asia.txt,tougoku_culture,shinto
TOS,https://ja.wikipedia.org/wiki/%E8%B1%8A%E5%B3%B6%E6%B0%8F,east_asia.txt,tougoku_culture,shinto
HNM,https://ja.wikipedia.org/wiki/%E6%9C%AC%E9%96%93%E6%B0%8F,east_asia.txt,saigoku_culture,shinto
UNN,https://ja.wikipedia.org/wiki/%E6%B5%B7%E9%87%8E%E6%B0%8F,east_asia.txt,tougoku_culture,shinto
KOK,https://ja.wikipedia.org/wiki/%E9%A6%99%E5%9D%82%E6%B0%8F,east_asia.txt,tougoku_culture,shinto
TOY,https://ja.wikipedia.org/wiki/%E9%81%A0%E5%B1%B1%E6%B0%8F,east_asia.txt,tougoku_culture,shinto
HIG,https://ja.wikipedia.org/wiki/%E6%9D%B1%E6%B0%8F,east_asia.txt,tougoku_culture,shinto
EMA,https://ja.wikipedia.org/wiki/%E6%B1%9F%E9%A6%AC%E6%B0%8F,east_asia.txt,tougoku_culture,shinto
NKJ,http://www2.harimaya.com/sengoku/html/b_nakasi.html,east_asia.txt,tougoku_culture,shinto
OBA,https://ja.wikipedia.org/wiki/%E5%A4%A7%E5%BA%AD%E6%B0%8F,east_asia.txt,tougoku_culture,shinto
NGN,https://ja.wikipedia.org/wiki/%E9%95%B7%E9%87%8E%E5%B7%A5%E8%97%A4%E6%B0%8F,east_asia.txt,saigoku_culture,shinto
TKM,https://ja.wikipedia.org/wiki/%E9%AB%98%E5%B3%B6%E6%B0%8F,east_asia.txt,saigoku_culture,shinto
AIS,https://ja.wikipedia.org/wiki/%E6%84%9B%E6%B4%B2%E6%B0%8F,east_asia.txt,saigoku_culture,shinto
YUS,http://www2.harimaya.com/sengoku/html/yuasa_k.html,east_asia.txt,saigoku_culture,shinto
YAB,https://ja.wikipedia.org/wiki/%E7%9F%A2%E9%83%A8%E6%B0%8F,east_asia.txt,saigoku_culture,shinto
OGA,http://www2.harimaya.com/sengoku/html/ho_ogamo.html,east_asia.txt,saigoku_culture,shinto
STU,https://ja.wikipedia.org/wiki/%E6%9C%AB%E6%AC%A1%E6%B0%8F_(%E5%87%BA%E9%9B%B2%E6%BA%90%E6%B0%8F) Branch of Sasaki,east_asia.txt,saigoku_culture,shinto
MZW,http://www2.harimaya.com/sengoku/html/misawa_k.html,east_asia.txt,saigoku_culture,shinto
MTY,http://www2.harimaya.com/sengoku/html/mitoya_k.html,east_asia.txt,saigoku_culture,shinto
AKN,http://www2.harimaya.com/sengoku/html/akana_kz.html,east_asia.txt,saigoku_culture,shinto
GTO,http://www.harimaya.com/o_kamon1/seisi/51-60/goto.html,east_asia.txt,saigoku_culture,shinto
SHO,http://www2.harimaya.com/sengoku/html/mim_syou.html,east_asia.txt,saigoku_culture,shinto
HRG,https://ja.wikipedia.org/wiki/%E5%B9%B3%E8%B3%80%E6%B0%8F (The one in Aki),east_asia.txt,saigoku_culture,shinto
KBK,https://ja.wikipedia.org/wiki/%E5%B0%8F%E6%97%A9%E5%B7%9D%E6%B0%8F,east_asia.txt,saigoku_culture,shinto
WCH,http://www2.harimaya.com/sengoku/html/wati_k.html,east_asia.txt,saigoku_culture,shinto
MYH,http://www2.harimaya.com/sengoku/html/miyosi_b.html,east_asia.txt,saigoku_culture,shinto
SUE,https://ja.wikipedia.org/wiki/%E9%99%B6%E6%B0%8F,east_asia.txt,saigoku_culture,shinto
MIG,https://ja.wikipedia.org/wiki/%E5%8F%B3%E7%94%B0%E6%B0%8F,east_asia.txt,saigoku_culture,shinto
KAG,https://ja.wikipedia.org/wiki/%E9%A6%99%E5%B7%9D%E6%B0%8F,east_asia.txt,saigoku_culture,shinto
KOZ,http://www2.harimaya.com/sengoku/html/kosai_k.html,east_asia.txt,saigoku_culture,shinto
KNE,http://www2.harimaya.com/sengoku/html/h_kaneko.html,east_asia.txt,saigoku_culture,shinto
AKI,http://www2.harimaya.com/sengoku/html/aki_k.html,east_asia.txt,saigoku_culture,shinto
OHR,https://ja.wikipedia.org/wiki/%E5%A4%A7%E5%B9%B3%E6%B0%8F,east_asia.txt,saigoku_culture,shinto
BZG,http://www2.harimaya.com/sengoku/html/b_nagano.html,east_asia.txt,kyushu_culture,shinto
AKZ,https://ja.wikipedia.org/wiki/%E7%A7%8B%E6%9C%88%E6%B0%8F,east_asia.txt,kyushu_culture,shinto
AKU,http://www2.harimaya.com/sengoku/html/hiz_taku.html,east_asia.txt,kyushu_culture,shinto
AHT,http://www2.harimaya.com/sengoku/html/hata_k.html,east_asia.txt,kyushu_culture,shinto
ARI,https://ja.wikipedia.org/wiki/%E8%82%A5%E5%89%8D%E6%9C%89%E9%A6%AC%E6%B0%8F,east_asia.txt,kyushu_culture,shinto
OKR,https://ja.wikipedia.org/wiki/%E5%A4%A7%E8%94%B5%E6%B0%8F_(%E8%B1%8A%E5%BE%8C%E5%9B%BD),east_asia.txt,kyushu_culture,shinto
TMD,http://www2.harimaya.com/sengoku/html/tutimoti.html,east_asia.txt,kyushu_culture,shinto
KJK,http://www2.harimaya.com/sengoku/html/kaziki_k.html,east_asia.txt,kyushu_culture,shinto
HSR,http://www2.harimaya.com/sengoku/html/hisikari.html,east_asia.txt,kyushu_culture,shinto
ANU,,east_asia.txt,ainu_culture,ainu_religion
HKZ,,east_asia.txt,ryukyu_culture,utaki_religion
CHZ,,east_asia.txt,ryukyu_culture,utaki_religion
NZN,,east_asia.txt,ryukyu_culture,utaki_religion
CHI,China,east_asia.txt,mongolian_culture,tibetan_buddhism
YUA,Yuán,east_asia.txt,mongolian_culture,tibetan_buddhism
MNG,Míng,east_asia.txt,jianghuai_culture,sanjiao
CSO,Song,east_asia.txt,zhongyuan_culture,sanjiao
WUU,Wú,east_asia.txt,wu_culture,sanjiao
CTW,Tiānwán,east_asia.txt,chu_culture,sanjiao
CHE,Chén,east_asia.txt,chu_culture,sanjiao
CSH,Shùn,east_asia.txt,zhongyuan_culture,sanjiao
CXI,Xí,east_asia.txt,shu_culture,sanjiao
CTG,Tûng-nèn,east_asia.txt,kejia_culture,sanjiao
CFN,Fāng,east_asia.txt,taizhou_wu_culture,sanjiao
CMO,Māo,east_asia.txt,jiaodong_culture,sanjiao
CGU,Guō,east_asia.txt,jianghuai_culture,sanjiao
CNP,Nánpíng,east_asia.txt,fuzhou_culture,sanjiao
CDN,Dōngguǎn,east_asia.txt,yuehai_culture,sanjiao
CSI,Lǐ,east_asia.txt,qin_culture,sanjiao
CKO,Köke Temür,east_asia.txt,mongolian_culture,tibetan_buddhism
CNA,Naγaču,east_asia.txt,mongolian_culture,tibetan_buddhism
MMA,Mong Mao,east_asia.txt,tai_nua_culture,satsana_phi
MHK,Mong Hkeng,east_asia.txt,tai_nua_culture,satsana_phi
MHN,Mong Hten,east_asia.txt,tai_nua_culture,satsana_phi
MTG,Mong Ting,east_asia.txt,tai_nua_culture,satsana_phi
MGN,Mong Ngüm,east_asia.txt,tai_lu_culture,satsana_phi
MHA,Mong Hsa,east_asia.txt,tai_nua_culture,satsana_phi
MWO,Mong Wo,east_asia.txt,tai_lu_culture,satsana_phi
MGK,Mong Ku,east_asia.txt,tai_nua_culture,satsana_phi
YNJ,Yuanjiang,east_asia.txt,bo_culture,satsana_phi
NWU,Niuwu,east_asia.txt,bo_culture,satsana_phi
NYZ,Ningyuanzhou,east_asia.txt,bo_culture,satsana_phi
NLU,Nalou,east_asia.txt,bo_culture,satsana_phi
YJI,Yanjing,east_asia.txt,nashi_culture,dongba_religion
BZH,Beisheng,east_asia.txt,nashi_culture,dongba_religion
YAN,Yao'an,east_asia.txt,bai_culture,mahayana
HQG,Heqing,east_asia.txt,bai_culture,mahayana
NNN,Annan,east_asia.txt,yi_culture,bimoism
AGN,Aning,east_asia.txt,yi_culture,bimoism
MLE,Mile,east_asia.txt,yi_culture,bimoism
JSI,Jianshui,east_asia.txt,yi_culture,bimoism
SPG,Shiping,east_asia.txt,yi_culture,bimoism
NGZ,Ningzhou,east_asia.txt,yi_culture,bimoism
LLS,Luoluosi,east_asia.txt,yi_culture,bimoism
CGZ,Changzhou,east_asia.txt,yi_culture,bimoism
XLG,Xianlong,east_asia.txt,yi_culture,bimoism
WDG,Wuding,east_asia.txt,yi_culture,bimoism
RND,Rende,east_asia.txt,yi_culture,bimoism
DCN,Dongchuan,east_asia.txt,yi_culture,bimoism
WNG,Wumeng,east_asia.txt,yi_culture,bimoism
MHU,Mahu,east_asia.txt,yi_culture,bimoism
LBO,Leibo,east_asia.txt,yi_culture,bimoism
YNL,Yunlian,east_asia.txt,yi_culture,bimoism
ZNX,Zhenxiong,east_asia.txt,yi_culture,bimoism
WSA,Wusa,east_asia.txt,yi_culture,bimoism
ZYI,Zhanyi,east_asia.txt,yi_culture,bimoism
QJG,Qujing,east_asia.txt,yi_culture,bimoism
YZO,Yizuo,east_asia.txt,yi_culture,bimoism
MLG,Malong,east_asia.txt,yi_culture,bimoism
LLN,Luliang,east_asia.txt,yi_culture,bimoism
LXG,Luoxiong,east_asia.txt,yi_culture,bimoism
GGX,Guangxi,east_asia.txt,zhuang_culture,moism
SZG,Shizong,east_asia.txt,yi_culture,bimoism
SXI,Shuixi,east_asia.txt,yi_culture,bimoism
CLE,Chele,east_asia.txt,yi_culture,bimoism
BZU,Bozhou,east_asia.txt,yi_culture,bimoism
NPG,Nanping,east_asia.txt,yi_culture,bimoism
RNG,Rong,east_asia.txt,bo_culture,satsana_phi
GNG,Gong,east_asia.txt,bo_culture,satsana_phi
ZNZ,Zhenzhou,east_asia.txt,sui_culture,sui_religion
SZU,Shizu,east_asia.txt,tujia_culture,nuo_religion
ZGL,Zhonglu,east_asia.txt,tujia_culture,nuo_religion
TGY,Tangya,east_asia.txt,tujia_culture,nuo_religion
GLU,Gaoluo,east_asia.txt,tujia_culture,nuo_religion
RGM,Rongmei,east_asia.txt,tujia_culture,nuo_religion
TNP,Tianping,east_asia.txt,tujia_culture,nuo_religion
SGZ,Sangzhi,east_asia.txt,tujia_culture,nuo_religion
DWG,Dawang,east_asia.txt,tujia_culture,nuo_religion
YGS,Yongshun,east_asia.txt,tujia_culture,nuo_religion
BJG,Baojing,east_asia.txt,tujia_culture,nuo_religion
YYG,Youyang,east_asia.txt,tujia_culture,nuo_religion
PCD,Pingchadong,east_asia.txt,tujia_culture,nuo_religion
SZH,Sizhou,east_asia.txt,tujia_culture,nuo_religion
YNH,Yanhe,east_asia.txt,tujia_culture,nuo_religion
TXI,Tixi,east_asia.txt,tujia_culture,nuo_religion
TGR,Tongren,east_asia.txt,kam_culture,kam_religion
QGS,Qiongshui,east_asia.txt,kam_culture,kam_religion
WZH,Wuzhai,east_asia.txt,hmong_culture,hmongism
PTZ,Pingtouzheke,east_asia.txt,hmong_culture,hmongism
LGQ,Longquan,east_asia.txt,hmong_culture,hmongism
RGS,Rongshan,east_asia.txt,hmong_culture,hmongism
BNI,Baini,east_asia.txt,hmong_culture,hmongism
COG,Caotang,east_asia.txt,hmong_culture,hmongism
XNL,Xinlong,east_asia.txt,hmong_culture,hmongism
ALI,Kaili,east_asia.txt,hmong_culture,hmongism
SDG,Shuidong,east_asia.txt,hmong_culture,hmongism
PYE,Pingyue,east_asia.txt,hmong_culture,hmongism
DZH,Dizhai,east_asia.txt,hmong_culture,hmongism
XNG,Xianning,east_asia.txt,hmong_culture,hmongism
PDG,Pingding,east_asia.txt,hmong_culture,hmongism
PDN,Puding,east_asia.txt,zhuang_culture,moism
PGB,Pingba,east_asia.txt,hmong_culture,hmongism
PAN,Pu'an,east_asia.txt,zhuang_culture,moism
YNN,Yongning,east_asia.txt,zhuang_culture,moism
LIN,Lai'an,east_asia.txt,zhuang_culture,moism
NLG,Anlong,east_asia.txt,zhuang_culture,moism
SHG,Shanglin,east_asia.txt,zhuang_culture,moism
QYN,Qingyuan,east_asia.txt,zhuang_culture,moism
NDN,Nandan,east_asia.txt,zhuang_culture,moism
DLN,Donglan,east_asia.txt,zhuang_culture,moism
XCG,Xingcheng,east_asia.txt,zhuang_culture,moism
YSN,Yongshun,east_asia.txt,zhuang_culture,moism
TNZ,Tianzhou,east_asia.txt,zhuang_culture,moism
ADG,Anding,east_asia.txt,zhuang_culture,moism
DYG,Duyang,east_asia.txt,zhuang_culture,moism
ZNN,Zhen'an,east_asia.txt,zhuang_culture,moism
TPG,Taiping,east_asia.txt,zhuang_culture,moism
SMG,Siming,east_asia.txt,zhuang_culture,moism
SGS,Shangsi,east_asia.txt,zhuang_culture,moism
GNN,Guangnan,east_asia.txt,zhuang_culture,moism
LZO,Luozuo,east_asia.txt,zhuang_culture,moism
FZH,Fuzhou,east_asia.txt,zhuang_culture,moism
LZI,Liangzhai,east_asia.txt,zhuang_culture,moism
SZI,Shezi,east_asia.txt,zhuang_culture,moism
DYN,Duyun,east_asia.txt,sui_culture,sui_religion
LTU,Lantu,east_asia.txt,sui_culture,sui_religion
GZH,Guzhou,east_asia.txt,kam_culture,kam_religion
LPG,Liping,east_asia.txt,kam_culture,kam_religion
ZLD,Zhonglindong,east_asia.txt,kam_culture,kam_religion
HZH,Hongzhou Poli,east_asia.txt,kam_culture,kam_religion
XSY,Xishanyang,east_asia.txt,kam_culture,kam_religion
LNG,Liang,east_asia.txt,mongolian_culture,tibetan_buddhism
CDL,Dali,east_asia.txt,bai_culture,mahayana
CHH,Chiang Hung,east_asia.txt,tai_lu_culture,satsana_phi
TIB,Tibet,east_asia.txt,utsang_culture,tibetan_buddhism
GUG,Guge,east_asia.txt,utsang_culture,tibetan_buddhism
PUR,Purang,east_asia.txt,utsang_culture,hindu
MAR,Maryul,east_asia.txt,ladakh_culture,tibetan_buddhism
ZNK,Zanskar,east_asia.txt,ladakh_culture,tibetan_buddhism
CHG,Chagatai,east_asia.txt,mongolian_culture,tengri
TIM,Timurids,east_asia.txt,khorezmian_culture,sunni
QCH,Qocho,east_asia.txt,uyghur_culture,mahayana
MNL,Mangalai,east_asia.txt,khorezmian_culture,tengri
MGG,Mangyül Gungthang,east_asia.txt,utsang_culture,tibetan_buddhism
POO,Powo,east_asia.txt,khampa_culture,tibetan_buddhism
HOR,Hor States,east_asia.txt,khampa_culture,tibetan_buddhism
LGT,Lingtsang,east_asia.txt,khampa_culture,tibetan_buddhism
DRG,Derge,east_asia.txt,khampa_culture,tibetan_buddhism
NCN,Nangchen,east_asia.txt,amdowa_culture,tibetan_buddhism
GNJ,Gonjo,east_asia.txt,khampa_culture,tibetan_buddhism
BTG,Batang,east_asia.txt,khampa_culture,bon
NBH,Nubhor,east_asia.txt,khampa_culture,bon
LTN,Litang,east_asia.txt,khampa_culture,bon
NYA,Nyarong,east_asia.txt,khampa_culture,tibetan_buddhism
GYT,Gyelthang,east_asia.txt,khampa_culture,tibetan_buddhism
YNG,Yongning,east_asia.txt,nashi_culture,dongba_religion
TNQ,Tianquan,east_asia.txt,gyalrong_culture,bon
MCI,Muchi,east_asia.txt,gyalrong_culture,bon
WMO,Weimao,east_asia.txt,rma_culture,rmaism
TSK,Tsakho,east_asia.txt,gyalrong_culture,bon
SNP,Songpan,east_asia.txt,amdowa_culture,tibetan_buddhism
LGZ,Longzhou,east_asia.txt,rma_culture,rmaism
MNZ,Minzhou,east_asia.txt,qin_culture,tibetan_buddhism
TAZ,Taozhou,east_asia.txt,amdowa_culture,tibetan_buddhism
KHG,Khagya,east_asia.txt,amdowa_culture,tibetan_buddhism
HEZ,Hezhou,east_asia.txt,amdowa_culture,tibetan_buddhism
JIZ,Jishizhou,east_asia.txt,amdowa_culture,tibetan_buddhism
BIR,Biri,east_asia.txt,amdowa_culture,tibetan_buddhism
GYE,Gyelrong,east_asia.txt,gyalrong_culture,bon
GOL,Golog,east_asia.txt,amdowa_culture,tibetan_buddhism
CKL,Minyag,east_asia.txt,gyalrong_culture,bon
AMD,Amdo,east_asia.txt,amdowa_culture,tibetan_buddhism
MSH,Mishmi,east_asia.txt,mishmi_culture,mishmi_religion
TAN,Tani,east_asia.txt,tani_culture,donyi_polo_religion
MNP,Monpa,east_asia.txt,monpa_culture,monpa_religion
LMN,Lho Mon,east_asia.txt,ngalop_culture,tibetan_buddhism
LJG,Lijiang,east_asia.txt,nashi_culture,dongba_religion
SKK,Sikkim,east_asia.txt,sikkim_culture,tibetan_buddhism
DUR,Daur,east_asia.txt,daur_culture,tengri
EVK,Evenk,east_asia.txt,evenk_culture,tungusic_shamanism
#NAN,Nanai,east_asia.txt,nanai_culture,tungusic_shamanism
NVK,Nivkh,east_asia.txt,nivkh_culture,tungusic_shamanism
ORC,Oroch,east_asia.txt,oroch_culture,tungusic_shamanism
ORQ,Oroqen,east_asia.txt,oroqen_culture,tungusic_shamanism
SIB,Sibe,east_asia.txt,sibe_culture,tungusic_shamanism
#SOL,Solon,east_asia.txt,solon_culture,tungusic_shamanism
UDE,Udege,east_asia.txt,udege_culture,tungusic_shamanism
ULC,Ulch,east_asia.txt,ulch_culture,tungusic_shamanism
#WRK,Warkha,east_asia.txt,jurchen_culture,tungusic_shamanism
HDA,Hada,east_asia.txt,jurchen_culture,tungusic_shamanism
HOI,Hoifa,east_asia.txt,jurchen_culture,tungusic_shamanism
ULA,Ula,east_asia.txt,jurchen_culture,tungusic_shamanism
YEH,Yehe,east_asia.txt,jurchen_culture,tungusic_shamanism
DNG,Donggo,east_asia.txt,jurchen_culture,tungusic_shamanism
HJN,Holjeon,east_asia.txt,jurchen_culture,tungusic_shamanism
HNE,Hunehe,east_asia.txt,jurchen_culture,tungusic_shamanism
HUL,Huligai,east_asia.txt,jurchen_culture,tungusic_shamanism
JEC,Jecen,east_asia.txt,jurchen_culture,tungusic_shamanism
JUS,Jusheri,east_asia.txt,jurchen_culture,tungusic_shamanism
MAO,Maolian,east_asia.txt,jurchen_culture,tungusic_shamanism
NEY,Neyen,east_asia.txt,jurchen_culture,tungusic_shamanism
ODO,Odoli,east_asia.txt,jurchen_culture,tungusic_shamanism
SSH,Suksuhu,east_asia.txt,jurchen_culture,tungusic_shamanism
URY,Uryangkhad,east_asia.txt,jurchen_culture,tungusic_shamanism
WGG,Wanggiya,east_asia.txt,jurchen_culture,tungusic_shamanism
YAL,Yalu,east_asia.txt,jurchen_culture,tungusic_shamanism
AAR,Abdari,east_asia.txt,jurchen_culture,tungusic_shamanism
AID,Aidan,east_asia.txt,jurchen_culture,tungusic_shamanism
ASU,Asu,east_asia.txt,hurga_culture,tungusic_shamanism
BAY,Bayan,east_asia.txt,hurga_culture,tungusic_shamanism
DLA,Dala,east_asia.txt,hurga_culture,tungusic_shamanism
EJI,Ejimi,east_asia.txt,haixi_culture,tungusic_shamanism
FLN,Fulun,east_asia.txt,hurga_culture,tungusic_shamanism
FUT,Futi,east_asia.txt,jurchen_culture,tungusic_shamanism
FUY,Fuyu,east_asia.txt,haixi_culture,tungusic_shamanism
GIL,Gilemi,east_asia.txt,hurga_culture,tungusic_shamanism
HIJ,Hijan,east_asia.txt,hurga_culture,tungusic_shamanism
HIY,Haiyan,east_asia.txt,jurchen_culture,tungusic_shamanism
HLN,Halan,east_asia.txt,jurchen_culture,tungusic_shamanism
HNC,Huncun,east_asia.txt,jurchen_culture,tungusic_shamanism
HOT,Hotonggi,east_asia.txt,jurchen_culture,tungusic_shamanism
HRO,Horo,east_asia.txt,hurga_culture,tungusic_shamanism
HUI,Huiba,east_asia.txt,jurchen_culture,tungusic_shamanism
HUR,Hurga,east_asia.txt,hurga_culture,tungusic_shamanism
ILU,Ilu,east_asia.txt,hurga_culture,tungusic_shamanism
IMN,Imanka,east_asia.txt,hurga_culture,tungusic_shamanism
ITU,Itun,east_asia.txt,jurchen_culture,tungusic_shamanism
JHT,Juru Hoton,east_asia.txt,jurchen_culture,tungusic_shamanism
LAL,Lalin,east_asia.txt,jurchen_culture,tungusic_shamanism
LEF,Lefu,east_asia.txt,jurchen_culture,tungusic_shamanism
LLU,Lalu,east_asia.txt,jurchen_culture,tungusic_shamanism
MAH,Mahiyan,east_asia.txt,jurchen_culture,tungusic_shamanism
MIC,Michen,east_asia.txt,jurchen_culture,tungusic_shamanism
MRE,Muren,east_asia.txt,hurga_culture,tungusic_shamanism
MUH,Muhiya,east_asia.txt,jurchen_culture,tungusic_shamanism
MUU,Mulun,east_asia.txt,hurga_culture,tungusic_shamanism
NAL,Nalaji,east_asia.txt,haixi_culture,tungusic_shamanism
NEM,Nemer,east_asia.txt,haixi_culture,tungusic_shamanism
NRO,Noro,east_asia.txt,hurga_culture,tungusic_shamanism
SHI,Shilin,east_asia.txt,jurchen_culture,tungusic_shamanism
SIR,Sirin,east_asia.txt,jurchen_culture,tungusic_shamanism
SMN,Shilimian,east_asia.txt,hurga_culture,tungusic_shamanism
SNC,Sancaha,east_asia.txt,haixi_culture,tungusic_shamanism
SUI,Suifun,east_asia.txt,jurchen_culture,tungusic_shamanism
TAS,Tashan,east_asia.txt,haixi_culture,tungusic_shamanism
TOD,Todo,east_asia.txt,jurchen_culture,tungusic_shamanism
TOX,Ton,east_asia.txt,hurga_culture,tungusic_shamanism
USS,Ussuri,east_asia.txt,hurga_culture,tungusic_shamanism
WEJ,Weji,east_asia.txt,haixi_culture,tungusic_shamanism
WEK,Weken,east_asia.txt,hurga_culture,tungusic_shamanism
WNL,Wanlin,east_asia.txt,hurga_culture,tungusic_shamanism
WUY,Wuyemu,east_asia.txt,jurchen_culture,tungusic_shamanism
YRN,Yaran,east_asia.txt,jurchen_culture,tungusic_shamanism
YIM,Yimahu,east_asia.txt,jurchen_culture,tungusic_shamanism
YOO,Yoose,east_asia.txt,jurchen_culture,tungusic_shamanism
KAD,Kam,east_asia.txt,kam_culture,kam_religion
TUJ,Tujia,east_asia.txt,tujia_culture,nuo_religion
MNE,Mien,east_asia.txt,yao_china_culture,yao_religion
MIO,Miao,east_asia.txt,hmong_culture,hmongism
HQQ,Hani,east_asia.txt,hani_culture,hani_religion
YII,Yi,east_asia.txt,yi_culture,bimoism
DDI,Dai,east_asia.txt,dai_culture,satsana_phi
OIR,,east_asia.txt,oirat_culture,tengri
OGE,,east_asia.txt,mongolian_culture,tengri
BAT,,east_asia.txt,oirat_culture,tengri
CRS,,east_asia.txt,oirat_culture,tengri
KHD,,east_asia.txt,oirat_culture,tengri
TRH,,east_asia.txt,oirat_culture,tengri
TVA,,east_asia.txt,tuvan_culture,tengri
BGT,,east_asia.txt,mongolian_culture,tengri
HCN,,east_asia.txt,mongolian_culture,tengri
OTC,,east_asia.txt,mongolian_culture,tengri
QAS,,east_asia.txt,mongolian_culture,tengri
BKH,Badakhshan,east_asia.txt,tajik_culture,mahayana
DGH,Dughlats,east_asia.txt,mongolian_culture,sunni
KRG,Karategin,east_asia.txt,mongolian_culture,sunni
SRL,Sarikol,east_asia.txt,pamiri_culture,zoroastrian
COO,,eastcoast.txt,coosa_culture,mississippian_ceremonial
OTL,,eastcoast.txt,otali_culture,mississippian_ceremonial
COW,,eastcoast.txt,coweta_culture,mississippian_ceremonial
TUC,,eastcoast.txt,tuckabatchee_culture,mississippian_ceremonial
EUF,,eastcoast.txt,eufaula_culture,mississippian_ceremonial
CPQ,,eastcoast.txt,sawokli_culture,mississippian_ceremonial
TOA,,eastcoast.txt,tamathli_culture,mississippian_ceremonial
OCT,,eastcoast.txt,oconee_culture,mississippian_ceremonial
HIT,,eastcoast.txt,hitchiti_culture,mississippian_ceremonial
ALA,,eastcoast.txt,alabama_culture,mississippian_ceremonial
KST,,eastcoast.txt,koasati_culture,mississippian_ceremonial
CHC,,eastcoast.txt,choctaw_culture,mississippian_ceremonial
CHS,,eastcoast.txt,chickasaw_culture,mississippian_ceremonial
MCG,,eastcoast.txt,muscogee_culture,mississippian_ceremonial
QGM,,eastcoast.txt,taensa_culture,mississippian_ceremonial
QUZ,,eastcoast.txt,chakchiuma_culture,mississippian_ceremonial
NCZ,,eastcoast.txt,natchez_culture,mississippian_ceremonial
GUL,,eastcoast.txt,guale_culture,mississippian_ceremonial
APA,,eastcoast.txt,apalachee_culture,mississippian_ceremonial
KSK,,eastcoast.txt,kaskinampo_culture,mississippian_ceremonial
KAW,,eastcoast.txt,kansa_culture,mississippian_ceremonial
UMO,,eastcoast.txt,omaha_culture,mississippian_ceremonial
WZZ,,eastcoast.txt,osage_culture,mississippian_ceremonial
PPK,,eastcoast.txt,ponca_culture,mississippian_ceremonial
UGX,,eastcoast.txt,quapaw_culture,mississippian_ceremonial
GWY,,eastcoast.txt,guwahiyi_culture,mississippian_ceremonial
GDW,,eastcoast.txt,cherokee_culture,mississippian_ceremonial
TSO,,eastcoast.txt,tsoyaha_culture,mississippian_ceremonial
CFQ,,eastcoast.txt,issati_culture,mississippian_ceremonial
JOA,,eastcoast.txt,catawba_culture,mississippian_ceremonial
TSN,,eastcoast.txt,powhatan_culture,midewiwin_religion
ACL,,eastcoast.txt,acolapissa_culture,mississippian_ceremonial
MBL,,eastcoast.txt,mobile_culture,mississippian_ceremonial
CTT,,eastcoast.txt,chatot_culture,mississippian_ceremonial
YMS,,eastcoast.txt,yamasee_culture,mississippian_ceremonial
CSB,,eastcoast.txt,cusabo_culture,mississippian_ceremonial
CHK,,eastcoast.txt,cahokia_culture,mississippian_ceremonial
HCK,,eastcoast.txt,hocak_culture,mississippian_ceremonial
BXJ,,eastcoast.txt,baxoje_culture,mississippian_ceremonial
WGH,,eastcoast.txt,waghtochtatta_culture,mississippian_ceremonial
OFO,,eastcoast.txt,ofo_culture,mississippian_ceremonial
TKS,,eastcoast.txt,taneks_culture,mississippian_ceremonial
MTN,,eastcoast.txt,moneton_culture,mississippian_ceremonial
MNC,,eastcoast.txt,monacan_culture,mississippian_ceremonial
TTL,,eastcoast.txt,tutelo_culture,mississippian_ceremonial
WCM,,eastcoast.txt,waccamaw_culture,mississippian_ceremonial
TMC,,eastcoast.txt,timucua_culture,mississippian_ceremonial
CLS,,eastcoast.txt,calusa_culture,mississippian_ceremonial
AIX,,eastcoast.txt,ais_culture,mississippian_ceremonial
TBG,,eastcoast.txt,tocobaga_culture,mississippian_ceremonial
NTT,,eastcoast.txt,nottoway_culture,iroquoian_totemism
SKR,,eastcoast.txt,skarureh_culture,iroquoian_totemism
WRO,,eastcoast.txt,wenrohronon_culture,iroquoian_totemism
KEN,,eastcoast.txt,kentaientonga_culture,iroquoian_totemism
ERI,,eastcoast.txt,erielhonan_culture,iroquoian_totemism
HON,,eastcoast.txt,honniasont_culture,iroquoian_totemism
ONJ,,eastcoast.txt,onojutta_culture,iroquoian_totemism
CTN,,eastcoast.txt,carantouan_culture,iroquoian_totemism
AKY,,eastcoast.txt,atrakwaye_culture,iroquoian_totemism
KKA,,eastcoast.txt,kanienkehaka_culture,iroquoian_totemism
ONY,,eastcoast.txt,onyotaaka_culture,iroquoian_totemism
ONO,,eastcoast.txt,onondagega_culture,iroquoian_totemism
GYO,,eastcoast.txt,gayogohono_culture,iroquoian_totemism
ONN,,eastcoast.txt,onondowaga_culture,iroquoian_totemism
PML,,eastcoast.txt,pamlico_culture,midewiwin_religion
DOE,,eastcoast.txt,doeg_culture,midewiwin_religion
PSC,,eastcoast.txt,piscataway_culture,midewiwin_religion
NTK,,eastcoast.txt,nanticoke_culture,midewiwin_religion
RPP,,eastcoast.txt,rappahannock_culture,midewiwin_religion
CAA,,eastcoast.txt,croatan_culture,midewiwin_religion
NSM,,eastcoast.txt,nansemond_culture,midewiwin_religion
ACW,,eastcoast.txt,accomac_culture,midewiwin_religion
MMQ,,eastcoast.txt,mamaceqtaw_culture,midewiwin_religion
OSK,,eastcoast.txt,osaakiiwaki_culture,midewiwin_religion
MSK,,eastcoast.txt,meskwaki_culture,midewiwin_religion
KIW,,eastcoast.txt,kiwigapawa_culture,midewiwin_religion
MCT,,eastcoast.txt,mascouten_culture,midewiwin_religion
CLG,,eastcoast.txt,chalahgawtha_culture,mississippian_ceremonial
MKC,,eastcoast.txt,mekoche_culture,mississippian_ceremonial
KPK,,eastcoast.txt,kispoko_culture,mississippian_ceremonial
PKW,,eastcoast.txt,pekowi_culture,mississippian_ceremonial
HAT,,eastcoast.txt,hathawekela_culture,mississippian_ceremonial
BDK,,eastcoast.txt,bodewadomik_culture,midewiwin_religion
TMW,,eastcoast.txt,inoka_culture,mississippian_ceremonial
KHK,,eastcoast.txt,kahokiaki_culture,mississippian_ceremonial
KKH,,eastcoast.txt,kaskankaham_culture,mississippian_ceremonial
PEO,,eastcoast.txt,peewareewa_culture,midewiwin_religion
AKG,,eastcoast.txt,atchakangouen_culture,mississippian_ceremonial
PIA,,eastcoast.txt,piankeshaw_culture,mississippian_ceremonial
PEP,,eastcoast.txt,myaamia_culture,midewiwin_religion
WEA,,eastcoast.txt,wea_culture,mississippian_ceremonial
UNA,,eastcoast.txt,unami_culture,midewiwin_religion
MNS,,eastcoast.txt,munsee_culture,midewiwin_religion
UNL,,eastcoast.txt,unalachtigo_culture,midewiwin_religion
MCN,,eastcoast.txt,mahican_culture,midewiwin_religion
QRP,,eastcoast.txt,quiripi_culture,midewiwin_religion
PCT,,eastcoast.txt,pocumtuck_culture,midewiwin_religion
PQT,,eastcoast.txt,pequot_culture,midewiwin_religion
NRG,,eastcoast.txt,narraganset_culture,midewiwin_religion
WMG,,eastcoast.txt,wampanoag_culture,midewiwin_religion
MSC,,eastcoast.txt,massachusett_culture,midewiwin_religion
PCK,,eastcoast.txt,pennacook_culture,midewiwin_religion
BQA,,egypt.txt,libyan_arabic_culture,sunni
BKZ,,egypt.txt,bedouin_culture,shia
FZA,,egypt.txt,toubou_culture,sunni
MAM,,egypt.txt,lower_egyptian_culture,sunni
SKN,,egypt.txt,hijazi_culture,shia
TRP,,egypt.txt,libyan_arabic_culture,sunni
BRI,,france.txt,gallo,catholic
FRA,,france.txt,french,catholic
BUR,,france.txt,burgundian,catholic
FCB,,france.txt,franc_comtois,catholic
AQN,,france.txt,gascon,catholic
ALE,,france.txt,norman,catholic
AUX,,france.txt,burgundian,catholic
SAN,,france.txt,berrichon,catholic
AMG,,france.txt,gascon,catholic
AUV,,france.txt,auvergnat,catholic
BOU,,france.txt,berrichon,catholic
CHP,,france.txt,champenais,catholic
DAU,,france.txt,arpitan,catholic
EVR,,france.txt,norman,catholic
FOI,,france.txt,languedocien,catholic
GUY,,france.txt,gascon,catholic
NEV,,france.txt,burgundian,catholic
NRB,,france.txt,languedocien,catholic
NRM,,france.txt,norman,catholic
JER,,france.txt,norman,catholic
ORL,,france.txt,french,catholic
PIC,,france.txt,picard,catholic
PRO,,france.txt,provencal,catholic
ORA,,france.txt,provencal,catholic
TOU,,france.txt,languedocien,catholic
BER,,france.txt,berrichon,catholic
LOR,,france.txt,lorrain,catholic
BAR,,france.txt,lorrain,catholic
DRE,,france.txt,french,catholic
MRT,,france.txt,norman,catholic
POI,,france.txt,poitevin,catholic
ANJ,,france.txt,angevin,catholic
MIE,,france.txt,angevin,catholic
VLS,,france.txt,picard,catholic
PRC,,france.txt,french,catholic
FRZ,,france.txt,arpitan,catholic
BLS,,france.txt,berrichon,catholic
VDM,,france.txt,french,catholic
ETA,,france.txt,french,catholic
AST,,france.txt,gascon,catholic
COM,,france.txt,gascon,catholic
IJO,,france.txt,gascon,catholic
VLN,,france.txt,vivaro_alpine,catholic
PER,,france.txt,limousin,catholic
TON,,france.txt,burgundian,catholic
MON,,france.txt,french,catholic
AUM,,france.txt,norman,catholic
ROU,,france.txt,champenais,catholic
BSC,,france.txt,franc_comtois,catholic
ALS,,france.txt,rhine_alemannic,catholic
MTB,,france.txt,franc_comtois,catholic
TUL,,france.txt,lorrain,catholic
VDU,,france.txt,lorrain,catholic
MTZ,,france.txt,lorrain,catholic
SLM,,france.txt,lorrain,catholic
MOU,,france.txt,champenais,catholic
RET,,france.txt,champenais,catholic
CAM,,france.txt,picard,catholic
BRR,,france.txt,gascon,catholic
MDM,,france.txt,gascon,catholic
FRT,,france.txt,rhine_alemannic,catholic
MRC,,france.txt,berrichon,catholic
VNT,,france.txt,limousin,catholic
RCC,,france.txt,limousin,catholic
CLT,,france.txt,auvergnat,catholic
ANG,,france.txt,saintongeais,catholic
SCL,Saint-Claude Abbey,france.txt,arpitan,catholic
GNV,Geneve,france.txt,arpitan,catholic
SAV,Savoy,france.txt,arpitan,catholic
DAM,,horn_of_africa.txt,gonga_culture,miaphysite
ENN,,horn_of_africa.txt,gonga_culture,miaphysite
DBE,,horn_of_africa.txt,tigrinya,miaphysite
END,,horn_of_africa.txt,tigrinya,miaphysite
ETH,,horn_of_africa.txt,amhara,miaphysite
GJJ,,horn_of_africa.txt,amhara,miaphysite
MED,,horn_of_africa.txt,tigrinya,miaphysite
BTI,,horn_of_africa.txt,beyte_yisrael,judaism
ADA,,horn_of_africa.txt,somali_culture,sunni
AFA,,horn_of_africa.txt,afar_culture,sunni
ABB,,horn_of_africa.txt,hadiya_culture,sunni
AWS,,horn_of_africa.txt,afar_culture,sunni
BLE,,horn_of_africa.txt,sidama_culture,sunni
DHK,,horn_of_africa.txt,tigre,sunni
DRA,,horn_of_africa.txt,kambaata_culture,sunni
DAW,,horn_of_africa.txt,harla_culture,sunni
HDY,,horn_of_africa.txt,hadiya_culture,sunni
IFA,,horn_of_africa.txt,somali_culture,sunni
HRL,,horn_of_africa.txt,harla_culture,sunni
SHK,,horn_of_africa.txt,gurage,sunni
SOA,,horn_of_africa.txt,afar_culture,sunni
AJU,,horn_of_africa.txt,somali_culture,sunni
GLE,,horn_of_africa.txt,somali_culture,sunni
MDI,,horn_of_africa.txt,somali_culture,sunni
WAR,,horn_of_africa.txt,somali_culture,sunni
TDE,,horn_of_africa.txt,somali_culture,sunni
ABW,,horn_of_africa.txt,nubian,miaphysite
ALO,,horn_of_africa.txt,nubian,miaphysite
#DON,,horn_of_africa.txt,nubian,miaphysite
MAK,,horn_of_africa.txt,nubian,sunni
BQL,,horn_of_africa.txt,beja_culture,sunni
BZN,,horn_of_africa.txt,beja_culture,sunni
JRN,,horn_of_africa.txt,beja_culture,sunni
NQS,,horn_of_africa.txt,beja_culture,sunni
QTA,,horn_of_africa.txt,beja_culture,sunni
DAJ,,horn_of_africa.txt,daju_culture,kalge_religion
ORO,,horn_of_africa.txt,oromo_culture,waaqeffanna_religion
AFR,,horn_of_africa.txt,oromo_culture,waaqeffanna_religion
SDQ,,horn_of_africa.txt,oromo_culture,waaqeffanna_religion
FNJ,,horn_of_africa.txt,berta_culture,muonyjang_religion
GUM,,horn_of_africa.txt,gumuz_culture,rebba_religion
KUN,,horn_of_africa.txt,kunama_culture,anna_religion
ANR,Andorra,iberia.txt,catalan,catholic
ARA,Aragon,iberia.txt,catalan,catholic
CAS,Castile,iberia.txt,castilian,catholic
CAT,Catalonia,iberia.txt,catalan,catholic
GLC,Galicia,iberia.txt,galician,catholic
GRA,Granada,iberia.txt,andalusi,sunni
LON,Leon,iberia.txt,leonese,catholic
MLL,Mallorca,iberia.txt,catalan,catholic
NAV,Navarre,iberia.txt,basque,catholic
POR,Portugal,iberia.txt,portuguese,catholic
VAL,Valencia,iberia.txt,catalan,catholic
#ACT,,iberia.txt,castilian,catholic
#CTV,,iberia.txt,castilian,catholic
#MTS,,iberia.txt,aragonese,catholic
#OPX,,iberia.txt,portuguese,catholic
#STO,,iberia.txt,castilian,catholic
DLH,,india.txt,dehlavi,sunni
HSL,,india.txt,kannadiga,hindu
SMV,,india.txt,tamil,hindu
VIJ,,india.txt,kannadiga,hindu
MAB,,india.txt,haryanvi_culture,sunni
TNK,,india.txt,tamil,hindu
RDY,,india.txt,telugu,hindu
YDR,,india.txt,telugu,hindu
ZMR,,india.txt,malayali,hindu
KLT,,india.txt,malayali,hindu
PDU,,india.txt,malayali,hindu
VND,,india.txt,malayali,hindu
KTN,,india.txt,malayali,hindu
KDU,,india.txt,malayali,hindu
KYA,,india.txt,malayali,hindu
VLD,,india.txt,malayali,hindu
ELA,,india.txt,malayali,hindu
TKU,,india.txt,malayali,hindu
VDK,,india.txt,malayali,hindu
ALU,,india.txt,tuluva,hindu
STR,,india.txt,tuluva,jain
KPL,,india.txt,telugu,hindu
MSN,,india.txt,telugu,hindu
RCH,,india.txt,telugu,hindu
ORI,,india.txt,orissan,hindu
KNK,,india.txt,chhattisgarhi,hindu
BST,,india.txt,chhattisgarhi,hindu
JPO,,india.txt,orissan,hindu
BGL,,india.txt,marathi_culture,hindu
CHD,,india.txt,gond,koyapunem_religion
BGR,,india.txt,marathi_culture,hindu
WRG,,india.txt,gond,koyapunem_religion
GOA,,india.txt,konkani,hindu
HNV,,india.txt,konkani,sunni
DRP,,india.txt,bhil,hindu
JWR,,india.txt,bhil,hindu
DGR,,india.txt,bhil,hindu
MEW,,india.txt,mewari,hindu
IDR,,india.txt,gujarati,hindu
JLR,,india.txt,marwari,hindu
CMN,,india.txt,gujarati,hindu
RJI,,india.txt,gujarati,hindu
KUT,,india.txt,sindhi,hindu
SMA,,india.txt,sindhi,sunni
SND,,india.txt,sindhi,shia
RNP,,india.txt,gujarati,hindu
GHL,,india.txt,gujarati,hindu
PLT,,india.txt,gujarati,hindu
JNG,,india.txt,gujarati,hindu
BHD,,india.txt,gujarati,hindu
JLW,,india.txt,gujarati,hindu
MRW,,india.txt,marwari,hindu
HAD,,india.txt,harauti,hindu
JSL,,india.txt,marwari,hindu
PGL,,india.txt,bagri,hindu
KLI,,india.txt,braji,hindu
SHR,,india.txt,shekhawati,hindu
DRW,,india.txt,bagri,hindu
BWL,,india.txt,bagri,hindu
JHI,,india.txt,bagri,hindu
GDA,,india.txt,bagri,hindu
PNA,Punia in Jangladesh,india.txt,bagri,hindu
BHA,,india.txt,bagri,sunni
DOG,,india.txt,kangri,hindu
DHU,,india.txt,dhundhari,hindu
GWA,,india.txt,bundeli,hindu
JJK,,india.txt,bundeli,hindu
BND,,india.txt,bundeli,hindu
BGK,,india.txt,bagheli,hindu
MAU,,india.txt,bagheli,hindu
KHR,,india.txt,gond,hindu
GHR,,india.txt,gond,hindu
RTP,,india.txt,chhattisgarhi,hindu
BAD,,india.txt,orissan,hindu
NRS,,india.txt,orissan,hindu
KJA,,india.txt,chhattisgarhi,hindu
PTN,,india.txt,orissan,hindu
PRT,,india.txt,marwari,hindu
KLH,,india.txt,orissan,hindu
SRG,,india.txt,gond,koyapunem_religion
PLA,,india.txt,orissan,hindu
BNA,,india.txt,chhattisgarhi,hindu
MJU,,india.txt,chhattisgarhi,hindu
DBD,,india.txt,sinhalese,theravada
JFN,,india.txt,tamil,hindu
NAG,,india.txt,kashmiri_culture,hindu
SWT,,india.txt,kashmiri_culture,sunni
HNZ,,india.txt,kashmiri_culture,shia
CTR,,india.txt,kashmiri_culture,sunni
CRL,,india.txt,kashmiri_culture,hindu
GLI,,india.txt,kashmiri_culture,shia
KSH,,india.txt,kashmiri_culture,hindu
RJR,,india.txt,kashmiri_culture,sunni
PNC,,india.txt,kashmiri_culture,hindu
CBH,,india.txt,kashmiri_culture,hindu
CAB,,india.txt,kangri,hindu
LHL,,india.txt,kangri,tibetan_buddhism
KLU,,india.txt,kangri,hindu
KSW,,india.txt,kashmiri_culture,hindu
SKT,,india.txt,kangri,hindu
BSP,,india.txt,kangri,hindu
KTL,,india.txt,kangri,hindu
KGR,,india.txt,kangri,hindu
NRP,,india.txt,kangri,hindu
MAJ,Majapahit,indonesia.txt,javanese_culture,hindu
BLI,Bali,indonesia.txt,balinese_culture,hindu
SUN,Sunda,indonesia.txt,sundanese_culture,hindu
JMB,Jambi/Melayu/Dharmasraya,indonesia.txt,malay_culture,mahayana
ATJ,Lambri/Lamuri/Aceh,indonesia.txt,acehnese_culture,sunni
PSA,Pasai,indonesia.txt,acehnese_culture,sunni
ARU,Aru,indonesia.txt,batak_culture,sunni
PNI,Pannai,indonesia.txt,malay_culture,mahayana
BUS,Barus,indonesia.txt,batak_culture,mahayana
INR,Indragiri,indonesia.txt,malay_culture,mahayana
SGT,Siguntur,indonesia.txt,minangkabau_culture,mahayana
PLB,Palembang,indonesia.txt,malay_culture,mahayana
LGE,Linge,indonesia.txt,gayo_culture,sunni
TJP,Tanjungpura,indonesia.txt,malay_culture,hindu
NSR,Nan Sarunai,indonesia.txt,maanyan_culture,kaharingan_religion
KRP,Kuripan,indonesia.txt,banjar_culture,hindu
MRP,Kutai Martapura,indonesia.txt,kutai_culture,hindu
KKG,Kutai Kartanegara,indonesia.txt,kutai_culture,hindu
SMB,Sambas,indonesia.txt,bidayuh_culture,hindu
TDG,Tidung,indonesia.txt,tidung_culture,kaharingan_religion
BEI,Brunei,indonesia.txt,malay_culture,hindu
MNU,Melanau,indonesia.txt,melanau_culture,ipok_religion
SBG,Santubong,indonesia.txt,iban_culture,hindu
SGU,Sanggau,indonesia.txt,bidayuh_culture,hindu
LNK,Landak,indonesia.txt,bidayuh_culture,hindu
SBU,Selimbau,indonesia.txt,iban_culture,hindu
SLA,Silat,indonesia.txt,bidayuh_culture,kaharingan_religion
BLN,Bolaang,indonesia.txt,mongondow_culture,malesung_religion
GRT,Gorontalo,indonesia.txt,gorontalo_culture,gorontalo_religion
PJT,Pudjananti,indonesia.txt,kaili_culture,tomanuru_religion
BGG,Bangga,indonesia.txt,kaili_culture,tomanuru_religion
LUW,Luwu,indonesia.txt,buginese_culture,tolotang_religion
BAI,Banggai,indonesia.txt,banggai_culture,banunut_religion
BTE,Bantaeng,indonesia.txt,makassarese_culture,tolotang_religion
GOW,Gowa,indonesia.txt,makassarese_culture,tolotang_religion
BOW,Bowontehu,indonesia.txt,minahasan_culture,malesung_religion
BTN,Buton,indonesia.txt,buton_culture,buton_religion
MKG,Mekongga,indonesia.txt,tolaki_culture,tolaki_religion
KNW,Konawe,indonesia.txt,tolaki_culture,tolaki_religion
MRN,Moronene,indonesia.txt,moronene_culture,tolaki_religion
CIN,Cina,indonesia.txt,buginese_culture,tolotang_religion
KLS,Kalisusu,indonesia.txt,buton_culture,buton_religion
WUN,Muna,indonesia.txt,muna_culture,buton_religion
BNE,Bone,indonesia.txt,buginese_culture,tolotang_religion
SDR,Sidenreng,indonesia.txt,buginese_culture,tolotang_religion
RRU,Barru,indonesia.txt,buginese_culture,tolotang_religion
SIG,Siang,indonesia.txt,buginese_culture,tolotang_religion
PKR,Passokkorang,indonesia.txt,mandarese_culture,aluk_religion
SLP,Selaparang,indonesia.txt,sasak_culture,hindu
BIM,Bima,indonesia.txt,bima_culture,hindu
DOM,Dompu,indonesia.txt,dompu_culture,hindu
NGL,Ngali,indonesia.txt,sumbawa_culture,hindu
TLW,Taliwang,indonesia.txt,sumbawa_culture,hindu
LRT,Larantuka,indonesia.txt,lamaholot_culture,kirin_koda_religion
WHL,Wehale,indonesia.txt,tetum_culture,mahayana
BAC,Bacan,indonesia.txt,bacan_culture,kolano_religion
TER,Ternate,indonesia.txt,ternate_culture,kolano_religion
TID,Tidore,indonesia.txt,tidore_culture,kolano_religion
LOL,Loloda,indonesia.txt,galela_culture,imunu_religion
JLO,Jailolo,indonesia.txt,tobelo_culture,goma_religion
MOO,Moro,indonesia.txt,galela_culture,imunu_religion
SUL,Lupah Sug,indonesia.txt,tausug_culture,hindu
MYI,Ma-i,indonesia.txt,tagalog_culture,mahayana
CEB,Cebu,indonesia.txt,cebuano_culture,hindu
TDO,Tondo,indonesia.txt,tagalog_culture,hindu
MNA,Maynila,indonesia.txt,tagalog_culture,hindu
MDY,Madya-as,indonesia.txt,hiligaynon_culture,anitism_religion
PGS,Caboloan (Pangasinan),indonesia.txt,pangasinan_culture,mahayana
BTU,Butuan,indonesia.txt,butuanon_culture,hindu
MGD,Wenduling (Maguindanao),indonesia.txt,maguindanao_culture,anitism_religion
KIM,Kiliman (Buayan),indonesia.txt,tagakaulo_culture,anitism_religion
LNO,Lanao,indonesia.txt,iranun_culture,anitism_religion
IBL,Ibalon (Bikol),indonesia.txt,bicolano_culture,anitism_religion
PLL,Pulilu,indonesia.txt,tagalog_culture,anitism_religion
TYY,Taytay,indonesia.txt,cuyonon_culture,anitism_religion
KML,Kumalarang,indonesia.txt,sama_culture,anitism_religion
CNT,Cainta,indonesia.txt,tagalog_culture,anitism_religion
KAM,Kaimana,indonesia.txt,buruwai_culture,imunu_religion
BOL,Bool (Dapitan),indonesia.txt,boholano_culture,anitism_religion
SML,Sanmalan,indonesia.txt,subanon_culture,hindu
ILC,Ilocos,indonesia.txt,ilocano_culture,anitism_religion
WGE,,indonesia.txt,maaya_culture,imunu_religion
MAD,,indonesia.txt,maden_culture,imunu_religion
MSL,,indonesia.txt,maaya_culture,imunu_religion
ABA,Alba,italy.txt,piedmontese,catholic
ANC,Ancona,italy.txt,median,catholic
AQU,Aquileia,italy.txt,friulian,catholic
ARB,Arborea,italy.txt,sardinian,catholic
ARZ,Arezzo,italy.txt,tuscan,catholic
ASC,Ascoli,italy.txt,neapolitan,catholic
ASD,Alessandria,italy.txt,piedmontese,catholic
ATI,Asti,italy.txt,piedmontese,catholic
BLG,Bologna,italy.txt,emilian,catholic
BGM,Bergamo,italy.txt,lombard,catholic
BRS,Brescia,italy.txt,lombard,catholic
CAG,Cagliari,italy.txt,sardinian,catholic
CDC,Cittadicastello,italy.txt,median,catholic
CEN,Ceneda,italy.txt,venetian,catholic
CES,Cesena,italy.txt,romagnol,catholic
CEV,Ceva,italy.txt,piedmontese,catholic
CHV,Chiavenna,italy.txt,lombard,catholic
CHX,Chieri,italy.txt,piedmontese,catholic
CMR,Camerino,italy.txt,median,catholic
CNV,Canavese,italy.txt,piedmontese,catholic
COR,Corsica,italy.txt,corsican,catholic
COT,Cortona,italy.txt,tuscan,catholic
CRM,Cremona,italy.txt,lombard,catholic
CRR,Finale,italy.txt,piedmontese,catholic
FAB,Fabriano,italy.txt,median,catholic
FAE,Faenza,italy.txt,romagnol,catholic
FEL,Feltre,italy.txt,venetian,catholic
FER,Ferrara,italy.txt,emilian,catholic
FLO,Florence,italy.txt,tuscan,catholic
FRM,Fermo,italy.txt,median,catholic
GAL,Gallura,italy.txt,sardinian,catholic
GEN,Genoa,italy.txt,ligurian,catholic
GUB,Gubbio,italy.txt,median,catholic
IMO,imola,italy.txt,romagnol,catholic
LCA,Como,italy.txt,lombard,catholic
LDI,Lodi,italy.txt,lombard,catholic
LUC,Lucca,italy.txt,tuscan,catholic
MAN,Mantua,italy.txt,emilian,catholic
MFA,Montferrat,italy.txt,piedmontese,catholic
MLO,Milan,italy.txt,lombard,catholic
MND,Mondovi,italy.txt,piedmontese,catholic
MOD,Modena,italy.txt,emilian,catholic
MSO,Mesocco,italy.txt,lombard,catholic
MSP,Malaspina,italy.txt,emilian,catholic
MTA,Macerata,italy.txt,median,catholic
NAP,Naples,italy.txt,neapolitan,catholic
NVA,Novara,italy.txt,lombard,catholic
PAD,Padua,italy.txt,venetian,catholic
PAP,Papal States,italy.txt,median,catholic
PAR,Parma,italy.txt,emilian,catholic
PAV,Pavia,italy.txt,lombard,catholic
PCZ,Piacenza,italy.txt,emilian,catholic
PEA,Perugia,italy.txt,median,catholic
PES,Pesaro,italy.txt,romagnol,catholic
PIE,Piedmont,italy.txt,piedmontese,catholic
PIO,Piombino,italy.txt,tuscan,catholic
PIS,Pisa,italy.txt,tuscan,catholic
PRA,Prato,italy.txt,tuscan,catholic
PST,Pistoia,italy.txt,tuscan,catholic
PTG,Pitigliano,italy.txt,median,catholic
RAV,Ravenna,italy.txt,romagnol,catholic
RGG,Reggio,italy.txt,emilian,catholic
RIM,Rimini,italy.txt,romagnol,catholic
SAL,Saluzzo,italy.txt,vivaro_alpine,catholic
SIC,Sicily,italy.txt,sicilian,catholic
SIE,Siena,italy.txt,tuscan,catholic
SPL,Spoleto,italy.txt,median,catholic
SSP,Sansepolcro,italy.txt,tuscan,catholic
TOR,Torres,italy.txt,sardinian,catholic
TRV,Treviso,italy.txt,venetian,catholic
TTE,Trieste,italy.txt,friulian,catholic
TTN,Tortona,italy.txt,emilian,catholic
URB,urbino,italy.txt,romagnol,catholic
VEN,Venice,italy.txt,venetian,catholic
VER,Verona,italy.txt,venetian,catholic
VIN,Vicenza,italy.txt,venetian,catholic
VLT,Volterra,italy.txt,tuscan,catholic
VRC,Vercelli,italy.txt,piedmontese,catholic
ACC,Acciaioli,italy.txt,acciaioli_bank_culture,catholic
BRD,Bardi,italy.txt,bardi_bank_culture,catholic
PRZ,Peruzzi,italy.txt,peruzzi_bank_culture,catholic
VUN,,kongo.txt,cabinda,bantu_religion
NSU,,kongo.txt,nsudi,bantu_religion
MPE,,kongo.txt,mboma,bantu_religion
VNA,,kongo.txt,mboma,bantu_religion
MBT,,kongo.txt,kakongo,bantu_religion
SOY,,kongo.txt,solongo,bantu_religion
MOM,,kongo.txt,solongo,bantu_religion
CHO,,kongo.txt,chokwe,bantu_religion
OVI,,kongo.txt,ovimbundu,bantu_religion
LND,,kongo.txt,lunda,bantu_religion
LBA,,kongo.txt,luba,bantu_religion
KUB,,kongo.txt,kuba,bantu_religion
LEG,,kongo.txt,lega,bantu_religion
SIK,,kongo.txt,shilluk_culture,muonyjang_religion
HOL,,lowlands.txt,low_franconian,catholic
ZEE,,lowlands.txt,low_franconian,catholic
BRB,,lowlands.txt,low_franconian,catholic
FLA,,lowlands.txt,low_franconian,catholic
LUX,,lowlands.txt,moselle_franconian,catholic
LIE,,lowlands.txt,walloon,catholic
CHN,,lowlands.txt,lorrain,catholic
LIM,,lowlands.txt,walloon,catholic
NAM,,lowlands.txt,walloon,catholic
LOO,,lowlands.txt,low_franconian,catholic
VBG,,lowlands.txt,low_franconian,catholic
HRN,,lowlands.txt,low_franconian,catholic
CJK,,lowlands.txt,low_franconian,catholic
UTR,,lowlands.txt,low_franconian,catholic
FRI,,lowlands.txt,frisian,catholic
STV,,lowlands.txt,walloon,catholic
HAI,,lowlands.txt,picard,catholic
ARS,,lowlands.txt,picard,catholic
STP,,lowlands.txt,picard,catholic
BGN,,lowlands.txt,picard,catholic
BNT,,lowlands.txt,westphalian,catholic
BLL,,lowlands.txt,walloon,catholic
HBG,,lowlands.txt,low_franconian,catholic
AIT,Ait Babbas,maghreb.txt,kabyle,sunni
ALG,Algeria,maghreb.txt,algerian,sunni
BTL,Banu Tellis,maghreb.txt,eastern_amazigh,sunni
CNR,Guanche,maghreb.txt,guanche,guanche_religion
DJE,Djerid,maghreb.txt,eastern_amazigh,ibadi
FEZ,Fez,maghreb.txt,zenati,sunni
GBS,Gabes,maghreb.txt,eastern_amazigh,sunni
GFS,Gafsa,maghreb.txt,tunisian,sunni
KUK,Kuku,maghreb.txt,kabyle,sunni
MOR,Morocco,maghreb.txt,moroccan,sunni
MRK,Marrakesh,maghreb.txt,masmuda,sunni
MZB,Mzab,maghreb.txt,mozabite,ibadi
OGL,Ouargla,maghreb.txt,mozabite,ibadi
SLE,Sale,maghreb.txt,moroccan,sunni
SOS,,maghreb.txt,masmuda,sunni
TAT,Touat,maghreb.txt,zenati,sunni
TET,Tetouan,maghreb.txt,moroccan,sunni
TFL,Tafilalt,maghreb.txt,sanhaja,sunni
TGT,Touggourt,maghreb.txt,mozabite,ibadi
TLE,Tlemcen,maghreb.txt,zenati,sunni
TUN,Tunis,maghreb.txt,tunisian,sunni
ZAB,ZAB,maghreb.txt,algerian,sunni
TAR,,mesoamerica.txt,purepecha_culture,mesoamerican
CRK,,mesoamerica.txt,purepecha_culture,mesoamerican
CTE,,mesoamerica.txt,purepecha_culture,mesoamerican
TUZ,,mesoamerica.txt,purepecha_culture,mesoamerican
TZI,,mesoamerica.txt,purepecha_culture,mesoamerican
TAX,,mesoamerica.txt,purepecha_culture,mesoamerican
TNC,,mesoamerica.txt,nahua_culture,nahuatl
TTZ,,mesoamerica.txt,nahua_culture,nahuatl
CUL,,mesoamerica.txt,nahua_culture,nahuatl
TEP,,mesoamerica.txt,nahua_culture,nahuatl
TCP,,mesoamerica.txt,nahua_culture,nahuatl
OTO,,mesoamerica.txt,otomanguean_culture,chichimecah_religion
AXO,,mesoamerica.txt,otomanguean_culture,chichimecah_religion
MET,,mesoamerica.txt,otomanguean_culture,chichimecah_religion
HYC,,mesoamerica.txt,huastec_culture,mayan
TUT,,mesoamerica.txt,huastec_culture,mayan
XIL,,mesoamerica.txt,otomanguean_culture,chichimecah_religion
ZIN,,mesoamerica.txt,otomanguean_culture,chichimecah_religion
MAT,,mesoamerica.txt,matlatzinca_culture,nahuatl
MLN,,mesoamerica.txt,matlatzinca_culture,nahuatl
TLA,,mesoamerica.txt,mephaa_culture,mesoamerican
YPZ,,mesoamerica.txt,mephaa_culture,mesoamerican
CLP,,mesoamerica.txt,mephaa_culture,mesoamerican
OAP,,mesoamerica.txt,mephaa_culture,mesoamerican
TLX,,mesoamerica.txt,tlaxcaltec_culture,nahuatl
ZAP,,mesoamerica.txt,zapotec_culture,mesoamerican
TPL,,mesoamerica.txt,mixtec_culture,mesoamerican
IXL,,mesoamerica.txt,mixtec_culture,mesoamerican
YDZ,,mesoamerica.txt,mixtec_culture,mesoamerican
YAU,,mesoamerica.txt,zapotec_culture,mesoamerican
THT,,mesoamerica.txt,zapotec_culture,mesoamerican
MIX,,mesoamerica.txt,mixtec_culture,mesoamerican
QIG,,mesoamerica.txt,mixtec_culture,mesoamerican
TZL,,mesoamerica.txt,mixtec_culture,mesoamerican
JUX,,mesoamerica.txt,mixtec_culture,nahuatl
TCQ,,mesoamerica.txt,mixtec_culture,mesoamerican
YCH,,mesoamerica.txt,mixtec_culture,mesoamerican
COI,,mesoamerica.txt,mixtec_culture,mesoamerican
CCN,,mesoamerica.txt,mixtec_culture,mesoamerican
NND,,mesoamerica.txt,zapotec_culture,mesoamerican
MHT,,mesoamerica.txt,zapotec_culture,mesoamerican
TEO,,mesoamerica.txt,popoloca_culture,mesoamerican
CLM,,mesoamerica.txt,teco_culture,nahuatl
TOT,,mesoamerica.txt,totonac_culture,mayan
MZT,,mesoamerica.txt,totonac_culture,mayan
PPT,,mesoamerica.txt,totonac_culture,mayan
QHZ,,mesoamerica.txt,totonac_culture,mayan
HST,,mesoamerica.txt,huastec_culture,mayan
MCC,,mesoamerica.txt,huastec_culture,mayan
TTC,,mesoamerica.txt,huastec_culture,mayan
TXP,,mesoamerica.txt,huastec_culture,mayan
OZL,,mesoamerica.txt,huastec_culture,mayan
OXT,,mesoamerica.txt,huastec_culture,mayan
TZH,,mesoamerica.txt,huastec_culture,mayan
TZP,,mesoamerica.txt,huastec_culture,mayan
XAL,,mesoamerica.txt,nahua_culture,nahuatl
TAA,,mesoamerica.txt,nahua_culture,nahuatl
TZZ,,mesoamerica.txt,huichol_culture,chichimecah_religion
SNT,,mesoamerica.txt,huichol_culture,chichimecah_religion
PAM,,mesoamerica.txt,pame_culture,chichimecah_religion
TNL,,mesoamerica.txt,tonala_culture,chichimecah_religion
MXT,,mesoamerica.txt,tonala_culture,chichimecah_religion
YAH,,mesoamerica.txt,tonala_culture,chichimecah_religion
TPN,,mesoamerica.txt,tonala_culture,chichimecah_religion
MIT,,mesoamerica.txt,tonala_culture,chichimecah_religion
XLT,,mesoamerica.txt,tonala_culture,chichimecah_religion
CON,,mesoamerica.txt,tonala_culture,chichimecah_religion
ACA,,mesoamerica.txt,tonala_culture,chichimecah_religion
TPC,,mesoamerica.txt,tepecan_culture,chichimecah_religion
TEL,,mesoamerica.txt,caxcan_culture,chichimecah_religion
XOC,,mesoamerica.txt,caxcan_culture,chichimecah_religion
ZAC,,mesoamerica.txt,zacatecah_culture,chichimecah_religion
ZAI,,mesoamerica.txt,zacatecah_culture,chichimecah_religion
GAM,,mesoamerica.txt,guamar_culture,chichimecah_religion
SAU,,mesoamerica.txt,sauzas_culture,chichimecah_religion
GUX,,mesoamerica.txt,guachichil_culture,chichimecah_religion
IZT,,mesoamerica.txt,iztachichimecah_culture,chichimecah_religion
ATO,,mesoamerica.txt,iztachichimecah_culture,chichimecah_religion
TZC,,mesoamerica.txt,iztachichimecah_culture,chichimecah_religion
CLC,,mesoamerica.txt,nahua_culture,nahuatl
HUX,,mesoamerica.txt,nahua_culture,nahuatl
CUU,,mesoamerica.txt,nahua_culture,nahuatl
TCH,,mesoamerica.txt,chontal_culture,nahuatl
OZT,,mesoamerica.txt,nahua_culture,nahuatl
TMS,,mesoamerica.txt,nahua_culture,nahuatl
TCC,,mesoamerica.txt,nahua_culture,nahuatl
CTL,,mesoamerica.txt,nahua_culture,nahuatl
TLL,,mesoamerica.txt,cuitlatec_culture,nahuatl
ZOM,,mesoamerica.txt,nahua_culture,nahuatl
TLZ,,mesoamerica.txt,nahua_culture,nahuatl
UAU,,mesoamerica.txt,nahua_culture,nahuatl
YOH,,mesoamerica.txt,mixtec_culture,mesoamerican
TPT,,mesoamerica.txt,cuitlatec_culture,nahuatl
CIH,,mesoamerica.txt,cuitlatec_culture,nahuatl
ZCT,,mesoamerica.txt,tolimec_culture,nahuatl
AJC,,mesoamerica.txt,cuitlatec_culture,mesoamerican
TLP,,mesoamerica.txt,mephaa_culture,mesoamerican
AYO,,mesoamerica.txt,mephaa_culture,nahuatl
OMT,,mesoamerica.txt,amuzgo_culture,mesoamerican
CTC,,mesoamerica.txt,zoque_culture,nahuatl
CTZ,,mesoamerica.txt,nahua_culture,nahuatl
TPY,,mesoamerica.txt,nahua_culture,nahuatl
CTX,,mesoamerica.txt,nahua_culture,nahuatl
CLL,,mesoamerica.txt,nahua_culture,nahuatl
HJZ,,mesoamerica.txt,nahua_culture,nahuatl
XCH,,mesoamerica.txt,nahua_culture,nahuatl
IXT,,mesoamerica.txt,totonac_culture,mayan
TEE,,mesoamerica.txt,totonac_culture,mayan
ZAT,,mesoamerica.txt,otomanguean_culture,chichimecah_religion
TLQ,,mesoamerica.txt,totonac_culture,mayan
TCY,,mesoamerica.txt,totonac_culture,mayan
AHU,,mesoamerica.txt,huichol_culture,chichimecah_religion
GCH,,mesoamerica.txt,nahua_culture,nahuatl
ETZ,,mesoamerica.txt,nahua_culture,nahuatl
XCT,,mesoamerica.txt,huichol_culture,chichimecah_religion
AME,,mesoamerica.txt,nahua_culture,nahuatl
TNX,,mesoamerica.txt,nahua_culture,nahuatl
AML,,mesoamerica.txt,nahua_culture,nahuatl
CZL,,mesoamerica.txt,otomanguean_culture,chichimecah_religion
TMT,,mesoamerica.txt,otomanguean_culture,chichimecah_religion
MHC,,mesoamerica.txt,nahua_culture,nahuatl
XIH,,mesoamerica.txt,nahua_culture,nahuatl
ATL,,mesoamerica.txt,nahua_culture,nahuatl
CCL,,mesoamerica.txt,nahua_culture,nahuatl
HTZ,,mesoamerica.txt,nahua_culture,nahuatl
AZL,,mesoamerica.txt,naayeri_culture,chichimecah_religion
TZM,,mesoamerica.txt,purepecha_culture,mesoamerican
TLY,,mesoamerica.txt,nahua_culture,nahuatl
CAU,,mesoamerica.txt,nahua_culture,nahuatl
AMP,,mesoamerica.txt,otomanguean_culture,chichimecah_religion
SAY,,mesoamerica.txt,nahua_culture,nahuatl
PTP,,mesoamerica.txt,nahua_culture,nahuatl
XAP,,mesoamerica.txt,nahua_culture,nahuatl
CUO,,mesoamerica.txt,nahua_culture,nahuatl
XIC,,mesoamerica.txt,nahua_culture,nahuatl
TOH,,mesoamerica.txt,mixtec_culture,mesoamerican
TTA,,mesoamerica.txt,popoloca_culture,mesoamerican
PTL,,mesoamerica.txt,nahua_culture,nahuatl
CSM,,mesoamerica.txt,nahua_culture,nahuatl
OTA,,mesoamerica.txt,nahua_culture,nahuatl
TLT,,mesoamerica.txt,nahua_culture,nahuatl
TOZ,,mesoamerica.txt,nahua_culture,nahuatl
IZC,,mesoamerica.txt,zoque_culture,nahuatl
TSE,,mesoamerica.txt,zoque_culture,nahuatl
CCP,,mesoamerica.txt,zoque_culture,nahuatl
OZU,,mesoamerica.txt,mixtec_culture,mesoamerican
ATP,,mesoamerica.txt,mixe_culture,nahuatl
CPN,,mesoamerica.txt,popoloca_culture,mesoamerican
XCP,,mesoamerica.txt,popoloca_culture,mesoamerican
ATT,,mesoamerica.txt,mixe_culture,nahuatl
IXA,,mesoamerica.txt,tolimec_culture,nahuatl
CUZ,,mesoamerica.txt,purepecha_culture,mesoamerican
TLO,,mesoamerica.txt,nahua_culture,nahuatl
AMT,,mesoamerica.txt,nahua_culture,nahuatl
QLL,,mesoamerica.txt,nahua_culture,nahuatl
IZO,,mesoamerica.txt,nahua_culture,nahuatl
AXC,,mesoamerica.txt,nahua_culture,nahuatl
TPX,,mesoamerica.txt,popoloca_culture,mesoamerican
ZCZ,,mesoamerica.txt,nahua_culture,nahuatl
ITZ,,mesoamerica.txt,itza_culture,mayan
COC,,mesoamerica.txt,yucatec_culture,mayan
XIU,,mesoamerica.txt,yucatec_culture,mayan
CNL,,mesoamerica.txt,yucatec_culture,mayan
CKP,,mesoamerica.txt,putun_culture,mayan
HEL,,mesoamerica.txt,yucatec_culture,mayan
UAY,,mesoamerica.txt,yucatec_culture,mayan
MOP,,mesoamerica.txt,mopan_culture,mayan
CTM,,mesoamerica.txt,putun_culture,mayan
KOW,,mesoamerica.txt,kowoj_culture,mayan
YOK,,mesoamerica.txt,chontal_culture,mayan
XOL,,mesoamerica.txt,chol_culture,mayan
QEQ,,mesoamerica.txt,qeqchi_culture,mayan
KIC,,mesoamerica.txt,kiche_culture,mayan
CHT,,mesoamerica.txt,chorti_culture,mayan
LAC,,mesoamerica.txt,tzotzil_culture,mayan
KAQ,,mesoamerica.txt,kaqchikel_culture,mayan
MMM,,mesoamerica.txt,mam_culture,mayan
TOJ,,mesoamerica.txt,tojolabal_culture,mayan
TZE,,mesoamerica.txt,tzeltal_culture,mayan
TZU,,mesoamerica.txt,tzutujil_culture,mayan
QAN,,mesoamerica.txt,qanjobal_culture,mayan
TOQ,,mesoamerica.txt,toquegua_culture,mayan
DIT,,north_germany.txt,holsatian,catholic
HSA,,north_germany.txt,hanseatic,catholic
LUB,,north_germany.txt,holsatian,catholic
LBB,,north_germany.txt,holsatian,catholic
BRA,,north_germany.txt,brandenburgish,catholic
ALL,,north_germany.txt,saxon,catholic
MAG,,north_germany.txt,brandenburgish,catholic
THU,,north_germany.txt,saxon,catholic
BRE,,north_germany.txt,lower_saxon,catholic
BRM,,north_germany.txt,lower_saxon,catholic
MDN,,north_germany.txt,angrian,catholic
NSA,,north_germany.txt,rhine_franconian,catholic
NSH,,north_germany.txt,moselle_franconian,catholic
NSS,,north_germany.txt,moselle_franconian,catholic
NSD,,north_germany.txt,rhine_franconian,catholic
BRG,,north_germany.txt,ripuarian_franconian,catholic
KTZ,,north_germany.txt,rhine_franconian,catholic
MAI,,north_germany.txt,rhine_franconian,catholic
SAA,,north_germany.txt,rhine_franconian,catholic
STE,,north_germany.txt,markish,catholic
HPL,,north_germany.txt,holsatian,catholic
HTR,,north_germany.txt,holsatian,catholic
SLV,,north_germany.txt,holsatian,catholic
HNB,,north_germany.txt,east_franconian,catholic
SPY,,north_germany.txt,rhine_franconian,catholic
PLN,,north_germany.txt,east_franconian,catholic
MEI,,north_germany.txt,saxon,catholic
LDB,,north_germany.txt,saxon,catholic
GLA,,north_germany.txt,saxon,catholic
SOR,,north_germany.txt,sorbian,catholic
SPB,,north_germany.txt,german_silesian,catholic
SWB,,north_germany.txt,saxon,catholic
RUP,,north_germany.txt,markish,catholic
HVB,,north_germany.txt,markish,catholic
SWR,,north_germany.txt,western_pomeranian,catholic
WRN,,north_germany.txt,western_pomeranian,catholic
MKL,,north_germany.txt,western_pomeranian,catholic
RZB,,north_germany.txt,western_pomeranian,catholic
RST,,north_germany.txt,western_pomeranian,catholic
GSW,,north_germany.txt,western_pomeranian,catholic
WOL,,north_germany.txt,western_pomeranian,catholic
KMM,,north_germany.txt,eastern_pomeranian,catholic
NWG,,north_germany.txt,eastern_pomeranian,catholic
LAU,,north_germany.txt,lower_saxon,catholic
HAM,,north_germany.txt,lower_saxon,catholic
HBS,,north_germany.txt,eastphalian,catholic
BBG,,north_germany.txt,eastphalian,catholic
ANH,,north_germany.txt,saxon,catholic
BNB,,north_germany.txt,saxon,catholic
MFE,,north_germany.txt,saxon,catholic
MRB,,north_germany.txt,saxon,catholic
NMB,,north_germany.txt,saxon,catholic
QUB,,north_germany.txt,saxon,catholic
WMA,,north_germany.txt,saxon,catholic
SWZ,,north_germany.txt,saxon,catholic
FLD,,north_germany.txt,rhine_franconian,catholic
SHS,,north_germany.txt,saxon,catholic
NHS,,north_germany.txt,saxon,catholic
MLH,,north_germany.txt,saxon,catholic
ERF,,north_germany.txt,saxon,catholic
HSF,,north_germany.txt,rhine_franconian,catholic
HES,,north_germany.txt,rhine_franconian,catholic
PDB,,north_germany.txt,angrian,catholic
ZIG,,north_germany.txt,rhine_franconian,catholic
HNA,,north_germany.txt,rhine_franconian,catholic
BUD,,north_germany.txt,rhine_franconian,catholic
WTZ,,north_germany.txt,rhine_franconian,catholic
TRI,,north_germany.txt,moselle_franconian,catholic
DIE,,north_germany.txt,rhine_franconian,catholic
FRN,,north_germany.txt,rhine_franconian,catholic
ERB,,north_germany.txt,rhine_franconian,catholic
WRM,,north_germany.txt,rhine_franconian,catholic
SYE,,north_germany.txt,rhine_franconian,catholic
ZWE,,north_germany.txt,rhine_franconian,catholic
LNN,,north_germany.txt,rhine_franconian,catholic
SPO,,north_germany.txt,rhine_franconian,catholic
SYN,,north_germany.txt,moselle_franconian,catholic
KOL,,north_germany.txt,ripuarian_franconian,catholic
DUN,,north_germany.txt,moselle_franconian,catholic
APR,,north_germany.txt,moselle_franconian,catholic
AAC,,north_germany.txt,ripuarian_franconian,catholic
JUL,,north_germany.txt,ripuarian_franconian,catholic
GEL,,north_germany.txt,low_franconian,catholic
ZUT,,north_germany.txt,low_franconian,catholic
GMK,,north_germany.txt,westphalian,catholic
WTG,,north_germany.txt,rhine_franconian,catholic
DTM,,north_germany.txt,westphalian,catholic
ESS,,north_germany.txt,low_franconian,catholic
MRS,,north_germany.txt,low_franconian,catholic
KLE,,north_germany.txt,low_franconian,catholic
ANB,,north_germany.txt,angrian,catholic
LPP,,north_germany.txt,angrian,catholic
HOX,,north_germany.txt,angrian,catholic
RVB,,north_germany.txt,angrian,catholic
OSN,,north_germany.txt,westphalian,catholic
TCK,,north_germany.txt,westphalian,catholic
MUN,,north_germany.txt,westphalian,catholic
LUN,,north_germany.txt,lower_saxon,catholic
BRU,,north_germany.txt,eastphalian,catholic
GBH,,north_germany.txt,angrian,catholic
HDH,,north_germany.txt,eastphalian,catholic
GOS,,north_germany.txt,eastphalian,catholic
SCB,,north_germany.txt,angrian,catholic
HOY,,north_germany.txt,lower_saxon,catholic
NIE,,north_germany.txt,lower_saxon,catholic
DPH,,north_germany.txt,lower_saxon,catholic
VRD,,north_germany.txt,lower_saxon,catholic
RTB,,north_germany.txt,lower_saxon,catholic
OLD,,north_germany.txt,lower_saxon,catholic
BMS,,north_germany.txt,saxon,catholic
BLB,,north_germany.txt,markish,catholic
BBD,,north_germany.txt,brandenburgish,catholic
HSP,,north_germany.txt,holsatian,catholic
BSK,,north_germany.txt,brandenburgish,catholic
WGO,,north_germany.txt,eastphalian,catholic
BHL,,north_germany.txt,saxon,catholic
GLN,,north_germany.txt,saxon,catholic
WDE,,north_germany.txt,rhine_franconian,catholic
RBG,,north_germany.txt,angrian,catholic
NSW,,north_germany.txt,rhine_franconian,catholic
NSI,,north_germany.txt,rhine_franconian,catholic
RDL,,north_germany.txt,rhine_franconian,catholic
NID,,north_germany.txt,rhine_franconian,catholic
EVS,,north_germany.txt,angrian,catholic
JEV,,north_germany.txt,frisian,catholic
WIE,,north_germany.txt,moselle_franconian,catholic
CHB,Chobanids,persia.txt,mongolian_culture,shia
MZF,Muzaffarids,persia.txt,farsi_culture,sunni
KRM,Kerman,persia.txt,farsi_culture,sunni
INJ,Injuids,persia.txt,farsi_culture,sunni
KHU,Khunj,persia.txt,farsi_culture,sunni
KRT,Kartids,persia.txt,khorasani_culture,sunni
SRB,Sarbadars,persia.txt,khorasani_culture,shia
GRG,Gurgan  (Togha Temur),persia.txt,mongolian_culture,sunni
MIH,Mihrabanids,persia.txt,farsi_culture,sunni
KHN,Kharan,persia.txt,baloch_culture,sunni
SHB,Shabankara,persia.txt,farsi_culture,sunni
JUR,Jurmanids,persia.txt,mongolian_culture,tengri
UGH,Ughanids,persia.txt,mongolian_culture,tengri
HZP,Hazaraspids,persia.txt,lur_culture,sunni
ORM,Ormus,persia.txt,farsi_culture,sunni
FAL,Fal,persia.txt,farsi_culture,sunni
JSK,Jask,persia.txt,farsi_culture,sunni
MZN,Tabaristan,persia.txt,mazanderani_culture,shia
BDS,Baduspanids,persia.txt,mazanderani_culture,shia
MKR,Makran,persia.txt,baloch_culture,sunni
BMP,Bampur,persia.txt,baloch_culture,sunni
BLA,Buleda,persia.txt,baloch_culture,sunni
KLW,Kolwa,persia.txt,baloch_culture,sunni
KHZ,Khuzdar,persia.txt,sindhi,sunni
KLA,Kalat,persia.txt,brahui_culture,sunni
LCK,Khorshidi,persia.txt,lur_culture,shia
LST,Larestan,persia.txt,achomi_culture,sunni
ERA,Sasanian Empire / Eranshahr,persia.txt,farsi_culture,zoroastrian
HDN,Hamadan,persia.txt,farsi_culture,sunni
QOM,Qom,persia.txt,farsi_culture,sunni
KSA,Kashan,persia.txt,farsi_culture,sunni
ASR,Astarabad,persia.txt,mazanderani_culture,shia
JKR,Jauni Kurban,persia.txt,oirat_culture,sunni
SFR,Esfarayen,persia.txt,khorasani_culture,sunni
SBZ,Sabzevar,persia.txt,khorasani_culture,sunni
KHT,Kuhistan,persia.txt,khorasani_culture,sunni
MRV,Merv,persia.txt,tajik_culture,sunni
KHF,Khaf,persia.txt,farsi_culture,sunni
HLG,Huleguids,persia.txt,mongolian_culture,sunni
NGD,Neguderi,persia.txt,mongolian_culture,sunni
QUN,Qara'unas,persia.txt,mongolian_culture,sunni
BSD,Besüd,persia.txt,mongolian_culture,sunni
ART,Arlat,persia.txt,mongolian_culture,sunni
APD,Apardi,persia.txt,mongolian_culture,sunni
SLD,Suldus,persia.txt,mongolian_culture,sunni
BRL,Barlas,persia.txt,mongolian_culture,sunni
YSU,Yasa'uri,persia.txt,mongolian_culture,sunni
KTT,Khuttal,persia.txt,mongolian_culture,sunni
JLY,Jalayirs,persia.txt,mongolian_culture,sunni
LHJ,Lahijan,persia.txt,gilak_culture,sunni
RNK,Ranekouh,persia.txt,gilak_culture,sunni
FMN,Fuman,persia.txt,gilak_culture,sunni
RSH,Rasht,persia.txt,gilak_culture,sunni
TLM,Tulam,persia.txt,gilak_culture,shia
ABL,Ardabil,persia.txt,farsi_culture,shia
POL,,poland.txt,lesser_polish,catholic
SDZ,,poland.txt,lesser_polish,catholic
LCZ,,poland.txt,lesser_polish,catholic
PLK,,poland.txt,mazovian,catholic
RAW,,poland.txt,mazovian,catholic
CZK,,poland.txt,mazovian,catholic
INO,,poland.txt,greater_polish,catholic
VOL,,poland.txt,volhynian_culture,orthodox
HAL,,poland.txt,halychian_culture,orthodox
KIE,,poland.txt,ruthenian,orthodox
POK,,poland.txt,polatskian_culture,orthodox
TUV,,poland.txt,polesian_culture,orthodox
PNK,,poland.txt,polesian_culture,orthodox
SSK,,poland.txt,polesian_culture,orthodox
VBK,,poland.txt,polatskian_culture,orthodox
MSV,,poland.txt,smolenskian_culture,orthodox
MIS,,poland.txt,polatskian_culture,orthodox
NRK,,poland.txt,polesian_culture,orthodox
DRU,,poland.txt,polatskian_culture,orthodox
ZAZ,,poland.txt,cossack_culture,orthodox
ZAG,,poland.txt,silesian,catholic
JAW,,poland.txt,silesian,catholic
LGC,,poland.txt,silesian,catholic
OEL,,poland.txt,silesian,catholic
OPL,,poland.txt,silesian,catholic
PDK,,poland.txt,silesian,catholic
OSW,,poland.txt,silesian,catholic
TES,,poland.txt,silesian,catholic
BYM,,poland.txt,silesian,catholic
RCB,,poland.txt,silesian,catholic
SWD,,poland.txt,silesian,catholic
SCI,,poland.txt,silesian,catholic
ZIE,,poland.txt,silesian,catholic
BRZ,,poland.txt,silesian,catholic
NMS,,poland.txt,silesian,catholic
STZ,,poland.txt,silesian,catholic
NMD,,poland.txt,silesian,catholic
SIZ,,poland.txt,silesian,catholic
WRC,,poland.txt,german_silesian,catholic
GLO,,poland.txt,silesian,catholic
NYS,,poland.txt,silesian,catholic
OPV,,poland.txt,silesian,catholic
WAI,,polynesia.txt,maori_culture,tapu_religion
NPO,,polynesia.txt,maori_culture,tapu_religion
NKH,,polynesia.txt,maori_culture,tapu_religion
NTH,,polynesia.txt,maori_culture,tapu_religion
NGI,,polynesia.txt,maori_culture,tapu_religion
RAP,,polynesia.txt,maori_culture,tapu_religion
NGR,,polynesia.txt,maori_culture,tapu_religion
HWE,,polynesia.txt,maori_culture,tapu_religion
TNI,,polynesia.txt,maori_culture,tapu_religion
ARW,,polynesia.txt,maori_culture,tapu_religion
PUH,,polynesia.txt,maori_culture,tapu_religion
RGT,,polynesia.txt,maori_culture,tapu_religion
AWA,,polynesia.txt,maori_culture,tapu_religion
RUA,,polynesia.txt,maori_culture,tapu_religion
HAW,,polynesia.txt,kanaka_maoli_culture,tapu_religion
MUI,,polynesia.txt,kanaka_maoli_culture,tapu_religion
LHN,,polynesia.txt,kanaka_maoli_culture,tapu_religion
MLK,,polynesia.txt,kanaka_maoli_culture,tapu_religion
OAH,,polynesia.txt,kanaka_maoli_culture,tapu_religion
KAU,,polynesia.txt,kanaka_maoli_culture,tapu_religion
TOG,,polynesia.txt,tonga_oceania_culture,tapu_religion
YAP,,polynesia.txt,yap_culture,yanolop_religion
SAM,,polynesia.txt,tagata_samoa_culture,tapu_religion
BUB,,polynesia.txt,itaukei_culture,itaukei_religion
KBN,,polynesia.txt,itaukei_culture,itaukei_religion
TOV,,polynesia.txt,itaukei_culture,itaukei_religion
NOV,,russia.txt,novgorodian,orthodox
PSK,,russia.txt,novgorodian,orthodox
ORE,,russia.txt,novgorodian,orthodox
SMO,,russia.txt,smolenskian_culture,orthodox
FMB,,russia.txt,smolenskian_culture,orthodox
MOS,,russia.txt,muscovite,orthodox
PZL,,russia.txt,muscovite,orthodox
KLM,,russia.txt,muscovite,orthodox
VLR,,russia.txt,muscovite,orthodox
UGL,,russia.txt,muscovite,orthodox
YRV,,russia.txt,muscovite,orthodox
TPS,,russia.txt,novgorodian,orthodox
BLO,,russia.txt,novgorodian,orthodox
YAR,,russia.txt,muscovite,orthodox
RSO,,russia.txt,muscovite,orthodox
TVE,,russia.txt,muscovite,orthodox
KAS,,russia.txt,muscovite,orthodox
KLN,,russia.txt,muscovite,orthodox
ZUB,,russia.txt,muscovite,orthodox
DMI,,russia.txt,muscovite,orthodox
GLM,,russia.txt,muscovite,orthodox
RZH,,russia.txt,muscovite,orthodox
VYA,,russia.txt,smolenskian_culture,orthodox
TRB,,russia.txt,severian,orthodox
BRY,,russia.txt,smolenskian_culture,orthodox
CHR,,russia.txt,severian,orthodox
STS,,russia.txt,severian,orthodox
NVS,,russia.txt,severian,orthodox
RYL,,russia.txt,severian,orthodox
NSL,,russia.txt,smolenskian_culture,orthodox
KCH,,russia.txt,smolenskian_culture,orthodox
KZK,,russia.txt,smolenskian_culture,orthodox
TRS,,russia.txt,muscovite,orthodox
RYA,,russia.txt,ryazanian,orthodox
PRK,,russia.txt,ryazanian,orthodox
SKY,,russia.txt,muscovite,orthodox
NZH,,russia.txt,muscovite,orthodox
GRS,,russia.txt,muscovite,orthodox
SZL,,russia.txt,muscovite,orthodox
MRM,,russia.txt,muscovite,orthodox
KOS,,russia.txt,muscovite,orthodox
MOG,,russia.txt,muscovite,orthodox
PRM,,russia.txt,komi,komi_paganism
VYT,,russia.txt,novgorodian,orthodox
OBD,,siberia.txt,nenets_culture,samoyedic_paganism
PLY,,siberia.txt,mansi_culture,obian_paganism
BAK,,siberia.txt,khanty_culture,obian_paganism
KND,,siberia.txt,khanty_culture,obian_paganism
BGJ,,siberia.txt,khanty_culture,obian_paganism
KOD,,siberia.txt,khanty_culture,obian_paganism
SVA,,siberia.txt,khanty_culture,obian_paganism
KZY,,siberia.txt,khanty_culture,obian_paganism
LYA,,siberia.txt,nenets_culture,samoyedic_paganism
TBY,,siberia.txt,mansi_culture,obian_paganism
SLK,,siberia.txt,selkup_culture,samoyedic_paganism
BRT,,siberia.txt,buryat_culture,tengri
HGO,,siberia.txt,khakas_culture,tengri
ALT,,siberia.txt,telengit_culture,tengri
KMG,,siberia.txt,khamag_culture,tengri
SAK,,siberia.txt,sakha_culture,tengri
EVE,,siberia.txt,evesel_culture,tungusic_shamanism
YKG,,siberia.txt,kolyms_culture,yukaghir_shamanism
KYK,,siberia.txt,koryak_culture,chukchi_shamanism
XHO,,south_africa.txt,xhosa_culture,bantu_religion
NGU,,south_africa.txt,nguni_culture,bantu_religion
TWA,,south_africa.txt,tswana_culture,badimo_religion
SOT,,south_africa.txt,sotho_culture,badimo_religion
VED,,south_africa.txt,venda_culture,bantu_religion
KLG,,south_africa.txt,kalanga_culture,bantu_religion
KHM,Khmer,south_east_asia.txt,khmer_culture,theravada
CHA,Champa,south_east_asia.txt,cham_culture,hindu
DAI,Dai Viet,south_east_asia.txt,vietnamese_culture,mahayana
SUK,Sukhothai,south_east_asia.txt,thai_culture,theravada
LNA,Lan Na,south_east_asia.txt,khon_muang_culture,theravada
LAV,Lavo,south_east_asia.txt,thai_culture,theravada
ADH,Ayodhya,south_east_asia.txt,thai_culture,theravada
PEG,Pegu / Hanthawaddy,south_east_asia.txt,mon_culture,theravada
SNG,Singapura,south_east_asia.txt,malay_culture,hindu
LIG,Ligor,south_east_asia.txt,dambro_culture,theravada
LGK,Langkasuka,south_east_asia.txt,malay_culture,hindu
KED,Kedah,south_east_asia.txt,malay_culture,sunni
PAH,Pahang,south_east_asia.txt,malay_culture,mahayana
SPN,Suphanburi,south_east_asia.txt,thai_culture,theravada
ARK,Arakan / Launggyet,south_east_asia.txt,rakhine_culture,theravada
PIN,Pinya,south_east_asia.txt,burmese_culture,theravada
SAG,Sagaing,south_east_asia.txt,burmese_culture,theravada
TNG,Toungoo,south_east_asia.txt,burmese_culture,theravada
BPR,Prome,south_east_asia.txt,burmese_culture,theravada
PHY,Phayao,south_east_asia.txt,khon_muang_culture,theravada
PUA,Pua (Nan),south_east_asia.txt,khon_muang_culture,theravada
MUA,Muang Sua,south_east_asia.txt,lao_culture,mahayana
VTN,Vientiane,south_east_asia.txt,lao_culture,mahayana
CBK,Nguu Hong (Cobra Kingdom),south_east_asia.txt,dai_culture,satsana_phi
MYA,Mongyang,south_east_asia.txt,tai_nua_culture,satsana_phi
MKA,Mongkawng,south_east_asia.txt,tai_nua_culture,satsana_phi
HKM,Hkamti,south_east_asia.txt,tai_nua_culture,satsana_phi
MKN,Mong Kong,south_east_asia.txt,tai_nua_culture,satsana_phi
HHP,Hsawng Hsup,south_east_asia.txt,tai_nua_culture,satsana_phi
HSE,Hsenwi,south_east_asia.txt,tai_nua_culture,satsana_phi
HSI,Hsipaw,south_east_asia.txt,tai_long_culture,satsana_phi
MNI,Mongnai,south_east_asia.txt,tai_long_culture,satsana_phi
MGT,Mongmit,south_east_asia.txt,tai_nua_culture,satsana_phi
KAL,Kale,south_east_asia.txt,tai_nua_culture,satsana_phi
WNT,Wuntho,south_east_asia.txt,tai_nua_culture,satsana_phi
BHM,Bhamo,south_east_asia.txt,tai_nua_culture,satsana_phi
KTG,Kengtung,south_east_asia.txt,tai_lu_culture,satsana_phi
MLM,Mong Lem,south_east_asia.txt,tai_nua_culture,satsana_phi
WAS,Wa,south_east_asia.txt,wa_culture,wa_religion
JGP,Jingpo / Jinghpaw / Kachin,south_east_asia.txt,jingpo_culture,jingpo_religion
KRN,Karen,south_east_asia.txt,karen_culture,karen_religion
MUO,Muong,south_east_asia.txt,muong_culture,muong_religion
ASL,Orang Asli,south_east_asia.txt,orang_asli_culture,orang_asli_religion
ZOO,Zo,south_east_asia.txt,zo_culture,mizo_religion
ZHU,Zhuang,south_east_asia.txt,zhuang_culture,moism
MLB,Kangleipak (Manipur),south_east_asia.txt,meitei_culture,sanamahism
BES,Beruas,south_east_asia.txt,malay_culture,hindu
MNJ,Manjung,south_east_asia.txt,malay_culture,hindu
PTC,Petchaburi,south_east_asia.txt,thai_culture,theravada
TSM,Tenasserim,south_east_asia.txt,mon_culture,theravada
DEG,Degar,south_east_asia.txt,degar_culture,degar_religion
BHN,Bahnar,south_east_asia.txt,bahnar_culture,bahnar_religion
SED,Bahnar,south_east_asia.txt,sedang_culture,sedang_religion
BVK,Bru,south_east_asia.txt,bru_culture,bru_religion
KUY,Kuy,south_east_asia.txt,kuy_culture,satsana_phi
KMU,Khmu,south_east_asia.txt,khmu_culture,satsana_phi
NAA,Naga,south_east_asia.txt,naga_culture,naga_religion
HAB,,south_germany.txt,danube_bavarian,catholic
BOH,,south_germany.txt,czech,catholic
MVA,,south_germany.txt,moravian,catholic
PSS,,south_germany.txt,danube_bavarian,catholic
AUG,,south_germany.txt,swabian,catholic
AGC,,south_germany.txt,swabian,catholic
UBV,,south_germany.txt,danube_bavarian,catholic
LBV,,south_germany.txt,danube_bavarian,catholic
SLZ,,south_germany.txt,danube_bavarian,catholic
BAM,,south_germany.txt,east_franconian,catholic
STY,,south_germany.txt,southern_bavarian,catholic
CRH,,south_germany.txt,southern_bavarian,catholic
TIR,,south_germany.txt,southern_bavarian,catholic
WER,,south_germany.txt,high_alemannic,catholic
MBZ,,south_germany.txt,high_alemannic,catholic
MFK,,south_germany.txt,high_alemannic,catholic
BCH,,south_germany.txt,high_alemannic,catholic
STG,,south_germany.txt,high_alemannic,catholic
ZUR,,south_germany.txt,high_alemannic,catholic
SYZ,,south_germany.txt,high_alemannic,catholic
GLR,,south_germany.txt,high_alemannic,catholic
URI,,south_germany.txt,high_alemannic,catholic
OBW,,south_germany.txt,high_alemannic,catholic
LCU,,south_germany.txt,high_alemannic,catholic
SIT,,south_germany.txt,arpitan,catholic
SWI,,south_germany.txt,high_alemannic,catholic
BRN,,south_germany.txt,high_alemannic,catholic
SLT,,south_germany.txt,high_alemannic,catholic
NEU,,south_germany.txt,franc_comtois,catholic
BAS,,south_germany.txt,high_alemannic,catholic
LSA,,south_germany.txt,arpitan,catholic
KYB,,south_germany.txt,high_alemannic,catholic
TRN,,south_germany.txt,high_alemannic,catholic
BRC,,south_germany.txt,danube_bavarian,catholic
GRF,,south_germany.txt,danube_bavarian,catholic
PAL,,south_germany.txt,rhine_franconian,catholic
REG,,south_germany.txt,upper_palatine,catholic
ANS,,south_germany.txt,east_franconian,catholic
FRE,,south_germany.txt,danube_bavarian,catholic
EIC,,south_germany.txt,upper_palatine,catholic
WEI,,south_germany.txt,upper_palatine,catholic
NUR,,south_germany.txt,east_franconian,catholic
WBG,,south_germany.txt,east_franconian,catholic
RIE,,south_germany.txt,east_franconian,catholic
MSB,,south_germany.txt,east_franconian,catholic
UFF,,south_germany.txt,east_franconian,catholic
ROT,,south_germany.txt,east_franconian,catholic
DNB,,south_germany.txt,east_franconian,catholic
MEM,,south_germany.txt,swabian,catholic
KMP,,south_germany.txt,swabian,catholic
ULM,,south_germany.txt,swabian,catholic
KNZ,,south_germany.txt,high_alemannic,catholic
WUR,,south_germany.txt,swabian,catholic
OET,,south_germany.txt,swabian,catholic
SWH,,south_germany.txt,east_franconian,catholic
HBR,,south_germany.txt,rhine_franconian,catholic
BDE,,south_germany.txt,rhine_franconian,catholic
WDB,,south_germany.txt,high_alemannic,catholic
RVA,,south_germany.txt,high_alemannic,catholic
BIB,,south_germany.txt,swabian,catholic
UBL,,south_germany.txt,high_alemannic,catholic
HHB,,south_germany.txt,swabian,catholic
FBG,,south_germany.txt,rhine_alemannic,catholic
OFB,,south_germany.txt,rhine_alemannic,catholic
WLD,,south_germany.txt,upper_palatine,catholic
OGK,old german kingdom for Ruler History,south_germany.txt,lower_saxon,catholic
ORT,,south_germany.txt,southern_bavarian,catholic
BXN,,south_germany.txt,southern_bavarian,catholic
VUD,Vaud,south_germany.txt,arpitan,catholic
SGL,,south_germany.txt,romansh,catholic
AOS,,south_germany.txt,arpitan,catholic
FLK,,south_germany.txt,rhine_franconian,catholic
MDS,,south_germany.txt,ripuarian_franconian,catholic
LDA,,south_germany.txt,rhine_franconian,catholic
VEL,,south_germany.txt,rhine_franconian,catholic
GRY,,south_germany.txt,arpitan,catholic
TGG,,south_germany.txt,high_alemannic,catholic
PSZ,,south_germany.txt,rhine_franconian,catholic
HLE,,south_germany.txt,high_alemannic,catholic
SFC,,south_germany.txt,rhine_alemannic,catholic
CFC,,south_germany.txt,rhine_alemannic,catholic
MUR,,south_germany.txt,rhine_alemannic,catholic
HAG,,south_germany.txt,rhine_alemannic,catholic
MUL,,south_germany.txt,rhine_alemannic,catholic
LIC,,south_germany.txt,rhine_alemannic,catholic
BLM,,south_germany.txt,romansh,catholic
DIS,,south_germany.txt,romansh,catholic
FUR,,south_germany.txt,swabian,catholic
GRK,,south_germany.txt,southern_bavarian,catholic
HAC,,south_germany.txt,rhine_alemannic,catholic
SAW,,south_germany.txt,rhine_franconian,catholic
SAB,,south_germany.txt,high_alemannic,catholic
THD,,south_germany.txt,east_franconian,catholic
ELL,,south_germany.txt,swabian,catholic
HEH,,south_germany.txt,swabian,catholic
HLF,,south_germany.txt,swabian,catholic
HOH,,south_germany.txt,swabian,catholic
KIR,,south_germany.txt,swabian,catholic
NEL,,south_germany.txt,swabian,catholic
TUB,,south_germany.txt,swabian,catholic
LEU,,south_germany.txt,upper_palatine,catholic
TNT,Trento,south_germany.txt,southern_bavarian,catholic
GLH,,steppes.txt,mongolian_culture,sunni
CRI,,steppes.txt,crimean,sunni
NOG,,steppes.txt,nogai,sunni
ATR,,steppes.txt,astrakhani,sunni
FEO,,steppes.txt,pontic_greek_culture,orthodox
BSH,,steppes.txt,bashkir,sunni
MGE,,steppes.txt,mongolian_culture,tengri
GAZ,,steppes.txt,ligurian,catholic
JOL,,west_africa.txt,wolof,geno_religion
FUL,,west_africa.txt,fulbe,geno_religion
MPR,,west_africa.txt,mamprusi,naa_wuni_religion
DGB,,west_africa.txt,dagbani,buyli_religion
KNG,,west_africa.txt,dyula,nyama_religion
BON,,west_africa.txt,akan,akan_religion
GYA,,west_africa.txt,akan,akan_religion
MNK,,west_africa.txt,akan,akan_religion
ZZZ,,west_africa.txt,hausa,sunni
NUP,,west_africa.txt,nupe,isese_religion
BEN,,west_africa.txt,edo,isese_religion
OYO,,west_africa.txt,yoruba,isese_religion
IFE,,west_africa.txt,yoruba,isese_religion
OWO,,west_africa.txt,yoruba,isese_religion
IJB,,west_africa.txt,yoruba,isese_religion
ISO,,west_africa.txt,yoruba,isese_religion
IYA,,west_africa.txt,yoruba,isese_religion
OKE,,west_africa.txt,yoruba,isese_religion
IJE,,west_africa.txt,yoruba,isese_religion
ADO,,west_africa.txt,yoruba,isese_religion
IJS,,west_africa.txt,yoruba,isese_religion
AKR,,west_africa.txt,yoruba,isese_religion
OND,,west_africa.txt,yoruba,isese_religion
AWO,,west_africa.txt,yoruba,isese_religion
KET,,west_africa.txt,yoruba,isese_religion
NRI,,west_africa.txt,igbo,odinala_religion
BMR,,west_africa.txt,bambara,sunni
KBR,,west_africa.txt,bambara,sunni
ZGH,,west_africa.txt,bambara,sunni
BBK,,west_africa.txt,soninke,sunni
DFN,,west_africa.txt,soninke,sunni
GHA,,west_africa.txt,soninke,sunni
KAB,,west_africa.txt,balanta,nhaala_religion
MAL,,west_africa.txt,mandinka,sunni
SGH,,west_africa.txt,godala_culture,sunni
TKR,,west_africa.txt,fulbe,sunni
TMK,,west_africa.txt,tuareg,sunni
TMB,,west_africa.txt,tuareg,sunni
TRG,,west_africa.txt,tuareg,sunni
SON,,west_africa.txt,songhai,sunni
TFK,,west_africa.txt,songhai,sunni
BOR,,west_africa.txt,bariba,isese_religion
OUA,,west_africa.txt,mossi,rogo_miki_religion
GWI,,west_africa.txt,mossi,rogo_miki_religion
LIP,,west_africa.txt,mossi,rogo_miki_religion
YAT,,west_africa.txt,mossi,rogo_miki_religion
TEN,,west_africa.txt,mossi,rogo_miki_religion
BSM,,west_africa.txt,mossi,rogo_miki_religion
GUR,,west_africa.txt,gurma,rogo_miki_religion
KAN,,west_africa.txt,hausa,sunni
KTS,,west_africa.txt,hausa,sunni
ZAM,,west_africa.txt,hausa,sunni
KEB,,west_africa.txt,hausa,sunni
RAN,,west_africa.txt,hausa,sunni
GOB,,west_africa.txt,hausa,sunni
DAA,,west_africa.txt,hausa,sunni
KBO,,west_africa.txt,kanembu_culture,sunni
YAO,,west_africa.txt,bilala_culture,sunni
KOT,,west_africa.txt,sao_culture,sao_religion
BGI,,west_africa.txt,baguirmi_culture,sao_religion
MDR,,west_africa.txt,mandara_culture,sao_religion
ZGW,,west_africa.txt,zaghawa_culture,karama_religion
WAD,,west_africa.txt,maba_africa_culture,sunni
DAH,,west_africa.txt,fon,vodun_religion
KLP,,westcoast.txt,kalapuyan_culture,pomo_shamanism
CNK,,westcoast.txt,chinook_culture,pomo_shamanism
TSA,,westcoast.txt,chehalis_culture,salishan_totemism
MKH,,westcoast.txt,makah_culture,salishan_totemism
SKL,,westcoast.txt,sklallam_culture,salishan_totemism
TWN,,westcoast.txt,twana_culture,salishan_totemism
LHT,,westcoast.txt,lushootseed_culture,salishan_totemism
LHQ,,westcoast.txt,lummi_culture,salishan_totemism
HLM,,westcoast.txt,halkomelem_culture,salishan_totemism
SQH,,westcoast.txt,squamish_culture,salishan_totemism
KMK,,westcoast.txt,k_omoks_culture,salishan_totemism
NOO,,westcoast.txt,nootka_culture,salishan_totemism
KWA,,westcoast.txt,kwakiutl_culture,salishan_totemism
OOW,,westcoast.txt,oowekyala_culture,salishan_totemism
NUX,,westcoast.txt,nuxalc_culture,salishan_totemism
HLK,,westcoast.txt,heiltsuk_culture,salishan_totemism
HLA,,westcoast.txt,haisla_culture,salishan_totemism
TMH,,westcoast.txt,tsimshian_culture,dene_totemism
XDA,,westcoast.txt,haida_culture,dene_totemism
TLG,,westcoast.txt,tlingit_culture,dene_totemism
